{"type": "scs+c", "calc_mask": [["ndi", {"band_1": 850, "band_2": 660, "min": 0.1, "max": 1.0}], ["ancillary", {"name": "slope", "min": 0.08726646259971647, "max": "+inf"}], ["ancillary", {"name": "cosine_i", "min": 0.12, "max": "+inf"}], ["cloud", {"method": "zhai_2018", "cloud": true, "shadow": false, "T1": 2.5, "t2": 0.5, "t3": 0.3333333333333333, "t4": 0.6666666666666666, "T7": 15, "T8": 15}], ["cloud", {"method": "zhai_2018", "cloud": false, "shadow": true, "T1": 2.5, "t2": 0.5, "t3": 0.3333333333333333, "t4": 0.6666666666666666, "T7": 15, "T8": 15}]], "apply_mask": [["ndi", {"band_1": 850, "band_2": 660, "min": 0.1, "max": 1.0}], ["ancillary", {"name": "slope", "min": 0.08726646259971647, "max": "+inf"}], ["ancillary", {"name": "cosine_i", "min": 0.12, "max": "+inf"}]], "c_fit_type": "nnls", "coeffs": {"4": 1.3569077580030384, "5": 1.390162438949073, "6": 1.5535972864869931, "7": 1.621842352002556, "8": 1.7341846169918929, "9": 1.786997903989788, "10": 1.8428659473239517, "11": 1.8237248470325131, "12": 1.8171591742491464, "13": 1.7930801450141112, "14": 1.7686834717494464, "15": 1.754505164348134, "16": 1.734356851101318, "17": 1.692229807797055, "18": 1.686874738631655, "19": 1.6563745529074567, "20": 1.6393853457127825, "21": 1.5846410637760222, "22": 1.5553944923465015, "23": 1.550980429066551, "24": 1.6062702419916886, "25": 1.7247403947410465, "26": 2.0082889578141225, "27": 2.4824535216572032, "28": 3.154775869434733, "29": 3.99806463938086, "30": 4.745726032736757, "31": 5.0925444004967435, "32": 4.91764690526979, "33": 4.528504535674445, "34": 4.146732334982305, "35": 3.5190333092535084, "36": 2.8440616471539615, "37": 2.2010864625499966, "38": 1.7174624916202572, "39": 1.390871410832404, "40": 1.187132323295641, "41": 1.0186295275031967, "42": 0.8887289023680683, "43": 0.8405794340330729, "44": 0.8072091458922226, "45": 0.7525494277305096, "46": 0.684586304524485, "47": 0.6233816694128597, "48": 0.5774598403640928, "49": 0.5452295949285997, "50": 0.5320586143036766, "51": 0.5080242168756522, "52": 0.45895463635836425, "53": 0.39089726720317514, "54": 0.34795306182435165, "55": 0.3150403780905107, "56": 0.27758634327687987, "57": 0.23542978929251848, "58": 0.20666136152509804, "59": 0.18192901549392265, "60": 0.21612296484656876, "61": 0.24933612520901427, "62": 0.3854383490012493, "63": 0.6863625755063536, "64": 1.1865174647561976, "65": 1.98526888995955, "66": 3.202599433261601, "67": 4.203462180484821, "68": 6.8990776578918505, "69": 11.688939684288625, "70": 37.57446548505973, "71": 100000.0, "72": 100000.0, "73": 100000.0, "74": 100000.0, "75": 100000.0, "76": 45.48928441859103, "77": 100000.0, "78": 100000.0, "79": 100000.0, "80": 100000.0, "81": 100000.0, "82": 100000.0, "83": 100000.0, "84": 100000.0, "85": 100000.0, "86": 205.898623748124, "87": 36.70858495164646, "88": 50.598066275454336, "89": 83.38533070947838, "90": 472.4316383350162, "91": 100000.0, "92": 100000.0, "93": 100000.0, "94": 100000.0, "95": 100000.0, "96": 100000.0, "97": 100000.0, "98": 100000.0, "99": 100000.0, "100": 100000.0, "101": 100000.0, "102": 100000.0, "103": 38.23038538092142, "104": 36.175221049921554, "105": 31.535480661089327, "106": 22.001372025504107, "107": 24.76409991030447, "108": 41.010632268950836, "109": 15.70667605430545, "110": 6.0648667754364265, "111": 5.172281032328509, "112": 5.96065618374817, "113": 6.109652927074682, "114": 6.823111779626187, "115": 7.82561526348565, "116": 9.426748765738418, "117": 14.782652024200333, "118": 18.86528289106668, "119": 19.029988840488183, "120": 29.68352638017221, "121": 57.1811439436778, "122": 107.47971214182733, "123": 172.04535427098403, "124": 178.93002389969504, "125": 221.0163574368742, "126": 437.0093246459664, "127": 100000.0, "128": 100000.0, "129": 100000.0, "130": 100000.0, "131": 100000.0, "132": 100000.0, "133": 100000.0, "134": 100000.0, "135": 100000.0, "136": 100000.0, "137": 100000.0, "138": 100000.0, "139": 100000.0, "140": 100000.0, "141": 100000.0, "142": 100000.0, "143": 104.87190567556141, "144": 39.22087461389172, "145": 25.85044240352659, "146": 13.311810388407077, "147": 6.793202673701118, "148": 4.6169797268636525, "149": 4.195582860333321, "150": 5.306324291438195, "151": 7.453087082121727, "152": 6.205255058820279, "153": 6.164793278147721, "154": 7.694524248983769, "155": 11.572509914232652, "156": 16.84713589525827, "157": 21.94672890945914, "158": 25.876981358115025, "159": 25.4937376824973, "160": 23.29200184822347, "161": 24.83615361793089, "162": 33.001541068116055, "163": 29.49548009682031, "164": 30.58142325723647, "165": 41.650067442418454, "166": 45.842999634758044, "167": 114.27402963759187, "168": 678.325047703173, "169": 100000.0, "170": 100000.0, "171": 100000.0, "172": 100000.0, "173": 100000.0, "174": 100000.0, "175": 100000.0, "176": 100000.0, "177": 100000.0, "178": 100000.0, "179": 100000.0, "180": 100000.0, "181": 100000.0, "182": 100000.0, "183": 100000.0, "184": 100000.0, "185": 100000.0, "186": 100000.0, "187": 100000.0, "188": 123.17635879461265, "189": 23.517802396076917, "190": 14.142486555595005, "210": 0.2223339712285447, "211": 0.1853594018753844, "212": 0.2555253709175379, "213": 0.39151216227289465, "214": 0.43033291027311166, "215": 0.46826703830473954, "216": 0.4517165493212444, "217": 0.38161167886989883, "218": 0.4940589701358967, "219": 0.520579780277965, "220": 0.6017071277812558, "221": 0.729411658701179, "222": 0.8452199370210309, "223": 0.9805432782121262, "224": 1.0721095065762343, "225": 1.2093482578895185, "226": 1.3116019219646733, "227": 1.442091479731956, "228": 1.5869870067839433, "229": 1.71172763654754, "230": 1.854852997429169, "231": 1.9899540639985585, "232": 2.1294858568465522, "233": 2.262918735380424, "234": 2.414555300115387, "235": 2.558062390544624, "236": 2.682484668011243, "237": 2.7880481375683757, "238": 2.915953439182486, "239": 3.094143354484122, "240": 3.295404913715663, "241": 3.5074639418407543, "242": 3.7435992768301207, "243": 3.9337687156086405, "244": 4.254507342378378, "245": 4.567466288936732, "246": 5.021548884070018, "247": 5.4454450399018075, "248": 5.929642625150776, "249": 6.231124492231289, "250": 6.624059168954194, "251": 6.908988936552285, "252": 7.202523737182493, "253": 7.4051900594224325, "254": 7.468807176373519, "255": 7.514230962186813, "256": 7.265400875039998, "257": 7.358792818344468, "258": 7.214423981324737, "259": 6.922318791652834, "260": 6.688238035269818, "261": 6.205560937023765, "262": 5.827210592693114, "263": 5.567816362724539, "264": 5.197112279957359, "265": 4.879483165146226, "266": 4.588673417624627, "267": 4.220657680607951, "268": 4.075629579695104, "269": 3.93730205136942, "270": 3.899125239058501, "271": 3.880343279278349, "272": 3.7042065110345095, "273": 3.5912037523033087, "274": 3.3699326448744413, "275": 3.175218713535603, "276": 2.8884980764637818, "277": 2.7519383520808707, "278": 2.5472008673272817, "279": 2.4326209492821684, "280": 2.2584834931844173, "281": 2.1128637019505305, "282": 1.906797289142508, "283": 1.5224164560645992, "316": 0.01719747233686819, "317": 0.045163019759276626, "318": 0.08039347875847037, "319": 0.10707972301313241, "320": 0.13028714770645664, "321": 0.159236765078553, "322": 0.163808795844373, "323": 0.1542204797846022, "324": 0.2024385671346784, "325": 0.2100659611470467, "326": 0.23225137766657078, "327": 0.276454144127363, "328": 0.29315763900624875, "329": 0.30880359161493076, "330": 0.3151001594113873, "331": 0.31092481422849805, "332": 0.3065848822385635, "333": 0.2890878937377833, "334": 0.2872173682788569, "335": 0.27850502380104386, "336": 0.27936740676691874, "337": 0.2845080518895549, "338": 0.29026810854641044, "339": 0.29861093510944126, "340": 0.3088849687240663, "341": 0.3153371232022119, "342": 0.3258279792872924, "343": 0.33374759772953416, "344": 0.3505267581579411, "345": 0.36591171940836487, "346": 0.38075666759697674, "347": 0.3945660946165041, "348": 0.4137681299842924, "349": 0.4389785914731475,