{"type": "scs+c", "calc_mask": [["ndi", {"band_1": 850, "band_2": 660, "min": 0.1, "max": 1.0}], ["ancillary", {"name": "slope", "min": 0.08726646259971647, "max": "+inf"}], ["ancillary", {"name": "cosine_i", "min": 0.12, "max": "+inf"}], ["cloud", {"method": "zhai_2018", "cloud": true, "shadow": false, "T1": 2.5, "t2": 0.5, "t3": 0.3333333333333333, "t4": 0.6666666666666666, "T7": 15, "T8": 15}], ["cloud", {"method": "zhai_2018", "cloud": false, "shadow": true, "T1": 2.5, "t2": 0.5, "t3": 0.3333333333333333, "t4": 0.6666666666666666, "T7": 15, "T8": 15}]], "apply_mask": [["ndi", {"band_1": 850, "band_2": 660, "min": 0.1, "max": 1.0}], ["ancillary", {"name": "slope", "min": 0.08726646259971647, "max": "+inf"}], ["ancillary", {"name": "cosine_i", "min": 0.12, "max": "+inf"}]], "c_fit_type": "nnls", "coeffs": {"4": 100000.0, "5": 100000.0, "6": 100000.0, "7": 100000.0, "8": 100000.0, "9": 100000.0, "10": 100000.0, "11": 100000.0, "12": 100000.0, "13": 100000.0, "14": 100000.0, "15": 100000.0, "16": 100000.0, "17": 100000.0, "18": 100000.0, "19": 100000.0, "20": 100000.0, "21": 100000.0, "22": 100000.0, "23": 100000.0, "24": 100000.0, "25": 100000.0, "26": 100000.0, "27": 100000.0, "28": 100000.0, "29": 100000.0, "30": 100000.0, "31": 100000.0, "32": 100000.0, "33": 100000.0, "34": 100000.0, "35": 100000.0, "36": 100000.0, "37": 100000.0, "38": 100000.0, "39": 100000.0, "40": 100000.0, "41": 100000.0, "42": 100000.0, "43": 101.34128506059831, "44": 52.59550200735427, "45": 27.592592681773688, "46": 16.866101137278676, "47": 11.944516563094915, "48": 9.912959904248194, "49": 8.62437620673055, "50": 7.969165686976564, "51": 7.325709229892172, "52": 6.056359107538876, "53": 4.744052780844338, "54": 4.0829524107347055, "55": 3.6462906276783498, "56": 3.1846811140261906, "57": 2.792936533260678, "58": 2.5066206050205118, "59": 2.3241976978960754, "60": 2.705592726217108, "61": 3.0550098118627926, "62": 5.191219358190847, "63": 23.827395791252325, "64": 100000.0, "65": 100000.0, "66": 100000.0, "67": 100000.0, "68": 100000.0, "69": 100000.0, "70": 100000.0, "71": 100000.0, "72": 100000.0, "73": 100000.0, "74": 100000.0, "75": 100000.0, "76": 100000.0, "77": 100000.0, "78": 100000.0, "79": 100000.0, "80": 100000.0, "81": 100000.0, "82": 100000.0, "83": 100000.0, "84": 100000.0, "85": 100000.0, "86": 100000.0, "87": 100000.0, "88": 100000.0, "89": 100000.0, "90": 100000.0, "91": 100000.0, "92": 100000.0, "93": 100000.0, "94": 100000.0, "95": 100000.0, "96": 100000.0, "97": 100000.0, "98": 100000.0, "99": 100000.0, "100": 100000.0, "101": 100000.0, "102": 100000.0, "103": 100000.0, "104": 100000.0, "105": 100000.0, "106": 100000.0, "107": 100000.0, "108": 100000.0, "109": 100000.0, "110": 100000.0, "111": 100000.0, "112": 100000.0, "113": 100000.0, "114": 100000.0, "115": 100000.0, "116": 100000.0, "117": 100000.0, "118": 100000.0, "119": 100000.0, "120": 100000.0, "121": 100000.0, "122": 100000.0, "123": 100000.0, "124": 100000.0, "125": 100000.0, "126": 100000.0, "127": 100000.0, "128": 100000.0, "129": 100000.0, "130": 100000.0, "131": 100000.0, "132": 100000.0, "133": 100000.0, "134": 100000.0, "135": 100000.0, "136": 100000.0, "137": 100000.0, "138": 100000.0, "139": 100000.0, "140": 100000.0, "141": 100000.0, "142": 100000.0, "143": 100000.0, "144": 100000.0, "145": 100000.0, "146": 100000.0, "147": 100000.0, "148": 100000.0, "149": 100000.0, "150": 100000.0, "151": 100000.0, "152": 100000.0, "153": 100000.0, "154": 100000.0, "155": 100000.0, "156": 100000.0, "157": 100000.0, "158": 100000.0, "159": 100000.0, "160": 100000.0, "161": 100000.0, "162": 100000.0, "163": 100000.0, "164": 100000.0, "165": 100000.0, "166": 100000.0, "167": 100000.0, "168": 100000.0, "169": 100000.0, "170": 100000.0, "171": 100000.0, "172": 100000.0, "173": 100000.0, "174": 100000.0, "175": 100000.0, "176": 100000.0, "177": 100000.0, "178": 100000.0, "179": 100000.0, "180": 100000.0, "181": 100000.0, "182": 100000.0, "183": 100000.0, "184": 100000.0, "185": 100000.0, "186": 100000.0, "187": 100000.0, "188": 100000.0, "189": 100000.0, "190": 100000.0, "210": 1.774294028953285, "211": 1.6267922029983197, "212": 2.01674425836624, "213": 2.6491670105867935, "214": 2.6010725191153137, "215": 2.9530633171230876, "216": 2.974904688857766, "217": 2.9319064595528244, "218": 2.9505444280532345, "219": 3.251768956135415, "220": 3.6630633348053587, "221": 4.270990838002231, "222": 5.26942848732417, "223": 6.3683309957660095, "224": 7.678218024600805, "225": 9.285629199343514, "226": 11.617482228527006, "227": 14.587837369404486, "228": 20.823437835671715, "229": 29.08928138071094, "230": 49.19959245732201, "231": 126.45440088697423, "232": 100000.0, "233": 100000.0, "234": 100000.0, "235": 100000.0, "236": 100000.0, "237": 100000.0, "238": 100000.0, "239": 100000.0, "240": 100000.0, "241": 100000.0, "242": 100000.0, "243": 100000.0, "244": 100000.0, "245": 100000.0, "246": 100000.0, "247": 100000.0, "248": 100000.0, "249": 100000.0, "250": 100000.0, "251": 100000.0, "252": 100000.0, "253": 100000.0, "254": 100000.0, "255": 100000.0, "256": 100000.0, "257": 100000.0, "258": 100000.0, "259": 100000.0, "260": 100000.0, "261": 100000.0, "262": 100000.0, "263": 100000.0, "264": 100000.0, "265": 100000.0, "266": 100000.0, "267": 100000.0, "268": 100000.0, "269": 100000.0, "270": 100000.0, "271": 100000.0, "272": 100000.0, "273": 100000.0, "274": 100000.0, "275": 100000.0, "276": 100000.0, "277": 100000.0, "278": 100000.0, "279": 100000.0, "280": 100000.0, "281": 94.71684257924474, "282": 100000.0, "283": 23.315817271361368, "316": 0.639842631282041, "317": 0.7126470281044545, "318": 0.7996745141253506, "319": 0.8773214597971944, "320": 0.9191040527548069, "321": 1.013183574750768, "322": 1.0292486816715511, "323": 1.089319785355405, "324": 1.1714142645775087, "325": 1.0877039788798741, "326": 1.251748179852927, "327": 1.3207436273852862, "328": 1.3952926785583322, "329": 1.5155676400153388, "330": 1.557670221590435, "331": 1.6426691757798335, "332": 1.6352532543104088, "333": 1.6695699306554008, "334": 1.7186946449261922, "335": 1.6719797389428577, "336": 1.756988288864286, "337": 1.8006044131989112, "338": 1.8435872604467582, "339": 1.9074484003242551, "340": 2.028568857364899, "341": 2.0714501606895777, "342": 2.1348090972905447, "343": 2.238796157825194, "344": 2.2939189487282476, "345": 2.4320174493117976, "346": 2.4856502579856348, "347": 2.6172480382713768, "348": 2.723890945176495, "349": 2.824682471232719, "350": 3.002618756625144, "351": 3.125355519934808, "352": 3.294262701658142, "353": 3.4593261694855433, "354": 3.659487171034867, "355": 3.860880955724593, "356": 4.153191979677159, "357": 4.336851740647597, "358": 4.76829877767167, "359": 5.048017844786983, "360": 5.9009404857369585, "361": 6.314699608695373, "362": 7.403953939077216, "363": 8.298355076940664, "364": 9.217824956877477, "365": 9.603664234979385, "366": 9.813069017992621, "367": 8.805107881526633, "368": 8.366660909977716, "369": 7.346159792243193, "370": 6.4594975980800715, "371": 5.643968815152147, "372": 5.114058788190181, "373": 4.616923446745437, "374": 4.288536088043342, "375": 3.861881045074435, "376": 3.5736057410469075, "377": 3.351565703733204, "378": 3.1501142456028584, "379": 3.077431703793761, "380": 3.0537139839920284, "381": 2.997936128158852, "382": 2.899113732232945, "383": 2.6858216294963047, "384": 2.5840722965704432, "385": 2.403797496914011, "386": 2.355197127039059, "387": 2.440687711120106, "388": 2.396009796457095, "389": 2.4157728689462954, "390": 2.327731492979571, "391": 2.4273235682521452, "392": 2.1726946755116985, "393": 2.2075082475276213, "394": 2.0552635425768844, "395": 1.9919144748553785, "396": 1.9130580854615542, "397": 1.9538156729035019, "398": 1.6661538097854114, "399": 1.6526233027307125, "400": 1.6770749970462946, "401": 1.532909494067529, "402": 1.541464751179036, "403": 1.407128589159619, "404": 1.4482260800587283, "405": 1.251084784988421, "406": 1.2942410160619444,