{"type": "scs+c", "calc_mask": [["ndi", {"band_1": 850, "band_2": 660, "min": 0.1, "max": 1.0}], ["ancillary", {"name": "slope", "min": 0.08726646259971647, "max": "+inf"}], ["ancillary", {"name": "cosine_i", "min": 0.12, "max": "+inf"}], ["cloud", {"method": "zhai_2018", "cloud": true, "shadow": false, "T1": 2.5, "t2": 0.5, "t3": 0.3333333333333333, "t4": 0.6666666666666666, "T7": 15, "T8": 15}], ["cloud", {"method": "zhai_2018", "cloud": false, "shadow": true, "T1": 2.5, "t2": 0.5, "t3": 0.3333333333333333, "t4": 0.6666666666666666, "T7": 15, "T8": 15}]], "apply_mask": [["ndi", {"band_1": 850, "band_2": 660, "min": 0.1, "max": 1.0}], ["ancillary", {"name": "slope", "min": 0.08726646259971647, "max": "+inf"}], ["ancillary", {"name": "cosine_i", "min": 0.12, "max": "+inf"}]], "c_fit_type": "nnls", "coeffs": {"4": 100000.0, "5": 100000.0, "6": 100000.0, "7": 100000.0, "8": 100000.0, "9": 100000.0, "10": 100000.0, "11": 100000.0, "12": 100000.0, "13": 100000.0, "14": 100000.0, "15": 100000.0, "16": 100000.0, "17": 100000.0, "18": 100000.0, "19": 100000.0, "20": 100000.0, "21": 100000.0, "22": 772.5523601308015, "23": 85.29551511548638, "24": 47.300949391529514, "25": 60.048750000105, "26": 230.44831903809904, "27": 100000.0, "28": 100000.0, "29": 100000.0, "30": 100000.0, "31": 100000.0, "32": 100000.0, "33": 474.34302136182873, "34": 34.07998975259935, "35": 14.494000439425259, "36": 8.107331475607976, "37": 5.52767564625114, "38": 3.7638245044228165, "39": 2.805503819206429, "40": 2.270883777956246, "41": 1.8340462511648563, "42": 1.5718477977180552, "43": 1.4521314467427495, "44": 1.3691685000752598, "45": 1.2534868400314765, "46": 1.1358538164975607, "47": 1.0449208850362075, "48": 0.9805030176698304, "49": 0.9280219888438336, "50": 0.9005990373415861, "51": 0.8781571169858171, "52": 0.8213126595542789, "53": 0.7386787487641133, "54": 0.6864605888648638, "55": 0.6459745496943257, "56": 0.6081832280937386, "57": 0.5541434163882324, "58": 0.5161880868273573, "59": 0.47497940198071587, "60": 0.5387816189503261, "61": 0.5550959551851947, "62": 0.7176054371732827, "63": 1.0557561637985917, "64": 1.5960415616400134, "65": 2.5348954328437996, "66": 4.059511688203551, "67": 5.284497914957464, "68": 12.20485110553813, "69": 72.09323464986532, "70": 100000.0, "71": 100000.0, "72": 100000.0, "73": 100000.0, "74": 100000.0, "75": 100000.0, "76": 100000.0, "77": 100000.0, "78": 100000.0, "79": 100000.0, "80": 100000.0, "81": 100000.0, "82": 100000.0, "83": 100000.0, "84": 100000.0, "85": 100000.0, "86": 100000.0, "87": 100000.0, "88": 100000.0, "89": 100000.0, "90": 100000.0, "91": 100000.0, "92": 100000.0, "93": 100000.0, "94": 100000.0, "95": 100000.0, "96": 100000.0, "97": 100000.0, "98": 100000.0, "99": 100000.0, "100": 100000.0, "101": 100000.0, "102": 100000.0, "103": 100000.0, "104": 100000.0, "105": 100000.0, "106": 100000.0, "107": 100000.0, "108": 100000.0, "109": 100000.0, "110": 24.97742822007436, "111": 24.879812460552376, "112": 44.01940722357381, "113": 38.701523604818874, "114": 101.41404597318473, "115": 100000.0, "116": 100000.0, "117": 100000.0, "118": 100000.0, "119": 100000.0, "120": 100000.0, "121": 100000.0, "122": 100000.0, "123": 100000.0, "124": 100000.0, "125": 100000.0, "126": 100000.0, "127": 100000.0, "128": 100000.0, "129": 100000.0, "130": 100000.0, "131": 100000.0, "132": 100000.0, "133": 100000.0, "134": 100000.0, "135": 100000.0, "136": 100000.0, "137": 100000.0, "138": 100000.0, "139": 100000.0, "140": 100000.0, "141": 100000.0, "142": 100000.0, "143": 100000.0, "144": 100000.0, "145": 100000.0, "146": 100000.0, "147": 14.75800721805336, "148": 5.899500550341064, "149": 5.918457648100183, "150": 9.999057149351064, "151": 36.060531364370156, "152": 12.416913131614708, "153": 13.261914112014871, "154": 30.040328897847086, "155": 100000.0, "156": 100000.0, "157": 100000.0, "158": 100000.0, "159": 100000.0, "160": 100000.0, "161": 100000.0, "162": 100000.0, "163": 100000.0, "164": 100000.0, "165": 100000.0, "166": 100000.0, "167": 100000.0, "168": 100000.0, "169": 100000.0, "170": 100000.0, "171": 100000.0, "172": 100000.0, "173": 100000.0, "174": 100000.0, "175": 100000.0, "176": 100000.0, "177": 100000.0, "178": 100000.0, "179": 100000.0, "180": 100000.0, "181": 100000.0, "182": 100000.0, "183": 100000.0, "184": 100000.0, "185": 100000.0, "186": 100000.0, "187": 100000.0, "188": 100000.0, "189": 1015.561639310667, "190": 67.97458564626405, "210": 0.7984915229878334, "211": 0.81913640348506, "212": 1.1737801620137738, "213": 1.4648783162003556, "214": 1.5591374612004987, "215": 1.6270934272541244, "216": 1.4933319627119384, "217": 1.1100925114431337, "218": 1.6962737160421755, "219": 1.5624344370288947, "220": 1.8801281143950512, "221": 2.3499108324180065, "222": 2.573944306088073, "223": 2.9885420532612987, "224": 3.104014289806917, "225": 3.619748416151301, "226": 3.8895495246378085, "227": 4.296382967791131, "228": 4.795526653304856, "229": 5.180945218460382, "230": 5.782902280808789, "231": 6.226202539980412, "232": 6.764278865934587, "233": 7.323367114119919, "234": 7.870801264174358, "235": 8.603023132239922, "236": 9.13314341949272, "237": 9.196927223313226, "238": 9.983154568074486, "239": 11.074745912451277, "240": 12.814942923103368, "241": 13.766055925329663, "242": 16.116069142862727, "243": 17.104816598724305, "244": 20.61844878381023, "245": 23.674026301584018, "246": 33.936168194964026, "247": 46.54971630282113, "248": 71.15615594225004, "249": 105.87196129402926, "250": 165.7539812132962, "251": 229.89224720841247, "252": 3954.922139706457, "253": 100000.0, "254": 100000.0, "255": 100000.0, "256": 185.29086575274178, "257": 141.87765553585305, "258": 76.07030497914279, "259": 53.20461380493267, "260": 39.94691886785888, "261": 29.017684063845664, "262": 23.95978746254609, "263": 18.448333929419874, "264": 15.865269329979158, "265": 12.582714699817732, "266": 11.103403000447239, "267": 9.868530261860256, "268": 8.158653633565637, "269": 8.413392395329907, "270": 8.34471432235508, "271": 9.338836438908013, "272": 9.204518884986165, "273": 9.458507996471075, "274": 8.406810061292159, "275": 8.69685632344492, "276": 7.2392208089463255, "277": 7.339013550918664, "278": 6.336510721467927, "279": 6.351573932439826, "280": 5.167894315964502, "281": 6.337157658345468, "282": 3.1496502506670394, "283": 3.7207226849281714, "316": 1.050260005077183, "317": 1.2819300250356171, "318": 1.3658940199111351, "319": 1.3901063023635287, "320": 1.5208377164119455, "321": 1.5397745099088087, "322": 1.5757817664825118, "323": 1.2485459217635022, "324": 1.167547273040613, "325": 1.7104008185709343, "326": 1.379624318844604, "327": 1.677350203107347, "328": 1.8658511346658373, "329": 1.7689915716183926, "330": 1.823852632454676, "331": 1.6550799455435936, "332": 1.6256531263483174, "333": 1.4685200362776705, "334": 1.3561351086508213, "335": 1.4307263973995483, "336": 1.3365779842275163, "337": 1.347790010386794, "338": 1.3939902450889545, "339": 1.4247240131655385, "340": 1.3897365629708904, "341": 1.4329164366259082, "342": 1.448752952781009, "343": 1.4262680347532704, "344": 1.5112751773352509, "345": 1.5308428972008827, "346": 1.5751555344839665, "347": 1.5889833811594365, "348": 1.6411366309212865, "349": 1.720947184344885, "350": 1.7557481093565603, "351": 1.8374553409995844, "352": 1.9345068944286554, "353": 1.9846851743930254, "354": 2.191057788132854, "355": 2.3637467737808806, "356": 2.5271005353579263, "357": 2.9049030867262773, "358": 3.094806324150209, "359": 3.6623591835400253, "360": 3.983095874447307, "361": 5.706300050749333, "362": 6.891867295136457, "363": 9.14948910692496, "364": 12.351294243719364, "365": 15.822359027662328, "366": 10.243034027452213, "367": 8.364116242206014, "368": 6.455466241123384, "369": 5.408190698795903, "370": 4.378428461416945, "371": 3.763884096024404, "372": 3.1715101213326076, "373": 2.740045982270117, "374": 2.4239690760727015, "375": 2.1112460313533523, "376": 1.8480059949057472,