{"type": "scs+c", "calc_mask": [["ndi", {"band_1": 850, "band_2": 660, "min": 0.1, "max": 1.0}], ["ancillary", {"name": "slope", "min": 0.08726646259971647, "max": "+inf"}], ["ancillary", {"name": "cosine_i", "min": 0.12, "max": "+inf"}], ["cloud", {"method": "zhai_2018", "cloud": true, "shadow": false, "T1": 2.5, "t2": 0.5, "t3": 0.3333333333333333, "t4": 0.6666666666666666, "T7": 15, "T8": 15}], ["cloud", {"method": "zhai_2018", "cloud": false, "shadow": true, "T1": 2.5, "t2": 0.5, "t3": 0.3333333333333333, "t4": 0.6666666666666666, "T7": 15, "T8": 15}]], "apply_mask": [["ndi", {"band_1": 850, "band_2": 660, "min": 0.1, "max": 1.0}], ["ancillary", {"name": "slope", "min": 0.08726646259971647, "max": "+inf"}], ["ancillary", {"name": "cosine_i", "min": 0.12, "max": "+inf"}]], "c_fit_type": "nnls", "coeffs": {"4": 0.12731199640655083, "5": 0.10640967047852566, "6": 0.10980084323184613, "7": 0.08428734553254699, "8": 0.07235479217597633, "9": 0.06204212764188544, "10": 0.06415392567401723, "11": 0.05491721881643805, "12": 0.05199178611310345, "13": 0.04727742354526659, "14": 0.038595963969815475, "15": 0.03427438674398485, "16": 0.0280651284287735, "17": 0.018885274880338476, "18": 0.014112724725535949, "19": 0.011383355477657514, "20": 0.010990880454969976, "21": 0.007820447781768698, "22": 0.0027726055623040332, "23": 0.0, "24": 0.0, "25": 0.0, "26": 0.0, "27": 0.0032666365355345527, "28": 0.005785930645314216, "29": 0.010793159654293038, "30": 0.013377260674724027, "31": 0.01194378019613882, "32": 0.0065275138849882975, "33": 0.0, "34": 0.0, "35": 0.0, "36": 0.0, "37": 0.0, "38": 0.0, "39": 0.0, "40": 0.0, "41": 0.0, "42": 0.0, "43": 0.0, "44": 0.0, "45": 0.0, "46": 0.0, "47": 0.0, "48": 0.0, "49": 0.0, "50": 0.0, "51": 0.0, "52": 0.0, "53": 0.0, "54": 0.0, "55": 0.0, "56": 0.0, "57": 0.0, "58": 0.0, "59": 0.0, "60": 0.0, "61": 0.0, "62": 0.0, "63": 0.0, "64": 0.0, "65": 0.0, "66": 0.0, "67": 0.0, "68": 0.0, "69": 0.020982312448724328, "70": 0.06377402216372399, "71": 0.10581465358027922, "72": 0.14072683027735144, "73": 0.1618002276533377, "74": 0.1720326069821782, "75": 0.16346298745669072, "76": 0.10134422258729618, "77": 0.1542255772388497, "78": 0.18953946629525437, "79": 0.19538751572733362, "80": 0.1958250794727417, "81": 0.18508946634338136, "82": 0.1818000074344269, "83": 0.18049096297128916, "84": 0.1789467860011955, "85": 0.18416989222141047, "86": 0.15726011235144377, "87": 0.13092265081683307, "88": 0.14314379934079563, "89": 0.15430288608890455, "90": 0.16890272173380796, "91": 0.19137119161003585, "92": 0.20801981764945968, "93": 0.2193839252080739, "94": 0.22195618889706573, "95": 0.22794354106015102, "96": 0.2335521461912388, "97": 0.23493308621882086, "98": 0.23658807903828022, "99": 0.2348427971326813, "100": 0.23109286703555884, "101": 0.22642316692250725, "102": 0.20379245980626476, "103": 0.1507360260497171, "104": 0.1411592762258405, "105": 0.13855507430109018, "106": 0.12236468589195616, "107": 0.1274927670732156, "108": 0.14455620456720672, "109": 0.12019762976801077, "110": 0.07570139800017486, "111": 0.029795274322699176, "112": 0.042529578590133114, "113": 0.04193558356138537, "114": 0.04816173889648757, "115": 0.05524948316387146, "116": 0.062133904494988214, "117": 0.08579427357077325, "118": 0.09552720763599215, "119": 0.09552797375688708, "120": 0.11981539284392913, "121": 0.1429587891534151, "122": 0.15612064782626475, "123": 0.16403218018755744, "124": 0.16513216775959477, "125": 0.16823901983108544, "126": 0.1741102021540401, "127": 0.1794314800534378, "128": 0.1818727813606884, "129": 0.1875515398060291, "130": 0.19436274666266695, "131": 0.19828218786880236, "132": 0.20089228980783994, "133": 0.2026762813352368, "134": 0.2028538441999971, "135": 0.20151474908329814, "136": 0.19906528917048882, "137": 0.19750257562140705, "138": 0.19717325471946218, "139": 0.19436552618081873, "140": 0.1874680508776955, "141": 0.1786760975496524, "142": 0.16537703097342926, "143": 0.13735962475856553, "144": 0.11046228294410684, "145": 0.0984342882779232, "146": 0.080536851797925, "147": 0.04594556761467297, "148": 0.019970300215355976, "149": 0.0, "150": 0.0016935243201171722, "151": 0.0, "152": 0.0, "153": 0.0, "154": 0.0, "155": 0.0, "156": 0.014644830349779899, "157": 0.020424775030111583, "158": 0.02532546325967964, "159": 0.024011275054650907, "160": 0.011705967111908692, "161": 0.010639248336982524, "162": 0.019379753506945416, "163": 0.01643364065608607, "164": 0.017029988072482526, "165": 0.025675259165865414, "166": 0.025709281160327977, "167": 0.039780342211940045, "168": 0.047906472538830215, "169": 0.05880173902291692, "170": 0.07123896929654654, "171": 0.08036772507973511, "172": 0.08501324177335966, "173": 0.08595586205073935, "174": 0.08398100947481758, "175": 0.07760893395996371, "176": 0.06496781264573111, "177": 0.05770656015784394, "178": 0.07310924156996174, "179": 0.08502917882540725, "180": 0.09070436798465539, "181": 0.08637581871502907, "182": 0.07819415076781401, "183": 0.06532297840904333, "184": 0.05057989926903227, "185": 0.030432061880301318, "186": 0.013345893838829708, "187": 0.0038163222144217074, "188": 0.0, "189": 0.0, "190": 0.0, "210": 0.0, "211": 0.0, "212": 0.0, "213": 0.0, "214": 0.0, "215": 0.0, "216": 0.0, "217": 0.0, "218": 0.0, "219": 0.0, "220": 0.0, "221": 0.0, "222": 0.0, "223": 0.0, "224": 0.0, "225": 0.0, "226": 0.0, "227": 0.0, "228": 0.0, "229": 0.0, "230": 0.0, "231": 0.0, "232": 0.0, "233": 0.0, "234": 0.0, "235": 0.0, "236": 0.0, "237": 0.0, "238": 0.0, "239": 0.0, "240": 0.0, "241": 0.0, "242": 0.0, "243": 0.0, "244": 0.0, "245": 0.0, "246": 0.0, "247": 0.0, "248": 0.0, "249": 0.0, "250": 0.0, "251": 0.0, "252": 0.0, "253": 0.0, "254": 0.0, "255": 0.0, "256": 0.0, "257": 0.0, "258": 0.0, "259": 0.0, "260": 0.0, "261": 0.0, "262": 0.0, "263": 0.0, "264": 0.0, "265": 0.0, "266": 0.0, "267": 0.0, "268": 0.0, "269": 0.0, "270": 0.0, "271": 0.0, "272": 0.0, "273": 0.0, "274": 0.0, "275": 0.0, "276": 0.0, "277": 0.0, "278": 0.0, "279": 0.0, "280": 0.0, "281": 0.0, "282": 0.0, "283": 0.0, "316": 0.0, "317": 0.0, "318": 0.0, "319": 0.0, "320": 0.0, "321": 0.0, "322": 0.0, "323": 0.0, "324": 0.0, "325": 0.0, "326": 0.0, "327": 0.0, "328": 0.0, "329": 0.0, "330": 0.0, "331": 0.0, "332": 0.0, "333": 0.0, "334": 0.0, "335": 0.0, "336": 0.0, "337": 0.0, "338": 0.0, "339": 0.0, "340": 0.0, "341": 0.0, "342": 0.0, "343": 0.0, "344": 0.0, "345": 0.0, "346": 0.0, "347": 0.0, "348": 0.0, "349": 0.0, "350": 0.0, "351": 0.0, "352": 0.0, "353": 0.0, "354": 0.0, "355": 0.0, "356": 0.0, "357": 0.0, "358": 0.0, "359": 0.0, "360": 0.0, "361": 0.0, "362": 0.0, "363": 0.0, "364": 0.0, "365": 0.0, "366": 0.0, "367": 0.0, "368": 0.0, "369": 0.0, "370": 0.0, "371": 0.0, "372": 0.0, "373": 0.0, "374": 0.0, "375": 0.0, "376": 0.0, "377": 0.0, "378": 0.0, "379": 0.0, "380": 0.0, "381": 0.0, "382": 0.0, "383": 0.0, "384": 0.0, "385": 0.0, "386": 0.0, "387": 0.0, "388": 0.0, "389": 0.0, "390": 0.0, "391": 0.0, "392": 0.0, "393": 0.0, "394": 0.0, "395": 0.0, "396": 0.0, "397": 0.0, "398": 0.0, "399": 0.0, "400": 0.0, "401": 0.0, "402": 0.0, "403": 0.0, "404": 0.0, "405": 0.0, "406": 0.0, "407": 0.0, "408": 0.0, "409": 0.0, "410": 0.0, "411": 0.0, "412": 0.0, "413": 0.0}}