{"type": "scs+c", "calc_mask": [["ndi", {"band_1": 850, "band_2": 660, "min": 0.1, "max": 1.0}], ["ancillary", {"name": "slope", "min": 0.08726646259971647, "max": "+inf"}], ["ancillary", {"name": "cosine_i", "min": 0.12, "max": "+inf"}], ["cloud", {"method": "zhai_2018", "cloud": true, "shadow": false, "T1": 2.5, "t2": 0.5, "t3": 0.3333333333333333, "t4": 0.6666666666666666, "T7": 15, "T8": 15}], ["cloud", {"method": "zhai_2018", "cloud": false, "shadow": true, "T1": 2.5, "t2": 0.5, "t3": 0.3333333333333333, "t4": 0.6666666666666666, "T7": 15, "T8": 15}]], "apply_mask": [["ndi", {"band_1": 850, "band_2": 660, "min": 0.1, "max": 1.0}], ["ancillary", {"name": "slope", "min": 0.08726646259971647, "max": "+inf"}], ["ancillary", {"name": "cosine_i", "min": 0.12, "max": "+inf"}]], "c_fit_type": "nnls", "coeffs": {"4": 2.7467764464359, "5": 2.6412548990241915, "6": 2.6755693595890473, "7": 2.5545000319718087, "8": 2.5019531603152303, "9": 2.4261022952763964, "10": 2.378337052740457, "11": 2.2871866992760608, "12": 2.1820778823367046, "13": 2.092577758858512, "14": 1.9884023773608746, "15": 1.8917729183461187, "16": 1.7830559929664027, "17": 1.6650461524053541, "18": 1.5707840708088308, "19": 1.4948633206770843, "20": 1.426304168560894, "21": 1.3505723485078522, "22": 1.2986942998472737, "23": 1.2799114006567307, "24": 1.2899984919335743, "25": 1.3556185167344772, "26": 1.516887077103913, "27": 1.8054249385079788, "28": 2.2307503084463263, "29": 2.774391959343578, "30": 3.280276637985792, "31": 3.559122545597353, "32": 3.578452971484051, "33": 3.4789289996271093, "34": 3.2868760009723808, "35": 2.905638203862117, "36": 2.4126178633790625, "37": 1.9093930287705356, "38": 1.5344412931934892, "39": 1.2777503735223792, "40": 1.1167343114347161, "41": 0.9874694280175634, "42": 0.8829032050490904, "43": 0.8448137149292534, "44": 0.8178671244080111, "45": 0.7698951038678931, "46": 0.7096110773568715, "47": 0.6585886847334455, "48": 0.6226287501271075, "49": 0.6006413124203273, "50": 0.5886041861124691, "51": 0.5717046071637606, "52": 0.534464024810138, "53": 0.4823243805904823, "54": 0.45036822265238036, "55": 0.4270351859657091, "56": 0.40016792288676206, "57": 0.3729922140516018, "58": 0.35216875169439055, "59": 0.3248000383236583, "60": 0.37629631936744734, "61": 0.4078154631632074, "62": 0.5543760304264405, "63": 0.8833907497526455, "64": 1.536016613393201, "65": 3.042170668107935, "66": 8.725678663052264, "67": 100000.0, "68": 100000.0, "69": 100000.0, "70": 100000.0, "71": 100000.0, "72": 100000.0, "73": 100000.0, "74": 100000.0, "75": 100000.0, "76": 100000.0, "77": 100000.0, "78": 100000.0, "79": 100000.0, "80": 100000.0, "81": 100000.0, "82": 100000.0, "83": 100000.0, "84": 100000.0, "85": 100000.0, "86": 100000.0, "87": 100000.0, "88": 100000.0, "89": 100000.0, "90": 100000.0, "91": 100000.0, "92": 100000.0, "93": 100000.0, "94": 100000.0, "95": 100000.0, "96": 100000.0, "97": 100000.0, "98": 100000.0, "99": 100000.0, "100": 100000.0, "101": 100000.0, "102": 100000.0, "103": 100000.0, "104": 100000.0, "105": 100000.0, "106": 100000.0, "107": 100000.0, "108": 100000.0, "109": 100000.0, "110": 100000.0, "111": 100000.0, "112": 100000.0, "113": 100000.0, "114": 100000.0, "115": 100000.0, "116": 100000.0, "117": 100000.0, "118": 100000.0, "119": 100000.0, "120": 100000.0, "121": 100000.0, "122": 100000.0, "123": 100000.0, "124": 100000.0, "125": 100000.0, "126": 100000.0, "127": 100000.0, "128": 100000.0, "129": 100000.0, "130": 100000.0, "131": 100000.0, "132": 100000.0, "133": 100000.0, "134": 100000.0, "135": 100000.0, "136": 100000.0, "137": 100000.0, "138": 100000.0, "139": 100000.0, "140": 100000.0, "141": 100000.0, "142": 100000.0, "143": 100000.0, "144": 100000.0, "145": 100000.0, "146": 100000.0, "147": 100000.0, "148": 100000.0, "149": 100000.0, "150": 100000.0, "151": 100000.0, "152": 100000.0, "153": 100000.0, "154": 100000.0, "155": 100000.0, "156": 100000.0, "157": 100000.0, "158": 100000.0, "159": 100000.0, "160": 100000.0, "161": 100000.0, "162": 100000.0, "163": 100000.0, "164": 100000.0, "165": 100000.0, "166": 100000.0, "167": 100000.0, "168": 100000.0, "169": 100000.0, "170": 100000.0, "171": 100000.0, "172": 100000.0, "173": 100000.0, "174": 100000.0, "175": 100000.0, "176": 100000.0, "177": 100000.0, "178": 100000.0, "179": 100000.0, "180": 100000.0, "181": 100000.0, "182": 100000.0, "183": 100000.0, "184": 100000.0, "185": 100000.0, "186": 100000.0, "187": 38.6670117557427, "188": 13.322052209329318, "189": 7.503562520042573, "190": 3.9713302622187054, "210": 0.09377219789062563, "211": 0.0784204132368339, "212": 0.09434272045802279, "213": 0.14351303911191682, "214": 0.12994609881765334, "215": 0.17987912855984803, "216": 0.17253540472365514, "217": 0.12512501901067197, "218": 0.14848257327495204, "219": 0.18858088688240968, "220": 0.23438158623062647, "221": 0.27818056762709426, "222": 0.3564805155500604, "223": 0.4232179232712041, "224": 0.4548764472586054, "225": 0.5002327428123364, "226": 0.5346381589459023, "227": 0.5630681422500654, "228": 0.6165095696884367, "229": 0.6436130232962713, "230": 0.6846241599140522, "231": 0.7189654900666531, "232": 0.7443654443628137, "233": 0.7770361218487649, "234": 0.8040121525385018, "235": 0.8305502313055272, "236": 0.8540818233147958, "237": 0.8738980897474425, "238": 0.8929562862294971, "239": 0.9133957351911887, "240": 0.9326458646393653, "241": 0.9511018510010806, "242": 0.96472333163442, "243": 0.9755105231825346, "244": 0.979477168696965, "245": 0.9868485274495692, "246": 0.9950179319853174, "247": 1.0109284419557367, "248": 1.0160551871009442, "249": 1.0203046760164733, "250": 1.0244981279541725, "251": 1.0264863380060525, "252": 1.0215321222169553, "253": 1.020742574775362, "254": 1.0110166379159304, "255": 1.003920358521317, "256": 0.9984257840619525, "257": 0.9935246837734328, "258": 0.9911233253224326, "259": 0.9820048352338828, "260": 0.9732695539295658, "261": 0.9512065485566078, "262": 0.9284087098058172, "263": 0.9058508037349193, "264": 0.8881184123157865, "265": 0.8431334126933764, "266": 0.8244622845898694, "267": 0.8162546751278756, "268": 0.7688807340504104, "269": 0.7596256492820395, "270": 0.7354611548496162, "271": 0.7123252864936338, "272": 0.694328976730176, "273": 0.6604493107462811, "274": 0.656466830568035, "275": 0.6275324232021904, "276": 0.5951904698323003, "277": 0.5613209429921903, "278": 0.5383015256411721, "279": 0.4827847547554744, "280": 0.45979569622704347, "281": 0.4355787342510893, "282": 0.34208499398806397, "283": 0.31491710160913877, "316": 0.0, "317": 0.0, "318": 0.0, "319": 0.0, "320": 0.0, "321": 0.0, "322": 0.0, "323": 0.0, "324": 0.0, "325": 0.0, "326": 0.0, "327": 0.0, "328": 0.02693152808642277, "329": 0.046968428660138485, "330": 0.07239543066041781, "331": 0.09227624053568624, "332": 0.11108065383127265, "333": 0.13534968658380747, "334": 0.1495542508648337, "335": 0.1622526687402256, "336": 0.18167134794323783, "337": 0.1998221165787371, "338": 0.21845869883773483, "339": 0.23405434619879262, "340": 0.25023607551943994, "341": 0.26321175945529685, "342": 0.27067653698844907, "343": 0.2730882028972007, "344": 0.28624520483933963, "345": 0.2942821048277686, "346": 0.29573160645936897, "347": 0.294065553355087, "348": 0.29766989242245406, "349": 0.3006406106992041, "350": 0.30782119805167524, "351": 0.3105090134180518, "352": 0.3157289534595977, "353": 0.31317854179220034, "354": 0.31369452618279525, "355": 0.325137335046894, "356": 0.3274643378060543, "357": 0.3350270872713848, "358": 0.3358634879060929, "359": 0.33883338155043274, "360": 0.33390485627824856, "361": 0.34565614557806895, "362": 0.3541686888091899, "363": 0.35788152368760223, "364": 0.3712722189274553, "365": 0.3752661202436044, "366": 0.3697798344817954, "367": 0.36679155978991157, "368": 0.364353281534547, "369": 0.36275435610099255, "370": 0.3606690946907173, "371": 0.3603404786602699, "372": 0.3594009282675267, "373": 0.3612931304842409, "374": 0.3625324910112125,