{"type": "scs+c", "calc_mask": [["ndi", {"band_1": 850, "band_2": 660, "min": 0.1, "max": 1.0}], ["ancillary", {"name": "slope", "min": 0.08726646259971647, "max": "+inf"}], ["ancillary", {"name": "cosine_i", "min": 0.12, "max": "+inf"}], ["cloud", {"method": "zhai_2018", "cloud": true, "shadow": false, "T1": 2.5, "t2": 0.5, "t3": 0.3333333333333333, "t4": 0.6666666666666666, "T7": 15, "T8": 15}], ["cloud", {"method": "zhai_2018", "cloud": false, "shadow": true, "T1": 2.5, "t2": 0.5, "t3": 0.3333333333333333, "t4": 0.6666666666666666, "T7": 15, "T8": 15}]], "apply_mask": [["ndi", {"band_1": 850, "band_2": 660, "min": 0.1, "max": 1.0}], ["ancillary", {"name": "slope", "min": 0.08726646259971647, "max": "+inf"}], ["ancillary", {"name": "cosine_i", "min": 0.12, "max": "+inf"}]], "c_fit_type": "nnls", "coeffs": {"4": 100000.0, "5": 100000.0, "6": 100000.0, "7": 100000.0, "8": 100000.0, "9": 100000.0, "10": 100000.0, "11": 100000.0, "12": 100000.0, "13": 100000.0, "14": 100000.0, "15": 100000.0, "16": 100000.0, "17": 100000.0, "18": 100000.0, "19": 100000.0, "20": 100000.0, "21": 100000.0, "22": 100000.0, "23": 100000.0, "24": 100000.0, "25": 100000.0, "26": 100000.0, "27": 100000.0, "28": 100000.0, "29": 100000.0, "30": 100000.0, "31": 100000.0, "32": 100000.0, "33": 100000.0, "34": 100000.0, "35": 100000.0, "36": 100000.0, "37": 100000.0, "38": 24.303310701541186, "39": 11.987749697736456, "40": 8.622748239482405, "41": 6.606171806245291, "42": 5.353275773234424, "43": 5.059145980797134, "44": 4.896117321516681, "45": 4.542153737619106, "46": 4.102216925537662, "47": 3.7481423244769836, "48": 3.4982134690713536, "49": 3.315574274070836, "50": 3.245826186580424, "51": 3.1715331221775367, "52": 2.9495900321980346, "53": 2.6264174885089115, "54": 2.446080681681943, "55": 2.334436202155738, "56": 2.209689733230983, "57": 2.0675469842039855, "58": 1.9536659501831741, "59": 1.8094706742059978, "60": 2.0309991369970803, "61": 2.0357761920832123, "62": 2.708174725093504, "63": 4.973682676489705, "64": 17.548952029893748, "65": 100000.0, "66": 100000.0, "67": 100000.0, "68": 100000.0, "69": 100000.0, "70": 100000.0, "71": 100000.0, "72": 100000.0, "73": 100000.0, "74": 100000.0, "75": 100000.0, "76": 100000.0, "77": 100000.0, "78": 100000.0, "79": 100000.0, "80": 100000.0, "81": 100000.0, "82": 100000.0, "83": 100000.0, "84": 100000.0, "85": 100000.0, "86": 100000.0, "87": 100000.0, "88": 100000.0, "89": 100000.0, "90": 100000.0, "91": 100000.0, "92": 100000.0, "93": 100000.0, "94": 100000.0, "95": 100000.0, "96": 100000.0, "97": 100000.0, "98": 100000.0, "99": 100000.0, "100": 100000.0, "101": 100000.0, "102": 100000.0, "103": 100000.0, "104": 100000.0, "105": 100000.0, "106": 100000.0, "107": 100000.0, "108": 100000.0, "109": 100000.0, "110": 100000.0, "111": 100000.0, "112": 100000.0, "113": 100000.0, "114": 100000.0, "115": 100000.0, "116": 100000.0, "117": 100000.0, "118": 100000.0, "119": 100000.0, "120": 100000.0, "121": 100000.0, "122": 100000.0, "123": 100000.0, "124": 100000.0, "125": 100000.0, "126": 100000.0, "127": 100000.0, "128": 100000.0, "129": 100000.0, "130": 100000.0, "131": 100000.0, "132": 100000.0, "133": 100000.0, "134": 100000.0, "135": 100000.0, "136": 100000.0, "137": 100000.0, "138": 100000.0, "139": 100000.0, "140": 100000.0, "141": 100000.0, "142": 100000.0, "143": 100000.0, "144": 100000.0, "145": 100000.0, "146": 100000.0, "147": 100000.0, "148": 100000.0, "149": 100000.0, "150": 100000.0, "151": 100000.0, "152": 100000.0, "153": 100000.0, "154": 100000.0, "155": 100000.0, "156": 100000.0, "157": 100000.0, "158": 100000.0, "159": 100000.0, "160": 100000.0, "161": 100000.0, "162": 100000.0, "163": 100000.0, "164": 100000.0, "165": 100000.0, "166": 100000.0, "167": 100000.0, "168": 100000.0, "169": 100000.0, "170": 100000.0, "171": 100000.0, "172": 100000.0, "173": 100000.0, "174": 100000.0, "175": 100000.0, "176": 100000.0, "177": 100000.0, "178": 100000.0, "179": 100000.0, "180": 100000.0, "181": 100000.0, "182": 100000.0, "183": 100000.0, "184": 100000.0, "185": 100000.0, "186": 100000.0, "187": 100000.0, "188": 100000.0, "189": 100000.0, "190": 100000.0, "210": 1.5184859947642007, "211": 1.4529883282554596, "212": 1.420527791318311, "213": 1.56381739251092, "214": 1.4549220927790116, "215": 1.5644528612471287, "216": 1.5379234359212606, "217": 1.4350691072388784, "218": 1.5205163946179285, "219": 1.634977379252854, "220": 1.7839943452629625, "221": 1.9452756562067033, "222": 2.20853935243083, "223": 2.481924409966962, "224": 2.6687758980159355, "225": 2.942743222951135, "226": 3.1852585230761283, "227": 3.431459689693502, "228": 3.819742858073563, "229": 4.085433947700205, "230": 4.460602669386489, "231": 4.820036184537373, "232": 5.1444269570113415, "233": 5.569311207614896, "234": 5.96728114459275, "235": 6.39832608383177, "236": 6.805929043582534, "237": 7.085898839145759, "238": 7.406128577112126, "239": 7.924471826533563, "240": 8.57440812807208, "241": 9.23836158722937, "242": 9.906645421544184, "243": 10.433488494343425, "244": 10.87916487572503, "245": 11.681253503569732, "246": 12.754344717620716, "247": 14.394791820149063, "248": 15.444248167924515, "249": 16.416016080433707, "250": 17.208963046954757, "251": 17.77224952662111, "252": 17.95030077761312, "253": 18.32876390156171, "254": 18.124730619151162, "255": 18.04398275045597, "256": 17.561336070097784, "257": 17.30178942517106, "258": 17.112653282054673, "259": 16.21265103402013, "260": 15.499727541163535, "261": 14.253391684957814, "262": 13.145810762263832, "263": 12.087463837589114, "264": 11.476766953709017, "265": 10.220116612018355, "266": 9.563314461053817, "267": 9.272262540641414, "268": 8.354815072469867, "269": 8.23988160951408, "270": 7.845169509037476, "271": 7.507589823739973, "272": 7.211709090761489, "273": 6.671867434144674, "274": 6.520993525706871, "275": 6.082409162148656, "276": 5.617052358479408, "277": 5.230210917533079, "278": 5.0341749947373025, "279": 4.5613299185759715, "280": 4.381642225573227, "281": 4.266742348759086, "282": 3.793846045811725, "283": 3.5952518383883745, "316": 0.544640349977344, "317": 0.6156097025966095, "318": 0.6484702718330474, "319": 0.684573073313353, "320": 0.7228998491493662, "321": 0.7508711988617865, "322": 0.7805716012077011, "323": 0.7831672781360878, "324": 0.779197187678974, "325": 0.8557566152364378, "326": 0.8820136448003313, "327": 0.9287732020918826, "328": 0.9860963356717937, "329": 1.0189448801440002, "330": 1.053031038883049, "331": 1.067235990360258, "332": 1.0742009949593057, "333": 1.07923505265663, "334": 1.0656873034760599, "335": 1.081823107015495, "336": 1.0968913036326104, "337": 1.1178855582814744, "338": 1.1487901468549115, "339": 1.1792456455710338, "340": 1.2068264054840872, "341": 1.2371990515419413, "342": 1.2605736670746928, "343": 1.279186528613198, "344": 1.3183488594764883, "345": 1.3525763864725835, "346": 1.3796100288407827, "347": 1.40227509692515, "348": 1.436020305904384, "349": 1.471325950967288, "350": 1.5131671190736224, "351": 1.5528577282683447, "352": 1.6050101595521362, "353": 1.6481103901622467, "354": 1.7060142877217546, "355": 1.788895686804067, "356": 1.8554542297936045, "357": 1.9431635941336778, "358": 2.0183599278026723, "359": 2.122902532192933, "360": 2.2275747163125588, "361": 2.421142011870656, "362": 2.6092259784288645, "363": 2.771419541698509, "364": 2.9941850552845586, "365": 3.0799441792998725, "366": 2.9921105258492697, "367": 2.882447774103337, "368": 2.7605976797775873, "369": 2.6297929749700724, "370": 2.4871719865859423, "371": 2.3573621056970957, "372": 2.227560234862302, "373": 2.118242767971698, "374": 2.0043519191465275, "375": 1.894226468827776, "376": 1.7953128429429637, "377": 1.7246610380533511, "378": 1.6849054814995892, "379": 1.6708332561911965, "380": 1.6596982591629659, "381": 1.642781385025588, "382": 1.6011049753020001, "383": 1.567103632678269, "384": 1.5300773281770723, "385": 1.4932119635601333, "386": 1.480054227396228,