{"type": "scs+c", "calc_mask": [["ndi", {"band_1": 850, "band_2": 660, "min": 0.1, "max": 1.0}], ["ancillary", {"name": "slope", "min": 0.08726646259971647, "max": "+inf"}], ["ancillary", {"name": "cosine_i", "min": 0.12, "max": "+inf"}], ["cloud", {"method": "zhai_2018", "cloud": true, "shadow": false, "T1": 2.5, "t2": 0.5, "t3": 0.3333333333333333, "t4": 0.6666666666666666, "T7": 15, "T8": 15}], ["cloud", {"method": "zhai_2018", "cloud": false, "shadow": true, "T1": 2.5, "t2": 0.5, "t3": 0.3333333333333333, "t4": 0.6666666666666666, "T7": 15, "T8": 15}]], "apply_mask": [["ndi", {"band_1": 850, "band_2": 660, "min": 0.1, "max": 1.0}], ["ancillary", {"name": "slope", "min": 0.08726646259971647, "max": "+inf"}], ["ancillary", {"name": "cosine_i", "min": 0.12, "max": "+inf"}]], "c_fit_type": "nnls", "coeffs": {"4": 7.713916644776254, "5": 6.846613560926838, "6": 6.567158089271324, "7": 5.982957125623589, "8": 5.612911077093796, "9": 5.27287064907779, "10": 5.05863427353911, "11": 4.80915106877187, "12": 4.608721974204969, "13": 4.4240714265524925, "14": 4.244297513836684, "15": 4.092468377083508, "16": 3.9294537520186346, "17": 3.7642944374717584, "18": 3.6280129176295195, "19": 3.5053846181598347, "20": 3.400853049969221, "21": 3.275621775510696, "22": 3.1570191225992135, "23": 3.049251964409417, "24": 2.947745104849884, "25": 2.8895894198620136, "26": 2.9315040814322795, "27": 3.0097689112459007, "28": 3.127406832331084, "29": 3.227234960701901, "30": 3.2743816274700728, "31": 3.2484113876430394, "32": 3.1543133298229353, "33": 3.052306343574131, "34": 2.946374014421573, "35": 2.785022114445685, "36": 2.584279458599904, "37": 2.3772150598127912, "38": 2.1666023063238224, "39": 2.015058238699966, "40": 1.9152679947618307, "41": 1.7997701707631808, "42": 1.6863449644768178, "43": 1.6717787373031012, "44": 1.6720742266329596, "45": 1.6424969634729127, "46": 1.5987102211061348, "47": 1.5599405484989897, "48": 1.5290564569476628, "49": 1.4985382962159541, "50": 1.4885125843435798, "51": 1.480212919551953, "52": 1.4458589441109921, "53": 1.3762740571102066, "54": 1.3457040964925466, "55": 1.3339985832125767, "56": 1.3205134877485245, "57": 1.291928376438673, "58": 1.2654069534239585, "59": 1.2384357628051825, "60": 1.2915131750296278, "61": 1.2758626642193687, "62": 1.4103032130543045, "63": 1.6950700934926797, "64": 2.1154762626799526, "65": 2.749643335693125, "66": 3.547282107878233, "67": 3.8631082891810853, "68": 4.733346841666698, "69": 6.106233787194919, "70": 9.631496101350347, "71": 19.197763234250182, "72": 45.69010240940923, "73": 153.33170880821928, "74": 100000.0, "75": 618.0630583863621, "76": 21.798008098270287, "77": 77.39178747328619, "78": 100000.0, "79": 100000.0, "80": 100000.0, "81": 100000.0, "82": 100000.0, "83": 100000.0, "84": 741.436745685442, "85": 100000.0, "86": 56.43009176826589, "87": 19.739127418098338, "88": 22.531796710247637, "89": 31.14599376023636, "90": 46.3213191394551, "91": 159.06511561088078, "92": 100000.0, "93": 100000.0, "94": 100000.0, "95": 100000.0, "96": 100000.0, "97": 100000.0, "98": 100000.0, "99": 100000.0, "100": 100000.0, "101": 100000.0, "102": 130.11996035549942, "103": 18.674553688491265, "104": 15.827679410782698, "105": 16.942144148955208, "106": 13.006272932266278, "107": 13.626634116537323, "108": 20.088444177056502, "109": 13.624851482253833, "110": 5.4681749988596655, "111": 3.87364285889224, "112": 5.11853150776277, "113": 4.754139532744325, "114": 5.058351431241816, "115": 5.432508015781151, "116": 5.9618156384122845, "117": 7.599069072530991, "118": 9.400920946882097, "119": 8.906619425251677, "120": 10.899181791249028, "121": 13.82171870340269, "122": 15.169684838036414, "123": 15.755953335887979, "124": 15.964859602354721, "125": 16.17574196355384, "126": 16.44365083714836, "127": 16.957712193788943, "128": 17.03408051099242, "129": 17.309613154009675, "130": 18.256538747653643, "131": 18.42068275409029, "132": 18.553024703870783, "133": 18.536171804133343, "134": 18.394958786521777, "135": 18.06651505096046, "136": 17.527525754391615, "137": 17.017260395065612, "138": 16.50129022454728, "139": 15.697262300774593, "140": 14.825824129152815, "141": 13.422057008025687, "142": 12.076983955919959, "143": 10.073008717988383, "144": 8.005046034792057, "145": 6.994416894193875, "146": 5.816009204981621, "147": 3.786256391151104, "148": 3.004556927735015, "149": 2.3280706355837255, "150": 2.876720394664801, "151": 3.1336215841671198, "152": 3.2466520776985837, "153": 2.58426398628608, "154": 2.9711250524666393, "155": 3.428011705021001, "156": 3.968679912237648, "157": 4.15097563058306, "158": 4.249328070836416, "159": 4.138463449682609, "160": 3.9471370342002126, "161": 3.9011502852122986, "162": 4.0748158206712475, "163": 3.9624137505540746, "164": 3.9145326818786534, "165": 4.0797460468274735, "166": 4.049814784456944, "167": 4.297833273814897, "168": 4.410520950551808, "169": 4.572127564687728, "170": 4.765387455788438, "171": 4.877167265543864, "172": 4.943940670442128, "173": 4.933462930131782, "174": 4.9134420370283305, "175": 4.893997229538406, "176": 4.789416003632161, "177": 4.587951933733171, "178": 4.638768794503279, "179": 4.703522587615753, "180": 4.673675755354328, "181": 4.539215243184429, "182": 4.358665147977561, "183": 4.070776648941935, "184": 3.813148210058215, "185": 3.49772041258817, "186": 3.198672165917995, "187": 3.055094600762237, "188": 2.7490146159947613, "189": 2.495813985868761, "190": 2.065657200587968, "210": 0.824767669420348, "211": 0.8212221212008215, "212": 0.7925774999135471, "213": 0.8013820816489, "214": 0.6790926219149039, "215": 0.7493459868492898, "216": 0.716108636942246, "217": 0.6571234666478595, "218": 0.6641368893220841, "219": 0.7299055484927852, "220": 0.7979211857676566, "221": 0.8313005871280307, "222": 0.9255707584005313, "223": 1.0027656823433624, "224": 1.0307170446594092, "225": 1.0826282196853152, "226": 1.1154447743197644, "227": 1.1425913835135404, "228": 1.2079767898230753, "229": 1.2283351612064282, "230": 1.266540812630477, "231": 1.297383826711679, "232": 1.311944595094887, "233": 1.3429829969317582, "234": 1.3635223249195865, "235": 1.3861958252825404, "236": 1.4081740792388522, "237": 1.416622804601065, "238": 1.4335400550740898, "239": 1.4574845022750316, "240": 1.4712539602178263, "241": 1.4841226374409233, "242": 1.5045672630293898, "243": 1.5160726159106173, "244": 1.5198113789353855, "245": 1.5291370750283186, "246": 1.5440004381252008, "247": 1.5796132783904777, "248": 1.5867047832979828, "249": 1.5889896089086273, "250": 1.5985796058243111, "251": 1.6028947087510275, "252": 1.5968286668151646, "253": 1.601027656158379, "254": 1.5929209903598596, "255": 1.583917599629856, "256": 1.5788383801333348, "257": 1.5769378819020126, "258": 1.5693350727500448, "259": 1.551230306032792, "260": 1.5398574952211823, "261": 1.5202546078963168, "262": 1.4955732301382223, "263": 1.4669882759111692, "264": 1.4488306213574766, "265": 1.3945637262223824, "266": 1.3741673606160012, "267": 1.3681608562150036, "268": 1.3186355858550134, "269": 1.3202006040845784, "270": 1.3036172977310871, "271": 1.285697192955334, "272": 1.2808561316814029, "273": 1.2460409136261714, "274": 1.2592016724157475, "275": 1.231037635543964, "276": 1.1953094582376182, "277": 1.170480101949148, "278": 1.1569795526410418, "279": 1.0850993026929356, "280": 1.0672450784654481, "281": 1.0495706545997234, "282": 0.9678046386882835, "283": 0.9069196733045585, "316": 0.41261502442921116, "317": 0.48637272716530755, "318": 0.4844384938363337, "319": 0.49800554302902633, "320": 0.5203606611586977, "321": 0.5289378399740683, "322": 0.56443644792364, "323": 0.6045288781382459, "324": 0.6163367183648284, "325": 0.6604618983831876, "326": 0.6621251299550981, "327": 0.6524307862702748, "328": 0.6680225208273619, "329": 0.6639008972120773, "330": 0.6727841479493503, "331": 0.6746442471783959, "332": 0.678545643414765, "333": 0.6950943918288578, "334": 0.6886802317384393,