{"type": "scs+c", "calc_mask": [["ndi", {"band_1": 850, "band_2": 660, "min": 0.1, "max": 1.0}], ["ancillary", {"name": "slope", "min": 0.08726646259971647, "max": "+inf"}], ["ancillary", {"name": "cosine_i", "min": 0.12, "max": "+inf"}], ["cloud", {"method": "zhai_2018", "cloud": true, "shadow": false, "T1": 2.5, "t2": 0.5, "t3": 0.3333333333333333, "t4": 0.6666666666666666, "T7": 15, "T8": 15}], ["cloud", {"method": "zhai_2018", "cloud": false, "shadow": true, "T1": 2.5, "t2": 0.5, "t3": 0.3333333333333333, "t4": 0.6666666666666666, "T7": 15, "T8": 15}]], "apply_mask": [["ndi", {"band_1": 850, "band_2": 660, "min": 0.1, "max": 1.0}], ["ancillary", {"name": "slope", "min": 0.08726646259971647, "max": "+inf"}], ["ancillary", {"name": "cosine_i", "min": 0.12, "max": "+inf"}]], "c_fit_type": "nnls", "coeffs": {"4": 100000.0, "5": 100000.0, "6": 100000.0, "7": 100000.0, "8": 100000.0, "9": 100000.0, "10": 100000.0, "11": 100000.0, "12": 100000.0, "13": 100000.0, "14": 100000.0, "15": 100000.0, "16": 100000.0, "17": 100000.0, "18": 100000.0, "19": 100000.0, "20": 100000.0, "21": 100000.0, "22": 100000.0, "23": 100000.0, "24": 100000.0, "25": 100000.0, "26": 100000.0, "27": 100000.0, "28": 100000.0, "29": 100000.0, "30": 100000.0, "31": 100000.0, "32": 100000.0, "33": 100000.0, "34": 100000.0, "35": 100000.0, "36": 100000.0, "37": 100000.0, "38": 100000.0, "39": 100000.0, "40": 175.6137507762269, "41": 45.48352292898192, "42": 24.421020692280102, "43": 22.682135807320346, "44": 22.396340329594402, "45": 19.842491581708355, "46": 16.930304295555096, "47": 14.820476262452427, "48": 13.443957424764022, "49": 12.163206563401161, "50": 11.75602498752394, "51": 11.539805309663187, "52": 10.681417271350556, "53": 9.092063336899612, "54": 8.516785627388375, "55": 8.259952860567788, "56": 7.969301796748469, "57": 7.520495578346322, "58": 7.081019766622076, "59": 6.561402953555822, "60": 7.379555334943004, "61": 6.886662789086661, "62": 9.149834238695954, "63": 20.215773981833223, "64": 100000.0, "65": 100000.0, "66": 100000.0, "67": 100000.0, "68": 100000.0, "69": 100000.0, "70": 100000.0, "71": 100000.0, "72": 100000.0, "73": 100000.0, "74": 100000.0, "75": 100000.0, "76": 100000.0, "77": 100000.0, "78": 100000.0, "79": 100000.0, "80": 100000.0, "81": 100000.0, "82": 100000.0, "83": 100000.0, "84": 100000.0, "85": 100000.0, "86": 100000.0, "87": 100000.0, "88": 100000.0, "89": 100000.0, "90": 100000.0, "91": 100000.0, "92": 100000.0, "93": 100000.0, "94": 100000.0, "95": 100000.0, "96": 100000.0, "97": 100000.0, "98": 100000.0, "99": 100000.0, "100": 100000.0, "101": 100000.0, "102": 100000.0, "103": 100000.0, "104": 100000.0, "105": 100000.0, "106": 100000.0, "107": 100000.0, "108": 100000.0, "109": 100000.0, "110": 100000.0, "111": 100000.0, "112": 100000.0, "113": 100000.0, "114": 100000.0, "115": 100000.0, "116": 100000.0, "117": 100000.0, "118": 100000.0, "119": 100000.0, "120": 100000.0, "121": 100000.0, "122": 100000.0, "123": 100000.0, "124": 100000.0, "125": 100000.0, "126": 100000.0, "127": 100000.0, "128": 100000.0, "129": 100000.0, "130": 100000.0, "131": 100000.0, "132": 100000.0, "133": 100000.0, "134": 100000.0, "135": 100000.0, "136": 100000.0, "137": 100000.0, "138": 100000.0, "139": 100000.0, "140": 100000.0, "141": 100000.0, "142": 100000.0, "143": 100000.0, "144": 100000.0, "145": 100000.0, "146": 100000.0, "147": 100000.0, "148": 100000.0, "149": 100000.0, "150": 100000.0, "151": 100000.0, "152": 100000.0, "153": 100000.0, "154": 100000.0, "155": 100000.0, "156": 100000.0, "157": 100000.0, "158": 100000.0, "159": 100000.0, "160": 100000.0, "161": 100000.0, "162": 100000.0, "163": 100000.0, "164": 100000.0, "165": 100000.0, "166": 100000.0, "167": 100000.0, "168": 100000.0, "169": 100000.0, "170": 100000.0, "171": 100000.0, "172": 100000.0, "173": 100000.0, "174": 100000.0, "175": 100000.0, "176": 100000.0, "177": 100000.0, "178": 100000.0, "179": 100000.0, "180": 100000.0, "181": 100000.0, "182": 100000.0, "183": 100000.0, "184": 100000.0, "185": 100000.0, "186": 100000.0, "187": 100000.0, "188": 100000.0, "189": 100000.0, "190": 33.81968463496216, "210": 1.9231559135090717, "211": 1.81208037659096, "212": 1.872430955189402, "213": 2.173627548954206, "214": 1.77906004002882, "215": 2.062610023164259, "216": 2.030088913635217, "217": 1.7639153491666582, "218": 1.8398893204865567, "219": 2.0137832221618006, "220": 2.219191366501598, "221": 2.433609564574696, "222": 2.9022965074435074, "223": 3.3431393521956063, "224": 3.552282762933054, "225": 3.8423965555236044, "226": 4.0567366266706735, "227": 4.225865878570074, "228": 4.643109954743173, "229": 4.781090655526099, "230": 5.059670022362862, "231": 5.305024884046659, "232": 5.398185961481477, "233": 5.6611409595941895, "234": 5.818498394451467, "235": 5.98561073806617, "236": 6.140492122029245, "237": 6.151786205905436, "238": 6.213395769870795, "239": 6.388449957502276, "240": 6.549864195704855, "241": 6.714514143310981, "242": 6.824532578067737, "243": 6.833893776855808, "244": 6.7078470763421585, "245": 6.749882542819082, "246": 6.847142891763078, "247": 7.203876331842711, "248": 7.195942594685634, "249": 7.172198274163484, "250": 7.205845870385217, "251": 7.198321106351285, "252": 7.041644773774691, "253": 7.036983212332475, "254": 6.895504432430598, "255": 6.767789059125122, "256": 6.673798922592764, "257": 6.579136469358588, "258": 6.533723664664759, "259": 6.357487069682256, "260": 6.223899323488586, "261": 5.990605575316732, "262": 5.742650438507053, "263": 5.4938019904875075, "264": 5.287936627294913, "265": 4.883970284679242, "266": 4.727987227349751, "267": 4.705146401549074, "268": 4.348881988738761, "269": 4.352367633804863, "270": 4.2409594368572305, "271": 4.147079372048193, "272": 4.138791598274241, "273": 3.939756116950071, "274": 3.9721367513321235, "275": 3.815515287222216, "276": 3.630613505652865, "277": 3.446880598658115, "278": 3.362001955950401, "279": 3.0352527234217694, "280": 2.9244078629736023, "281": 2.8183726686415085, "282": 2.257152266721385, "283": 2.221761938217451, "316": 0.9378222824939244, "317": 1.1285288633386978, "318": 1.1586824960748479, "319": 1.2338352444496175, "320": 1.29913154559913, "321": 1.3216168492039941, "322": 1.374770856249556, "323": 1.3382814291466716, "324": 1.2338202910543656, "325": 1.3743471705679973, "326": 1.381804535907507, "327": 1.4491891686132763, "328": 1.621508066774657, "329": 1.7252565451197555, "330": 1.8399565965575269, "331": 1.883207020440071, "332": 1.905830661317577, "333": 1.93574868297495, "334": 1.8800524453966743, "335": 1.9308950897603288, "336": 1.9621554913078605, "337": 1.9967795244909974, "338": 2.0697660093270907, "339": 2.145870266886469, "340": 2.1915966479542774, "341": 2.2340531621793054, "342": 2.255322921855578, "343": 2.2465515291506377, "344": 2.302773635513192, "345": 2.33311194553024, "346": 2.333268768502673, "347": 2.3104029775118162, "348": 2.327733159349999, "349": 2.3447966971159597, "350": 2.382136888536302, "351": 2.394311117571133, "352": 2.4241457411016873, "353": 2.4058102325966977, "354": 2.407584037159872, "355": 2.487955415281358, "356": 2.5057726212170937, "357": 2.56535509997805, "358": 2.5952808572812445, "359": 2.6574428964602483, "360": 2.657013001380288, "361": 2.7929299243328263, "362": 2.8955060452644377, "363": 2.9340980853295178, "364": 3.0719493789918855, "365": 3.1591846287846868, "366": 3.136244668991599, "367": 3.1051535423229497, "368": 3.0562194719388844, "369": 3.006037561764693, "370": 2.935969277302256, "371": 2.8828444112663996, "372": 2.818237606982675, "373": 2.7690308366101806, "374": 2.6946250945298136, "375": 2.605550958742722, "376": 2.5131859407130746, "377": 2.4339241110770233, "378": 2.390998523915647, "379": 2.348667034346214, "380": 2.276496696125416, "381": 2.204427342042756, "382": 2.114510574590657, "383": 2.071372237045819, "384": 2.059682902514606, "385": 2.0563854173701364, "386": 2.0971721343127703, "387": 2.1345961766159713,