{"type": "scs+c", "calc_mask": [["ndi", {"band_1": 850, "band_2": 660, "min": 0.1, "max": 1.0}], ["ancillary", {"name": "slope", "min": 0.08726646259971647, "max": "+inf"}], ["ancillary", {"name": "cosine_i", "min": 0.12, "max": "+inf"}], ["cloud", {"method": "zhai_2018", "cloud": true, "shadow": false, "T1": 2.5, "t2": 0.5, "t3": 0.3333333333333333, "t4": 0.6666666666666666, "T7": 15, "T8": 15}], ["cloud", {"method": "zhai_2018", "cloud": false, "shadow": true, "T1": 2.5, "t2": 0.5, "t3": 0.3333333333333333, "t4": 0.6666666666666666, "T7": 15, "T8": 15}]], "apply_mask": [["ndi", {"band_1": 850, "band_2": 660, "min": 0.1, "max": 1.0}], ["ancillary", {"name": "slope", "min": 0.08726646259971647, "max": "+inf"}], ["ancillary", {"name": "cosine_i", "min": 0.12, "max": "+inf"}]], "c_fit_type": "nnls", "coeffs": {"4": 100000.0, "5": 100000.0, "6": 100000.0, "7": 100000.0, "8": 100000.0, "9": 100000.0, "10": 100000.0, "11": 100000.0, "12": 100000.0, "13": 100000.0, "14": 100000.0, "15": 100000.0, "16": 100000.0, "17": 100000.0, "18": 100000.0, "19": 100000.0, "20": 100000.0, "21": 100000.0, "22": 100000.0, "23": 100000.0, "24": 100000.0, "25": 100000.0, "26": 100000.0, "27": 100000.0, "28": 100000.0, "29": 100000.0, "30": 100000.0, "31": 100000.0, "32": 100000.0, "33": 100000.0, "34": 100000.0, "35": 100000.0, "36": 100000.0, "37": 758.3174400036406, "38": 38.09366690425425, "39": 20.751913643388843, "40": 15.361782100081497, "41": 11.626467660939744, "42": 9.188925784557572, "43": 8.803145200387242, "44": 8.704131147531825, "45": 8.170520819520284, "46": 7.467002602593706, "47": 6.913208573511562, "48": 6.51502892270585, "49": 6.181711453407502, "50": 6.043456016422497, "51": 5.951822912940771, "52": 5.631246543797969, "53": 5.029772605460019, "54": 4.77321880786937, "55": 4.649312443689226, "56": 4.506885602036785, "57": 4.294217628644502, "58": 4.116823191144344, "59": 3.8678545058532863, "60": 4.284545387331089, "61": 4.228974449482182, "62": 5.43646357973383, "63": 9.624161033378485, "64": 39.15448187983371, "65": 100000.0, "66": 100000.0, "67": 100000.0, "68": 100000.0, "69": 100000.0, "70": 100000.0, "71": 100000.0, "72": 100000.0, "73": 100000.0, "74": 100000.0, "75": 100000.0, "76": 100000.0, "77": 100000.0, "78": 100000.0, "79": 100000.0, "80": 100000.0, "81": 100000.0, "82": 100000.0, "83": 100000.0, "84": 100000.0, "85": 100000.0, "86": 100000.0, "87": 100000.0, "88": 100000.0, "89": 100000.0, "90": 100000.0, "91": 100000.0, "92": 100000.0, "93": 100000.0, "94": 100000.0, "95": 100000.0, "96": 100000.0, "97": 100000.0, "98": 100000.0, "99": 100000.0, "100": 100000.0, "101": 100000.0, "102": 100000.0, "103": 100000.0, "104": 100000.0, "105": 100000.0, "106": 100000.0, "107": 100000.0, "108": 100000.0, "109": 100000.0, "110": 100000.0, "111": 100000.0, "112": 100000.0, "113": 100000.0, "114": 100000.0, "115": 100000.0, "116": 100000.0, "117": 100000.0, "118": 100000.0, "119": 100000.0, "120": 100000.0, "121": 100000.0, "122": 100000.0, "123": 100000.0, "124": 100000.0, "125": 100000.0, "126": 100000.0, "127": 100000.0, "128": 100000.0, "129": 100000.0, "130": 100000.0, "131": 100000.0, "132": 100000.0, "133": 100000.0, "134": 100000.0, "135": 100000.0, "136": 100000.0, "137": 100000.0, "138": 100000.0, "139": 100000.0, "140": 100000.0, "141": 100000.0, "142": 100000.0, "143": 100000.0, "144": 100000.0, "145": 100000.0, "146": 100000.0, "147": 100000.0, "148": 100000.0, "149": 100000.0, "150": 100000.0, "151": 100000.0, "152": 100000.0, "153": 100000.0, "154": 100000.0, "155": 100000.0, "156": 100000.0, "157": 100000.0, "158": 100000.0, "159": 100000.0, "160": 100000.0, "161": 100000.0, "162": 100000.0, "163": 100000.0, "164": 100000.0, "165": 100000.0, "166": 100000.0, "167": 100000.0, "168": 100000.0, "169": 100000.0, "170": 100000.0, "171": 100000.0, "172": 100000.0, "173": 100000.0, "174": 100000.0, "175": 100000.0, "176": 100000.0, "177": 100000.0, "178": 100000.0, "179": 100000.0, "180": 100000.0, "181": 100000.0, "182": 100000.0, "183": 100000.0, "184": 100000.0, "185": 100000.0, "186": 100000.0, "187": 100000.0, "188": 100000.0, "189": 100000.0, "190": 100000.0, "210": 1.6515119182056013, "211": 1.5704191066233648, "212": 1.62860783350023, "213": 1.893661092450059, "214": 1.7317150564966166, "215": 2.0343418674689357, "216": 1.973645057605689, "217": 1.6964655726371511, "218": 1.776395220962287, "219": 1.9953832214300604, "220": 2.2576517175670037, "221": 2.4821395076755484, "222": 3.031508599576762, "223": 3.5601629478388794, "224": 3.795612438552706, "225": 4.201063344471957, "226": 4.517617868953429, "227": 4.7764830906994655, "228": 5.398565402637751, "229": 5.655364170895679, "230": 6.129792487235149, "231": 6.550555849495096, "232": 6.801572896866708, "233": 7.260972898572837, "234": 7.603823760856713, "235": 7.995093811774243, "236": 8.370314639116115, "237": 8.623826390098657, "238": 8.906540227397116, "239": 9.345790295654036, "240": 9.761529885613259, "241": 10.224025253662537, "242": 10.674500231095148, "243": 11.064713404961976, "244": 11.15329257530191, "245": 11.543301962106465, "246": 11.995184498510907, "247": 13.033701769553199, "248": 13.325518548237001, "249": 13.602663614151759, "250": 13.976335962759663, "251": 14.222646901133018, "252": 14.004980396730641, "253": 14.062102151554452, "254": 13.633217467175337, "255": 13.267559905638306, "256": 12.980649834451253, "257": 12.63146959333362, "258": 12.402052584669907, "259": 11.821698776542576, "260": 11.329674774972045, "261": 10.598103803827565, "262": 9.825635476822761, "263": 9.086031021818323, "264": 8.561372971658802, "265": 7.544725468526843, "266": 7.1786188339168415, "267": 7.079526259069254, "268": 6.358196882595271, "269": 6.387056475696803, "270": 6.239900907063567, "271": 6.13823729981601, "272": 6.08328853266543, "273": 5.681318318361942, "274": 5.795956960492423, "275": 5.4912327661872515, "276": 5.171577688060943, "277": 4.889820142318596, "278": 4.74515833246103, "279": 4.155225892319672, "280": 3.9909025349538796, "281": 3.842792367732079, "282": 3.034725684772478, "283": 2.911896153310915, "316": 0.9971265478024659, "317": 1.238480446574446, "318": 1.2553950551037534, "319": 1.339018609155937, "320": 1.4238135941620564, "321": 1.4517897243581064, "322": 1.545259902059369, "323": 1.5786707058928917, "324": 1.498726482338505, "325": 1.694690188052266, "326": 1.7025165544753518, "327": 1.7406023707445581, "328": 1.9151077387576056, "329": 1.9886427889256049, "330": 2.0972156041055254, "331": 2.1382860479751216, "332": 2.1640467046181815, "333": 2.2266017371749594, "334": 2.177530307040659, "335": 2.2016631731079452, "336": 2.236667527744158, "337": 2.2749182438076163, "338": 2.333585066959066, "339": 2.386799425615631, "340": 2.432424973837116, "341": 2.4764539001977264, "342": 2.487326864489623, "343": 2.463929581053223, "344": 2.5319428480679598, "345": 2.5715558684496695, "346": 2.5774611834846244, "347": 2.5526991920538236, "348": 2.579463363871277, "349": 2.604973251440637, "350": 2.663263486577436, "351": 2.6907116017801145, "352": 2.7445185813759423, "353": 2.745705913289411, "354": 2.7609954274402773, "355": 2.8831706888469157, "356": 2.9194018363881087, "357": 3.030864094038342, "358": 3.0899997080211423, "359": 3.196621679498116, "360": 3.20414504551831, "361": 3.4097860469612162, "362": 3.5801347888840613, "363": 3.6531097365440135, "364": 3.852774001259269, "365": 3.95757910061123, "366": 3.9109855664992312, "367": 3.8543071533438664, "368": 3.7533078867863727, "369": 3.6456641626884445, "370": 3.5017423127675102, "371": 3.381583983107359, "372": 3.2490141862439326, "373": 3.1377721598457566, "374": 3.0138298584764955, "375": 2.8828132191317453, "376": 2.748755473685865, "377": 2.635795084983537, "378": 2.574388002724678, "379": 2.5195785532818467, "380": 2.441199364998267, "381": 2.3658370158199618, "382": 2.2552225835307875, "383": 2.1980388792278722, "384": 2.165903910728529, "385": 2.142501509811497, "386": 2.1876212276311406,