{"type": "scs+c", "calc_mask": [["ndi", {"band_1": 850, "band_2": 660, "min": 0.1, "max": 1.0}], ["ancillary", {"name": "slope", "min": 0.08726646259971647, "max": "+inf"}], ["ancillary", {"name": "cosine_i", "min": 0.12, "max": "+inf"}], ["cloud", {"method": "zhai_2018", "cloud": true, "shadow": false, "T1": 2.5, "t2": 0.5, "t3": 0.3333333333333333, "t4": 0.6666666666666666, "T7": 15, "T8": 15}], ["cloud", {"method": "zhai_2018", "cloud": false, "shadow": true, "T1": 2.5, "t2": 0.5, "t3": 0.3333333333333333, "t4": 0.6666666666666666, "T7": 15, "T8": 15}]], "apply_mask": [["ndi", {"band_1": 850, "band_2": 660, "min": 0.1, "max": 1.0}], ["ancillary", {"name": "slope", "min": 0.08726646259971647, "max": "+inf"}], ["ancillary", {"name": "cosine_i", "min": 0.12, "max": "+inf"}]], "c_fit_type": "nnls", "coeffs": {"4": 100000.0, "5": 100000.0, "6": 100000.0, "7": 100000.0, "8": 100000.0, "9": 100000.0, "10": 100000.0, "11": 100000.0, "12": 63.558452499913635, "13": 21.08615026401185, "14": 13.596101293552655, "15": 9.995533432369582, "16": 7.895076429865873, "17": 6.733572085856345, "18": 5.975602063769277, "19": 5.386378842792894, "20": 4.891292582084608, "21": 4.272142251375865, "22": 3.8102192036611804, "23": 3.3638020750335724, "24": 3.000476298196523, "25": 2.733772465336377, "26": 2.5860397746060206, "27": 2.495500906370972, "28": 2.4074363848215743, "29": 2.2977229756005433, "30": 2.2447515874830257, "31": 2.0998568035802, "32": 1.9631359933825117, "33": 1.9039063634468902, "34": 1.8300090557207271, "35": 1.6909624237159597, "36": 1.5662924556161333, "37": 1.515325069110882, "38": 1.390032903197081, "39": 1.3018232730037718, "40": 1.2379967346251886, "41": 1.1770454867726183, "42": 1.1247945002362882, "43": 1.1029921078930878, "44": 1.0832933563691054, "45": 1.0778558059469887, "46": 1.0452450488197196, "47": 1.0098562088758818, "48": 0.9847117824856585, "49": 0.9632559351015901, "50": 0.9425201211483569, "51": 0.9348157346231943, "52": 0.9309444921168046, "53": 0.9065154526868248, "54": 0.8646909675284443, "55": 0.8539186224972453, "56": 0.8374062939823158, "57": 0.7915869554371119, "58": 0.7591581437084927, "59": 0.7619106097986847, "60": 0.7236999724025848, "61": 0.6733760508215298, "62": 0.679952329571955, "63": 0.685480393648964, "64": 0.6660026817120768, "65": 0.6369202227127414, "66": 0.5991445753118383, "67": 0.5543633245669801, "68": 0.5140817855038629, "69": 0.4922925941797472, "70": 0.4718626788708771, "71": 0.4540919188287468, "72": 0.43786164799993, "73": 0.41770346217431675, "74": 0.400033159316541, "75": 0.36358760291735587, "76": 0.2827019913560001, "77": 0.335827539980413, "78": 0.35697714355397225, "79": 0.351046245397013, "80": 0.345672414267047, "81": 0.34017039501430557, "82": 0.33073273997893937, "83": 0.33167953868091904, "84": 0.3235681624497033, "85": 0.32635528377709894, "86": 0.32128367493003357, "87": 0.3091897129383518, "88": 0.30969161282583524, "89": 0.30876571163320227, "90": 0.31212981124734024, "91": 0.3196830285854126, "92": 0.3291185991223966, "93": 0.32365550646667335, "94": 0.3217265697345959, "95": 0.32775833179787806, "96": 0.32629075273532954, "97": 0.33224755922777877, "98": 0.3366179224790782, "99": 0.33404127609103945, "100": 0.33307537299165424, "101": 0.3343976826875456, "102": 0.33443134342920966, "103": 0.32789275642072657, "104": 0.3242935905419851, "105": 0.3322306161943869, "106": 0.3447690090268392, "107": 0.33890666229041916, "108": 0.34292604510136837, "109": 0.36169205702173535, "110": 0.46856958991127373, "111": 0.473761626514709, "112": 0.45066685792081584, "113": 0.4651006948700739, "114": 0.4783512708523507, "115": 0.455852294270334, "116": 0.4336547964486069, "117": 0.39558191511296575, "118": 0.3996978606651115, "119": 0.40244537512435363, "120": 0.4040008510958314, "121": 0.40437176060555824, "122": 0.405808473184512, "123": 0.40508055494278755, "124": 0.4045447105721988, "125": 0.40797668426268385, "126": 0.4069880072011921, "127": 0.4110358869657864, "128": 0.41528313302815806, "129": 0.4188952038498432, "130": 0.4199776572791149, "131": 0.4232770985173641, "132": 0.42911988683038116, "133": 0.4302002470740085, "134": 0.43523748288062714, "135": 0.4380577962932061, "136": 0.44435270436458524, "137": 0.45141251924480824, "138": 0.45927262783431466, "139": 0.4656191331922046, "140": 0.4774362066567421, "141": 0.482375885265834, "142": 0.49374473477548364, "143": 0.5129521814254926, "144": 0.537037181447589, "145": 0.5806860674768493, "146": 0.6344106440794804, "147": 0.900828753768317, "148": 1.458596311837317, "149": 1.3032765279675809, "150": 1.094167581873098, "151": 0.9964637548050942, "152": 1.1169390496534377, "153": 1.3115001754784854, "154": 1.2957587971483107, "155": 1.131220771068247, "156": 1.0328568678274364, "157": 1.008353302115487, "158": 0.9991685316572635, "159": 0.9995194543987089, "160": 1.027304125649632, "161": 1.0424351667428284, "162": 1.051204296051239, "163": 1.0724972801964634, "164": 1.0712343282002266, "165": 1.088007938136914, "166": 1.1056449756918596, "167": 1.0904321696887318, "168": 1.099696566807225, "169": 1.1004138933392495, "170": 1.1009859098146815, "171": 1.1059740942581744, "172": 1.1056866197882487, "173": 1.115524717932623, "174": 1.1259600820197415, "175": 1.1382629627755505, "176": 1.1372490743451593, "177": 1.1493652627495514, "178": 1.1975790798245265, "179": 1.242760627125844, "180": 1.2870592596972874, "181": 1.3373850896875394, "182": 1.4015617966184242, "183": 1.4627675892908334, "184": 1.5330906353045972, "185": 1.558077989299244, "186": 1.7115225795949889, "187": 1.8968695322789755, "188": 2.0509783647098487, "189": 2.428683636294717, "190": 3.1297358967886786, "210": 100000.0, "211": 100000.0, "212": 100000.0, "213": 100000.0, "214": 100000.0, "215": 100000.0, "216": 100000.0, "217": 100000.0, "218": 100000.0, "219": 100000.0, "220": 100000.0, "221": 100000.0, "222": 100000.0, "223": 100000.0, "224": 100000.0, "225": 100000.0, "226": 100000.0, "227": 100000.0, "228": 100000.0, "229": 100000.0, "230": 100000.0, "231": 100000.0, "232": 100000.0, "233": 100000.0, "234": 100000.0, "235": 100000.0, "236": 100000.0, "237": 100000.0, "238": 100000.0, "239": 100000.0, "240": 100000.0, "241": 100000.0, "242": 100000.0, "243": 100000.0, "244": 100000.0, "245": 100000.0, "246": 100000.0, "247": 100000.0, "248": 100000.0, "249": 100000.0, "250": 100000.0, "251": 100000.0, "252": 100000.0, "253": 100000.0, "254": 100000.0, "255": 100000.0, "256": 100000.0, "257": 100000.0, "258": 100000.0, "259": 100000.0, "260": 100000.0, "261": 100000.0, "262": 100000.0, "263": 100000.0, "264": 100000.0, "265": 100000.0, "266": 100000.0, "267": 100000.0, "268": 100000.0, "269": 100000.0, "270": 100000.0, "271": 100000.0, "272": 100000.0, "273": 100000.0, "274": 100000.0, "275": 100000.0, "276": 100000.0, "277": 100000.0, "278": 100000.0, "279": 100000.0, "280": 100000.0, "281": 100000.0, "282": 100000.0, "283": 100000.0, "316": 100000.0, "317": 100000.0, "318": 100000.0, "319": 100000.0, "320": 100000.0, "321": 100000.0, "322": 100000.0, "323": 100000.0, "324": 100000.0, "325": 100000.0, "326": 100000.0, "327": 100000.0, "328": 100000.0, "329": 100000.0, "330": 100000.0, "331": 100000.0, "332": 100000.0, "333": 100000.0, "334": 100000.0, "335": 100000.0, "336": 100000.0, "337": 100000.0, "338": 100000.0, "339": 100000.0, "340": 100000.0, "341": 100000.0, "342": 100000.0, "343": 100000.0, "344": 100000.0, "345": 100000.0, "346": 100000.0, "347": 100000.0, "348": 100000.0, "349": 100000.0, "350": 100000.0, "351": 100000.0, "352": 100000.0, "353": 100000.0, "354": 100000.0, "355": 100000.0, "356": 100000.0, "357": 100000.0, "358": 100000.0, "359": 100000.0, "360": 100000.0, "361": 100000.0, "362": 100000.0, "363": 100000.0, "364": 100000.0, "365": 100000.0, "366": 100000.0, "367": 100000.0, "368": 100000.0, "369": 100000.0, "370": 100000.0, "371": 100000.0, "372": 100000.0, "373": 100000.0, "374": 100000.0, "375": 100000.0, "376": 100000.0, "377": 100000.0,