{"type": "scs+c", "calc_mask": [["ndi", {"band_1": 850, "band_2": 660, "min": 0.1, "max": 1.0}], ["ancillary", {"name": "slope", "min": 0.08726646259971647, "max": "+inf"}], ["ancillary", {"name": "cosine_i", "min": 0.12, "max": "+inf"}], ["cloud", {"method": "zhai_2018", "cloud": true, "shadow": false, "T1": 2.5, "t2": 0.5, "t3": 0.3333333333333333, "t4": 0.6666666666666666, "T7": 15, "T8": 15}], ["cloud", {"method": "zhai_2018", "cloud": false, "shadow": true, "T1": 2.5, "t2": 0.5, "t3": 0.3333333333333333, "t4": 0.6666666666666666, "T7": 15, "T8": 15}]], "apply_mask": [["ndi", {"band_1": 850, "band_2": 660, "min": 0.1, "max": 1.0}], ["ancillary", {"name": "slope", "min": 0.08726646259971647, "max": "+inf"}], ["ancillary", {"name": "cosine_i", "min": 0.12, "max": "+inf"}]], "c_fit_type": "nnls", "coeffs": {"4": 1.1866248216347706, "5": 1.0886267516535262, "6": 1.0754123563063565, "7": 0.9977901381842809, "8": 0.9603964276887639, "9": 0.9322567852536628, "10": 0.9411843482326734, "11": 0.9352432626377285, "12": 0.9386300150021939, "13": 0.9353315957314771, "14": 0.918127108584027, "15": 0.9022083051840121, "16": 0.8769570121317419, "17": 0.8431359127219473, "18": 0.8189924664264062, "19": 0.8020947076555304, "20": 0.7860066756645852, "21": 0.7649948424584926, "22": 0.7463377146634191, "23": 0.7321100884293025, "24": 0.7225010866731137, "25": 0.7224053032187062, "26": 0.7476386397701538, "27": 0.7858447081259755, "28": 0.8305164213262491, "29": 0.8737764357897914, "30": 0.9020156375860436, "31": 0.9075280756484646, "32": 0.8912076071272713, "33": 0.870421709044716, "34": 0.8432687537537783, "35": 0.7961859489711027, "36": 0.7339898829185857, "37": 0.6683240149756317, "38": 0.5965399443902639, "39": 0.5388161657406801, "40": 0.49645715715236294, "41": 0.4509642815842942, "42": 0.4089289329217615, "43": 0.3982831471657043, "44": 0.3917006073831299, "45": 0.37627124756408725, "46": 0.35680377155485365, "47": 0.33911910426943376, "48": 0.3257725091738304, "49": 0.3147777446125198, "50": 0.30883591452637627, "51": 0.30240751901219814, "52": 0.28821690147493667, "53": 0.264308280559821, "54": 0.25135669120992815, "55": 0.2443799688375844, "56": 0.23628526489052695, "57": 0.22356434097112388, "58": 0.21292786698182756, "59": 0.20245636043417906, "60": 0.21805492512204994, "61": 0.22430082533513346, "62": 0.27141822602856086, "63": 0.36159893153406053, "64": 0.4886527773910042, "65": 0.6596116315730916, "66": 0.8533972767422534, "67": 0.982090255152296, "68": 1.2059333459569583, "69": 1.4769450922648486, "70": 1.9116029449819145, "71": 2.447405822903636, "72": 2.9477554044311822, "73": 3.299019479195096, "74": 3.5312263688903895, "75": 3.6100710548512254, "76": 3.2791457826048838, "77": 3.559468295488713, "78": 3.833799203373704, "79": 3.85206398558183, "80": 3.8605400146498567, "81": 3.7398413564168824, "82": 3.6568565476484527, "83": 3.6634244355265024, "84": 3.63311300969074, "85": 3.736609727639095, "86": 3.357701115126658, "87": 2.850850858258536, "88": 2.951721791723929, "89": 3.1501748956808497, "90": 3.333350140845977, "91": 3.626037444053235, "92": 3.815912142396951, "93": 3.9425683358060764, "94": 3.94805773069037, "95": 3.9953997126746104, "96": 4.036882037201868, "97": 3.9741824893192166, "98": 4.031361740747669, "99": 3.9669939438639696, "100": 3.8944197742234246, "101": 3.8175106390655134, "102": 3.59271694727833, "103": 2.8153438850266013, "104": 2.645393930140687, "105": 2.6852066015973213, "106": 2.482337210685352, "107": 2.4953394903915256, "108": 2.7581279435941584, "109": 2.501278588676403, "110": 1.67685328414194, "111": 1.238712955424997, "112": 1.490908757524836, "113": 1.462585986768565, "114": 1.5341918114534216, "115": 1.6252947669015256, "116": 1.7008159188388845, "117": 1.8926066849247527, "118": 2.0329423613268616, "119": 1.983389260202404, "120": 2.136193160263441, "121": 2.3013802597783437, "122": 2.3538832356409065, "123": 2.37427726632624, "124": 2.3668521589383653, "125": 2.3658550088102923, "126": 2.369292593763915, "127": 2.382753975771748, "128": 2.374760450123813, "129": 2.3792123361720092, "130": 2.405471649974123, "131": 2.4010528120471357, "132": 2.395627202917757, "133": 2.3863512723245925, "134": 2.372550925632777, "135": 2.352847872687942, "136": 2.326178702460728, "137": 2.2932421688201847, "138": 2.2584261670673778, "139": 2.2109892958394597, "140": 2.155089546644706, "141": 2.0787395148490226, "142": 1.9886651156597044, "143": 1.8393026399798915, "144": 1.6594806543764877, "145": 1.5687471230574372, "146": 1.4315818384781878, "147": 1.0582692139735184, "148": 0.7993183018927249, "149": 0.6105468418272291, "150": 0.7751829275988257, "151": 0.8347948715603359, "152": 0.8400713435536614, "153": 0.7177962430006263, "154": 0.8136006163056538, "155": 0.9174343315354816, "156": 1.007216476069423, "157": 1.0209105078731757, "158": 1.023671825332336, "159": 0.9967101108934868, "160": 0.9490535543181319, "161": 0.9320621709185966, "162": 0.9531728551818442, "163": 0.9289396204992616, "164": 0.9206794028325044, "165": 0.9459985160060698, "166": 0.9343494828480597, "167": 0.9732038464182281, "168": 0.9921480165049834, "169": 1.0160386553194993, "170": 1.0440535441993206, "171": 1.0598183601352542, "172": 1.0671764892458495, "173": 1.0649478640920795, "174": 1.061019122709133, "175": 1.0579401231313044, "176": 1.0467240079452214, "177": 1.0253916431137866, "178": 1.020150306657964, "179": 1.0166119858555038, "180": 1.005094015936916, "181": 0.9796518543216113, "182": 0.9479322273821732, "183": 0.9002141003291089, "184": 0.8553739953514021, "185": 0.7964301739566, "186": 0.7313652443983197, "187": 0.6968436990721689, "188": 0.6265315451078132, "189": 0.5569163405028676, "190": 0.4488720371445021, "210": 0.02070782148155008, "211": 0.016530985509580036, "212": 0.011007509233488366, "213": 0.021986004661288118, "214": 0.0, "215": 0.0, "216": 0.0, "217": 0.0, "218": 0.0, "219": 0.0, "220": 0.01702312285398044, "221": 0.03544522160624919, "222": 0.06385000138885685, "223": 0.08707534731331758, "224": 0.0943477067584695, "225": 0.10868618025897707, "226": 0.11551167590668118, "227": 0.12167814663652092, "228": 0.13722734206496107, "229": 0.14148769616276602, "230": 0.15078958125472405, "231": 0.15783784659699707, "232": 0.1610391285422607, "233": 0.16800036937882143, "234": 0.172674273042062, "235": 0.17734053319380258, "236": 0.18195223524255044, "237": 0.18343363939009452, "238": 0.18790424717501536, "239": 0.1930257230152714, "240": 0.1951501565775543, "241": 0.19664426975414284, "242": 0.20030193035008634, "243": 0.20183728998623746, "244": 0.20280818996306896, "245": 0.20336783358466215, "246": 0.2058326423506038, "247": 0.21150391147730666, "248": 0.21225836842093226, "249": 0.21148172159699535, "250": 0.21223736854355765, "251": 0.2123782131760825, "252": 0.21051180539277167, "253": 0.2098405533052831, "254": 0.20661672253659405, "255": 0.20330750230075673, "256": 0.2007629419111605, "257": 0.20012827662073218, "258": 0.1973405238244195, "259": 0.19329942717399926, "260": 0.1900586660786547, "261": 0.18430236964824875, "262": 0.17832348303977388, "263": 0.171813045556053, "264": 0.16629814884909938, "265": 0.15396136027797216, "266": 0.1483002737404337, "267": 0.14624003602942473, "268": 0.135120221327436, "269": 0.13308181895234705, "270": 0.12865218732150077, "271": 0.12370365571342395, "272": 0.12143135925354821, "273": 0.11394735612099272, "274": 0.11421561386497134, "275": 0.10854249945570697, "276": 0.09854773227542653, "277": 0.09147623966711824, "278": 0.08799292930591708, "279": 0.0695165381381904, "280": 0.061258923009997225, "281": 0.056335084483844486, "282": 0.024333589922580626, "283": 0.0033161485058732032, "316": 0.0, "317": 0.0, "318": 0.0, "319": 0.0, "320": 0.0, "321": 0.0, "322": 0.0, "323": 0.0, "324": 0.0, "325": 0.0, "326": 0.0, "327": 0.0, "328": 0.0, "329": 0.0, "330": 0.0, "331": 0.0, "332": 0.0, "333": 0.0, "334": 0.0, "335": 0.0, "336": 0.0, "337": 0.0022479624956535846,