{"type": "scs+c", "calc_mask": [["ndi", {"band_1": 850, "band_2": 660, "min": 0.1, "max": 1.0}], ["ancillary", {"name": "slope", "min": 0.08726646259971647, "max": "+inf"}], ["ancillary", {"name": "cosine_i", "min": 0.12, "max": "+inf"}], ["cloud", {"method": "zhai_2018", "cloud": true, "shadow": false, "T1": 2.5, "t2": 0.5, "t3": 0.3333333333333333, "t4": 0.6666666666666666, "T7": 15, "T8": 15}], ["cloud", {"method": "zhai_2018", "cloud": false, "shadow": true, "T1": 2.5, "t2": 0.5, "t3": 0.3333333333333333, "t4": 0.6666666666666666, "T7": 15, "T8": 15}]], "apply_mask": [["ndi", {"band_1": 850, "band_2": 660, "min": 0.1, "max": 1.0}], ["ancillary", {"name": "slope", "min": 0.08726646259971647, "max": "+inf"}], ["ancillary", {"name": "cosine_i", "min": 0.12, "max": "+inf"}]], "c_fit_type": "nnls", "coeffs": {"4": 0.0, "5": 0.0, "6": 0.0, "7": 0.0, "8": 0.0, "9": 0.0, "10": 0.0, "11": 0.0, "12": 0.0, "13": 0.0, "14": 0.0, "15": 0.0, "16": 0.0, "17": 0.0, "18": 0.0, "19": 0.0, "20": 0.0, "21": 0.0, "22": 0.0, "23": 0.0, "24": 0.0, "25": 0.0, "26": 0.0, "27": 0.0, "28": 0.0, "29": 0.0, "30": 0.041925820173347506, "31": 0.07845813439738179, "32": 0.0, "33": 0.1418382960750961, "34": 0.17010172383104624, "35": 0.19474778686782862, "36": 0.19442321623853284, "37": 0.11981286927752391, "38": 0.1000540033342005, "39": 0.092604645168659, "40": 0.10148861972330923, "41": 0.11174675580106433, "42": 0.1262601371438367, "43": 0.14881497974941454, "44": 0.1781029157501716, "45": 0.18942642500407106, "46": 0.17895368288084, "47": 0.17121425387931039, "48": 0.1623102097669497, "49": 0.1627684755548849, "50": 0.1499148703598687, "51": 0.15655708049823813, "52": 0.019670105204967776, "53": 0.09760935137430733, "54": 0.8507978982032244, "55": 0.060237862732857195, "56": 0.048903505131024955, "57": 0.036260946862659585, "58": 0.022428711433436718, "59": 0.025365677237668516, "60": 0.028451635154243773, "61": 0.04071464262893598, "62": 0.11867294394516428, "63": 0.29939142122866536, "64": 0.6293189009952219, "65": 1.08064976836317, "66": 1.6810231276878491, "67": 2.4516044521940565, "68": 2.8505643020368403, "69": 2.854081672021229, "70": 2.9026150811495484, "71": 2.781712776776999, "72": 2.5241912364982357, "73": 2.242306241548074, "74": 1.9901979412252455, "75": 1.8891610869837714, "76": 1.6469284670829005, "77": 1.4167482611759958, "78": 1.4818951312220814, "79": 1.4243534093250008, "80": 1.3540871904364171, "81": 1.292242440488472, "82": 1.2148064013465791, "83": 1.173564673560359, "84": 1.1089335031513843, "85": 0.8652923866941289, "86": 1.0617868175648566, "87": 0.9633276173534787, "88": 0.904799648450595, "89": 0.9735133991642401, "90": 0.9057724524591781, "91": 0.9124241246869982, "92": 0.9182112478837539, "93": 0.9012275817329809, "94": 0.8822456897039842, "95": 0.8585017124884258, "96": 0.9571289691836784, "97": 1.2654562048536222, "98": 0.9985302184915003, "99": 1.7668837315226678, "100": 0.8065783423127972, "101": 0.805282368965385, "102": 0.8094698656736038, "103": 0.769893750376994, "104": 0.7189675776330193, "105": 0.7555630736016649, "106": 0.692822427212122, "107": 0.7140826194569363, "108": 0.5695583839100068, "109": 0.8754669992904096, "110": 1.3623090968885092, "111": 0.7705826956545162, "112": 0.8751956737953599, "113": 0.9297808269951857, "114": 0.9366614228122228, "115": 1.1924309214105875, "116": 0.8802288578843441, "117": 0.8934122957821333, "118": 0.978466452928061, "119": 0.9573792873134704, "120": 0.9664965437335008, "121": 0.9990336647341225, "122": 1.002418152219125, "123": 1.0149060320847871, "124": 0.9931922025826937, "125": 0.9730270822896876, "126": 0.9614240828825077, "127": 0.9619300501060252, "128": 0.9352894978648433, "129": 0.9181151788275348, "130": 0.9104927440805272, "131": 0.9030664285510794, "132": 0.8854413809854135, "133": 0.8770708458333283, "134": 0.8661005543438932, "135": 0.8638313324095929, "136": 0.8632279811884803, "137": 0.8577451689505635, "138": 0.8558540902434074, "139": 0.8479983107873637, "140": 0.8485321911928639, "141": 0.9445471771771866, "142": 0.8838783267728963, "143": 0.8838722632726439, "144": 0.8875104679709476, "145": 0.9385355380986755, "146": 1.140669908963528, "147": 1.6232206206624267, "148": 2.27435952408684, "149": 1.1452149089956334, "150": 1.3766945692500532, "151": 1.1477818141035285, "152": 1.8024292492821685, "153": 1.7854543136925491, "154": 1.780626911442133, "155": 1.6983008736101888, "156": 1.779633668300975, "157": 1.9926485597214125, "158": 2.0481383559246464, "159": 2.166064121232713, "160": 2.1939915333601854, "161": 2.229923780288876, "162": 2.36160565830626, "163": 2.5327689194981984, "164": 2.4323933720539257, "165": 2.4717267491522885, "166": 2.4065232822122384, "167": 2.3289351508496705, "168": 2.1794553822359157, "169": 2.034742184186625, "170": 1.9246438985428855, "171": 1.655293301786395, "172": 1.852933282543153, "173": 1.8215080008359532, "174": 1.8006123150176792, "175": 1.8087254798241983, "176": 1.7861146388073361, "177": 1.765262570066707, "178": 1.6936983121266245, "179": 1.7251065994731214, "180": 1.6907309029191706, "181": 1.7164708505311803, "182": 1.7344635211831867, "183": 1.7321252912746898, "184": 1.7197690781728536, "185": 1.7344458651213317, "186": 1.8004609823893505, "187": 1.829214583343321, "188": 1.8726506534954603, "189": 2.244530952798717, "190": 1.8719523497956105, "210": 0.28805961636591854, "211": 0.37649638417062575, "212": 1.1331669033192795, "213": 0.082991937558185, "214": 0.05601103485660824, "215": 0.10141012160398793, "216": 0.12159551808727177, "217": 0.15762246906769417, "218": 0.08381671130131371, "219": 0.19970718400756465, "220": 0.2130546940072979, "221": 0.19543061315010674, "222": 0.2519528227912777, "223": 0.29790816183612784, "224": 0.35973782844874536, "225": 0.39440685018728383, "226": 0.4388176924189506, "227": 0.4970630611874973, "228": 0.5657117054386291, "229": 0.6181675177298492, "230": 0.6662340876127587, "231": 0.7291995171772089, "232": 0.7845366682317376, "233": 0.8206020568720583, "234": 0.8907918366585175, "235": 0.9387116822872801, "236": 0.9860277381661268, "237": 1.061327073913271, "238": 1.0889442000336855, "239": 1.1739026045983072, "240": 1.1384712477797856, "241": 1.188036591758673, "242": 1.2165154483491973, "243": 1.2900750808380237, "244": 1.3030869293341907, "245": 1.3413520711348403, "246": 1.2890870870451692, "247": 1.3894138339391673, "248": 1.407528020717284, "249": 1.47456069180987, "250": 1.4927175491049796, "251": 1.5152393830054687, "252": 1.5039320618012284, "253": 1.5169016876681227, "254": 1.3315834488710927, "255": 1.5261672757260099, "256": 1.6338444117395463, "257": 1.688664469956281, "258": 1.862193686737843, "259": 1.9391878259291457, "260": 2.0477276873938757, "261": 2.18991267534329, "262": 2.313931686125465, "263": 2.4051372110337925, "264": 2.668559561536767, "265": 2.5017562163599205, "266": 2.932955571870491, "267": 3.21829592463478, "268": 3.380745914201829, "269": 3.082621731563508, "270": 2.891906861618581, "271": 2.2652065847373666, "272": 2.0572391524279094, "273": 1.7658527520449305, "274": 1.8253543861741461, "275": 1.5891003245388127, "276": 1.532587830603134, "277": 1.3089605690523105, "278": 1.3068422944794467, "279": 1.0772125775696302, "280": 1.0871878574659168, "281": 0.9442275293440702, "282": 0.8700093576955538, "283": 0.6208008821345874, "316": 0.0, "317": 0.0, "318": 0.0, "319": 0.0, "320": 0.0, "321": 0.0, "322": 0.0, "323": 0.0, "324": 0.0, "325": 0.0, "326": 0.0, "327": 0.0, "328": 0.0, "329": 0.0, "330": 0.0, "331": 0.0, "332": 0.0, "333": 0.0, "334": 0.0, "335": 0.0, "336": 0.0, "337": 0.0, "338": 0.0, "339": 0.0, "340": 0.0, "341": 0.0, "342": 0.0, "343": 0.0, "344": 0.0, "345": 0.010692849449627532, "346": 0.032100716592144175, "347": 0.03636661967126032, "348": 0.05440497810341599, "349": 0.06341504187680866, "350": 0.08066464319079274, "351": 0.09395462928293807, "352": 0.10343283882979004, "353": 0.11326755820043831, "354": 0.10302857845294812,