{"type": "scs+c", "calc_mask": [["ndi", {"band_1": 850, "band_2": 660, "min": 0.1, "max": 1.0}], ["ancillary", {"name": "slope", "min": 0.08726646259971647, "max": "+inf"}], ["ancillary", {"name": "cosine_i", "min": 0.12, "max": "+inf"}], ["cloud", {"method": "zhai_2018", "cloud": true, "shadow": false, "T1": 2.5, "t2": 0.5, "t3": 0.3333333333333333, "t4": 0.6666666666666666, "T7": 15, "T8": 15}], ["cloud", {"method": "zhai_2018", "cloud": false, "shadow": true, "T1": 2.5, "t2": 0.5, "t3": 0.3333333333333333, "t4": 0.6666666666666666, "T7": 15, "T8": 15}]], "apply_mask": [["ndi", {"band_1": 850, "band_2": 660, "min": 0.1, "max": 1.0}], ["ancillary", {"name": "slope", "min": 0.08726646259971647, "max": "+inf"}], ["ancillary", {"name": "cosine_i", "min": 0.12, "max": "+inf"}]], "c_fit_type": "nnls", "coeffs": {"4": 5.736599957836746, "5": 5.666592866830592, "6": 6.38864665256981, "7": 6.226687723733614, "8": 6.281420705794223, "9": 6.056162922575574, "10": 5.88632779591957, "11": 5.517937773647896, "12": 5.128592045995491, "13": 4.829681542466611, "14": 4.524752102281193, "15": 4.284075026249915, "16": 4.022596570562324, "17": 3.7320650473608667, "18": 3.527072311215586, "19": 3.370430283209583, "20": 3.243921051106474, "21": 3.0817288120116277, "22": 2.968117035202553, "23": 2.9540230349776126, "24": 2.9933030821400695, "25": 3.196468750766584, "26": 3.8208846833679444, "27": 5.015692896388752, "28": 7.068079941314072, "29": 10.831090625268466, "30": 16.229714191365723, "31": 20.565640295870928, "32": 19.159759026869395, "33": 16.738366563815063, "34": 14.012194029828446, "35": 10.271128839814825, "36": 7.057080612671832, "37": 4.7915645502659565, "38": 3.4749441140270183, "39": 2.75500749463833, "40": 2.359729530784817, "41": 2.011853095456629, "42": 1.7423118389047576, "43": 1.6892025900342331, "44": 1.6699531132731555, "45": 1.5837712945654843, "46": 1.4614349708072951, "47": 1.3549874601913001, "48": 1.2774478123968447, "49": 1.2202375410929336, "50": 1.1970916637801317, "51": 1.1690890255870403, "52": 1.0881274508672945, "53": 0.9639089330337662, "54": 0.8934229931760153, "55": 0.8496138296707161, "56": 0.7992753193001192, "57": 0.739398858788442, "58": 0.6945064681507438, "59": 0.6428994119492695, "60": 0.7196293755865046, "61": 0.7444017174112668, "62": 0.9840106092527504, "63": 1.588074891872492, "64": 2.906453567986308, "65": 7.012658471912047, "66": 66.54550777038988, "67": 100000.0, "68": 100000.0, "69": 100000.0, "70": 100000.0, "71": 100000.0, "72": 100000.0, "73": 100000.0, "74": 100000.0, "75": 100000.0, "76": 100000.0, "77": 100000.0, "78": 100000.0, "79": 100000.0, "80": 100000.0, "81": 100000.0, "82": 100000.0, "83": 100000.0, "84": 100000.0, "85": 100000.0, "86": 100000.0, "87": 100000.0, "88": 100000.0, "89": 100000.0, "90": 100000.0, "91": 100000.0, "92": 100000.0, "93": 100000.0, "94": 100000.0, "95": 100000.0, "96": 100000.0, "97": 100000.0, "98": 100000.0, "99": 100000.0, "100": 100000.0, "101": 100000.0, "102": 100000.0, "103": 100000.0, "104": 100000.0, "105": 100000.0, "106": 100000.0, "107": 100000.0, "108": 100000.0, "109": 100000.0, "110": 100000.0, "111": 100000.0, "112": 100000.0, "113": 100000.0, "114": 100000.0, "115": 100000.0, "116": 100000.0, "117": 100000.0, "118": 100000.0, "119": 100000.0, "120": 100000.0, "121": 100000.0, "122": 100000.0, "123": 100000.0, "124": 100000.0, "125": 100000.0, "126": 100000.0, "127": 100000.0, "128": 100000.0, "129": 100000.0, "130": 100000.0, "131": 100000.0, "132": 100000.0, "133": 100000.0, "134": 100000.0, "135": 100000.0, "136": 100000.0, "137": 100000.0, "138": 100000.0, "139": 100000.0, "140": 100000.0, "141": 100000.0, "142": 100000.0, "143": 100000.0, "144": 100000.0, "145": 100000.0, "146": 100000.0, "147": 100000.0, "148": 11.594384627322649, "149": 7.492799215991793, "150": 14.634541048011824, "151": 23.040828671597637, "152": 19.975795437231103, "153": 10.691610223725267, "154": 18.343916012538674, "155": 285.88565050825247, "156": 100000.0, "157": 100000.0, "158": 100000.0, "159": 100000.0, "160": 100000.0, "161": 100000.0, "162": 100000.0, "163": 100000.0, "164": 100000.0, "165": 100000.0, "166": 100000.0, "167": 100000.0, "168": 100000.0, "169": 100000.0, "170": 100000.0, "171": 100000.0, "172": 100000.0, "173": 100000.0, "174": 100000.0, "175": 100000.0, "176": 100000.0, "177": 100000.0, "178": 100000.0, "179": 100000.0, "180": 100000.0, "181": 100000.0, "182": 100000.0, "183": 100000.0, "184": 100000.0, "185": 100000.0, "186": 100000.0, "187": 667.1521062265915, "188": 29.10434274467295, "189": 12.504590447053632, "190": 6.356088971903799, "210": 0.1378237074501129, "211": 0.10387536468708816, "212": 0.1829275376024421, "213": 0.32050787298579864, "214": 0.360360869422413, "215": 0.42622777334826695, "216": 0.41581129399322386, "217": 0.3289001596946891, "218": 0.410280189855263, "219": 0.45660692720977375, "220": 0.5302110955760458, "221": 0.622730341584587, "222": 0.7433119311919233, "223": 0.860377795757137, "224": 0.9295173475233746, "225": 1.0351679041366177, "226": 1.1150557233876464, "227": 1.1964436808602186, "228": 1.3186113633223346, "229": 1.395498746013553, "230": 1.508885891365925, "231": 1.6035904124219698, "232": 1.6867045829541691, "233": 1.787859504696121, "234": 1.8788842556158576, "235": 1.9725150349631653, "236": 2.0472393600824446, "237": 2.110399459469901, "238": 2.17227590034386, "239": 2.260328636602557, "240": 2.361292243086468, "241": 2.462235238828017, "242": 2.5456942313432993, "243": 2.6114460562825115, "244": 2.677943958420801, "245": 2.772049661148158, "246": 2.8809027453424085, "247": 3.004606651408552, "248": 3.0973185273467156, "249": 3.1730316303666033, "250": 3.223481956898223, "251": 3.2640184733393958, "252": 3.286821694846893, "253": 3.315104925261088, "254": 3.3124615866063563, "255": 3.335660567313945, "256": 3.3204574226389374, "257": 3.3452191625931302, "258": 3.3516997435145406, "259": 3.3105216481906514, "260": 3.2798981455311247, "261": 3.1894306486690933, "262": 3.098614667321341, "263": 3.0204162110910713, "264": 2.970622569697278, "265": 2.8216044781246716, "266": 2.7591080574540583, "267": 2.7219001676212033, "268": 2.5502502120916626, "269": 2.5233219195069316, "270": 2.417972288851135, "271": 2.309849175404, "272": 2.2204558532956757, "273": 2.1078646792443476, "274": 2.0576949667203714, "275": 1.947187709438977, "276": 1.811671976425196, "277": 1.6817406204502476, "278": 1.5973006475894382, "279": 1.4436000885124063, "280": 1.3738986118758694, "281": 1.3150443671056924, "282": 1.102445355398632, "283": 0.9872369736719908, "316": 0.03031356008245992, "317": 0.09217345893978521, "318": 0.1102425763312615, "319": 0.1331582053590576, "320": 0.15366401636077293, "321": 0.16754072319677962, "322": 0.1801629574290038, "323": 0.16929499817797714, "324": 0.15495128240140105, "325": 0.20927498532397373, "326": 0.21337050238989488, "327": 0.2500814927346876, "328": 0.29071895885680193, "329": 0.31109429983327563, "330": 0.33584535394533127, "331": 0.34700227592931715, "332": 0.3542133694920397, "333": 0.364603888272996, "334": 0.3619841904343918, "335": 0.3724242517862564, "336": 0.38428051711248495, "337": 0.40005342715351583, "338": 0.42234437458462265, "339": 0.441000243742698, "340": 0.45766361276160494, "341": 0.47567010900624546, "342": 0.48820666010595404, "343": 0.4968591181696009, "344": 0.5198916664424407, "345": 0.5387140337596863, "346": 0.5509364790071672, "347": 0.5609109840355666, "348": 0.5806806573782279, "349": 0.6026419882964825, "350": 0.6245763664382523, "351": 0.6448236631892029, "352": 0.667024040159988, "353": 0.6754274623173822, "354": 0.6937511205916401, "355": 0.7291608558009812, "356": 0.7538693599440642, "357": 0.7872851634749889, "358": 0.8092694282704336, "359": 0.842572219474312, "360": 0.8634498413038151, "361": 0.9256138341472451, "362": 0.9728143027496833, "363": 1.005266043319196, "364": 1.0606030579783592, "365": 1.0889940556337718, "366": 1.066475694665405, "367": 1.0382289069970827,