{"type": "scs+c", "calc_mask": [["ndi", {"band_1": 850, "band_2": 660, "min": 0.1, "max": 1.0}], ["ancillary", {"name": "slope", "min": 0.08726646259971647, "max": "+inf"}], ["ancillary", {"name": "cosine_i", "min": 0.12, "max": "+inf"}], ["cloud", {"method": "zhai_2018", "cloud": true, "shadow": false, "T1": 2.5, "t2": 0.5, "t3": 0.3333333333333333, "t4": 0.6666666666666666, "T7": 15, "T8": 15}], ["cloud", {"method": "zhai_2018", "cloud": false, "shadow": true, "T1": 2.5, "t2": 0.5, "t3": 0.3333333333333333, "t4": 0.6666666666666666, "T7": 15, "T8": 15}]], "apply_mask": [["ndi", {"band_1": 850, "band_2": 660, "min": 0.1, "max": 1.0}], ["ancillary", {"name": "slope", "min": 0.08726646259971647, "max": "+inf"}], ["ancillary", {"name": "cosine_i", "min": 0.12, "max": "+inf"}]], "c_fit_type": "nnls", "coeffs": {"4": 100000.0, "5": 100000.0, "6": 100000.0, "7": 100000.0, "8": 100000.0, "9": 100000.0, "10": 100000.0, "11": 100000.0, "12": 100000.0, "13": 100000.0, "14": 100000.0, "15": 100000.0, "16": 100000.0, "17": 100000.0, "18": 100000.0, "19": 100000.0, "20": 100000.0, "21": 100000.0, "22": 100000.0, "23": 100000.0, "24": 100000.0, "25": 100000.0, "26": 100000.0, "27": 100000.0, "28": 100000.0, "29": 100000.0, "30": 100000.0, "31": 100000.0, "32": 100000.0, "33": 100000.0, "34": 100000.0, "35": 100000.0, "36": 100000.0, "37": 100000.0, "38": 82.8616566996053, "39": 32.94717520467807, "40": 22.84456182660582, "41": 16.294884608611156, "42": 12.182424103022624, "43": 11.839753379310775, "44": 11.938979087028864, "45": 11.234464314837266, "46": 10.262272459139854, "47": 9.441356540642781, "48": 8.88806442876476, "49": 8.31844302725631, "50": 8.162593576282758, "51": 8.082821643348698, "52": 7.6035243963123476, "53": 6.682959294054194, "54": 6.335340868748615, "55": 6.212373058465613, "56": 6.048980560474905, "57": 5.778331547692649, "58": 5.523923417568014, "59": 5.25646367158143, "60": 5.751849139286313, "61": 5.536036794201787, "62": 7.074225379167654, "63": 13.049811908740818, "64": 72.71223809993073, "65": 100000.0, "66": 100000.0, "67": 100000.0, "68": 100000.0, "69": 100000.0, "70": 100000.0, "71": 100000.0, "72": 100000.0, "73": 100000.0, "74": 100000.0, "75": 100000.0, "76": 100000.0, "77": 100000.0, "78": 100000.0, "79": 100000.0, "80": 100000.0, "81": 100000.0, "82": 100000.0, "83": 100000.0, "84": 100000.0, "85": 100000.0, "86": 100000.0, "87": 100000.0, "88": 100000.0, "89": 100000.0, "90": 100000.0, "91": 100000.0, "92": 100000.0, "93": 100000.0, "94": 100000.0, "95": 100000.0, "96": 100000.0, "97": 100000.0, "98": 100000.0, "99": 100000.0, "100": 100000.0, "101": 100000.0, "102": 100000.0, "103": 100000.0, "104": 100000.0, "105": 100000.0, "106": 100000.0, "107": 100000.0, "108": 100000.0, "109": 100000.0, "110": 100000.0, "111": 100000.0, "112": 100000.0, "113": 100000.0, "114": 100000.0, "115": 100000.0, "116": 100000.0, "117": 100000.0, "118": 100000.0, "119": 100000.0, "120": 100000.0, "121": 100000.0, "122": 100000.0, "123": 100000.0, "124": 100000.0, "125": 100000.0, "126": 100000.0, "127": 100000.0, "128": 100000.0, "129": 100000.0, "130": 100000.0, "131": 100000.0, "132": 100000.0, "133": 100000.0, "134": 100000.0, "135": 100000.0, "136": 100000.0, "137": 100000.0, "138": 100000.0, "139": 100000.0, "140": 100000.0, "141": 100000.0, "142": 100000.0, "143": 100000.0, "144": 100000.0, "145": 100000.0, "146": 100000.0, "147": 100000.0, "148": 100000.0, "149": 35.44442491115351, "150": 100000.0, "151": 100000.0, "152": 100000.0, "153": 164.27737292050398, "154": 100000.0, "155": 100000.0, "156": 100000.0, "157": 100000.0, "158": 100000.0, "159": 100000.0, "160": 100000.0, "161": 100000.0, "162": 100000.0, "163": 100000.0, "164": 100000.0, "165": 100000.0, "166": 100000.0, "167": 100000.0, "168": 100000.0, "169": 100000.0, "170": 100000.0, "171": 100000.0, "172": 100000.0, "173": 100000.0, "174": 100000.0, "175": 100000.0, "176": 100000.0, "177": 100000.0, "178": 100000.0, "179": 100000.0, "180": 100000.0, "181": 100000.0, "182": 100000.0, "183": 100000.0, "184": 100000.0, "185": 100000.0, "186": 100000.0, "187": 100000.0, "188": 100000.0, "189": 109.79941162641268, "190": 14.67719523833975, "210": 1.7900014254280814, "211": 1.6997473506704492, "212": 1.7027496970957083, "213": 1.8859121174856577, "214": 1.5623173900167993, "215": 1.8069032691971965, "216": 1.7594057125283988, "217": 1.546186075823743, "218": 1.5893716389410264, "219": 1.7623700426857192, "220": 1.9528842705031402, "221": 2.117623610864954, "222": 2.5183273702209594, "223": 2.887764969119833, "224": 3.0580392436563697, "225": 3.3078025890461187, "226": 3.493538466922433, "227": 3.642541017047367, "228": 4.014737631118206, "229": 4.138603798224441, "230": 4.3844529876352265, "231": 4.596975613455378, "232": 4.683099636187469, "233": 4.911421810402659, "234": 5.056613772984993, "235": 5.214422034411124, "236": 5.363964494000187, "237": 5.403976704338768, "238": 5.489874829197277, "239": 5.651302682183222, "240": 5.782498986551221, "241": 5.9309817795298025, "242": 6.054685901923231, "243": 6.115337675027422, "244": 6.058527964222352, "245": 6.126927408996932, "246": 6.2327277543684545, "247": 6.576180539130673, "248": 6.603244628879732, "249": 6.6091103439054075, "250": 6.667537077020303, "251": 6.687412296628151, "252": 6.567089871261197, "253": 6.590406177686904, "254": 6.485636609484167, "255": 6.384562797558141, "256": 6.325572624710635, "257": 6.258447558223698, "258": 6.211083043946553, "259": 6.04232326502705, "260": 5.92652224212865, "261": 5.725930500537657, "262": 5.498161484111271, "263": 5.274685192728417, "264": 5.10490767154221, "265": 4.728128193453807, "266": 4.577808981569249, "267": 4.551612921253338, "268": 4.213241275483712, "269": 4.213575721957746, "270": 4.106694693468879, "271": 3.9939277491334844, "272": 3.9788704241866104, "273": 3.7779661273922525, "274": 3.834545205700806, "275": 3.669370968853796, "276": 3.488563402140562, "277": 3.3053649278730486, "278": 3.2299169033599724, "279": 2.8917756403577584, "280": 2.798824679851373, "281": 2.6755282797906, "282": 2.229899909270998, "283": 2.12234917459869, "316": 0.8853450857912638, "317": 1.0583010618827962, "318": 1.0789711133506137, "319": 1.139661638442194, "320": 1.1954755591682578, "321": 1.2222725716715888, "322": 1.2856960697440696, "323": 1.3254848219367386, "324": 1.2792393090003829, "325": 1.3721631842842803, "326": 1.3925744150603008, "327": 1.4092400336214974, "328": 1.518691835445405, "329": 1.5721826092316464, "330": 1.6390957433306594, "331": 1.6624818201766596, "332": 1.6695292030157014, "333": 1.706904396598461, "334": 1.6668557406209006, "335": 1.6706092864193616, "336": 1.695650399609548, "337": 1.7201450927020145, "338": 1.7566783795308507, "339": 1.7929925343457394, "340": 1.8279372057158667, "341": 1.8576649231768447, "342": 1.8694588721154464, "343": 1.861239544025671, "344": 1.9102752807711685, "345": 1.943113368353064, "346": 1.950588820638104, "347": 1.941769279819019, "348": 1.9657696336788788, "349": 1.9908122228391265, "350": 2.0370253600887978, "351": 2.0616143512079863, "352": 2.1057114735116564, "353": 2.1069631897679715, "354": 2.1212783070399572, "355": 2.207734109191033, "356": 2.243503010366433, "357": 2.317990347055839, "358": 2.3639425346181313, "359": 2.442640062960346, "360": 2.468819672151398, "361": 2.622190543465489, "362": 2.7506175644645183, "363": 2.817563472170363, "364": 2.9637241372408347, "365": 3.0298793014040055, "366": 2.9726353144446125, "367": 2.8999877977373867, "368": 2.824711302566637, "369": 2.755087019602703, "370": 2.6708691386569505, "371": 2.5964750790553746, "372": 2.5121469963529597, "373": 2.4409330681904478, "374": 2.3609368174265453, "375": 2.2744452692495676, "376": 2.1917531630431193, "377": 2.1171358284210906, "378": 2.083018642524712, "379": 2.055929779284722, "380": 2.011443738081332, "381": 1.9657205227799783, "382": 1.9003661982158766, "383": 1.8614156594468418, "384": 1.8390279173789466, "385": 1.815627767297641,