{"type": "scs+c", "calc_mask": [["ndi", {"band_1": 850, "band_2": 660, "min": 0.1, "max": 1.0}], ["ancillary", {"name": "slope", "min": 0.08726646259971647, "max": "+inf"}], ["ancillary", {"name": "cosine_i", "min": 0.12, "max": "+inf"}], ["cloud", {"method": "zhai_2018", "cloud": true, "shadow": false, "T1": 2.5, "t2": 0.5, "t3": 0.3333333333333333, "t4": 0.6666666666666666, "T7": 15, "T8": 15}], ["cloud", {"method": "zhai_2018", "cloud": false, "shadow": true, "T1": 2.5, "t2": 0.5, "t3": 0.3333333333333333, "t4": 0.6666666666666666, "T7": 15, "T8": 15}]], "apply_mask": [["ndi", {"band_1": 850, "band_2": 660, "min": 0.1, "max": 1.0}], ["ancillary", {"name": "slope", "min": 0.08726646259971647, "max": "+inf"}], ["ancillary", {"name": "cosine_i", "min": 0.12, "max": "+inf"}]], "c_fit_type": "nnls", "coeffs": {"4": 3.519975557041717, "5": 2.879162870259291, "6": 2.6957193575265284, "7": 2.316496560060599, "8": 2.0802727129323624, "9": 1.8830659271286, "10": 1.7554736843900318, "11": 1.616208150407651, "12": 1.514759409224467, "13": 1.4168716547046991, "14": 1.3193146953759154, "15": 1.2391751712727415, "16": 1.1588427684251696, "17": 1.0688315181298373, "18": 1.003564381835207, "19": 0.9547251335560093, "20": 0.9031104154513593, "21": 0.8441821209111594, "22": 0.8064266114324447, "23": 0.7852692511967331, "24": 0.7875756039980701, "25": 0.8240805288391865, "26": 0.9264857317810204, "27": 1.0935952669347628, "28": 1.328858914209723, "29": 1.6013034347040243, "30": 1.8173090267162908, "31": 1.8992634721155444, "32": 1.8449520586609245, "33": 1.7617303693139776, "34": 1.63547023984948, "35": 1.4424114163237844, "36": 1.2057007990780255, "37": 0.9790988801096924, "38": 0.7754743894709264, "39": 0.6280068713557062, "40": 0.528779941449629, "41": 0.4458554411120654, "42": 0.382320405870156, "43": 0.35497545914690476, "44": 0.3352364480481475, "45": 0.30291994953524165, "46": 0.2635750385693443, "47": 0.2295739372747511, "48": 0.20412133879376895, "49": 0.18826242115591713, "50": 0.17849903176400495, "51": 0.1652523929246509, "52": 0.14163493072174996, "53": 0.10523829130519145, "54": 0.08325611834031543, "55": 0.06573715477309365, "56": 0.0469016998078086, "57": 0.025954448426829774, "58": 0.003913095568610008, "59": 0.0, "60": 0.0, "61": 0.03996723649458781, "62": 0.12274072216100522, "63": 0.2863330656430702, "64": 0.5533668091302097, "65": 0.9894118148526223, "66": 1.70950035824299, "67": 2.713929724561527, "68": 6.211214643250178, "69": 53.39602842552041, "70": 100000.0, "71": 100000.0, "72": 100000.0, "73": 100000.0, "74": 100000.0, "75": 100000.0, "76": 100000.0, "77": 100000.0, "78": 100000.0, "79": 100000.0, "80": 100000.0, "81": 100000.0, "82": 100000.0, "83": 100000.0, "84": 100000.0, "85": 100000.0, "86": 100000.0, "87": 100000.0, "88": 100000.0, "89": 100000.0, "90": 100000.0, "91": 100000.0, "92": 100000.0, "93": 100000.0, "94": 100000.0, "95": 100000.0, "96": 100000.0, "97": 100000.0, "98": 100000.0, "99": 100000.0, "100": 100000.0, "101": 100000.0, "102": 100000.0, "103": 100000.0, "104": 100000.0, "105": 100000.0, "106": 100000.0, "107": 100000.0, "108": 100000.0, "109": 100000.0, "110": 100000.0, "111": 100000.0, "112": 100000.0, "113": 100000.0, "114": 100000.0, "115": 100000.0, "116": 100000.0, "117": 100000.0, "118": 100000.0, "119": 100000.0, "120": 100000.0, "121": 100000.0, "122": 100000.0, "123": 100000.0, "124": 100000.0, "125": 100000.0, "126": 100000.0, "127": 100000.0, "128": 100000.0, "129": 100000.0, "130": 100000.0, "131": 100000.0, "132": 100000.0, "133": 100000.0, "134": 100000.0, "135": 100000.0, "136": 100000.0, "137": 100000.0, "138": 100000.0, "139": 100000.0, "140": 100000.0, "141": 100000.0, "142": 100000.0, "143": 100000.0, "144": 100000.0, "145": 100000.0, "146": 100000.0, "147": 25.169746332475764, "148": 7.095413765716485, "149": 5.048232223049646, "150": 7.226909866801982, "151": 9.60368657969742, "152": 6.657289045607922, "153": 4.3554954877071665, "154": 5.137204941681126, "155": 6.900727571028251, "156": 9.120505280488617, "157": 9.790912988914426, "158": 10.03256273694642, "159": 9.361796303837389, "160": 7.997579619526556, "161": 7.56161922020497, "162": 7.952342207789808, "163": 7.282706455028773, "164": 7.17097857522927, "165": 7.794816331309512, "166": 7.885103671856331, "167": 9.31131345507139, "168": 10.543136832213476, "169": 12.522718940678438, "170": 15.041341625421703, "171": 17.308486181471622, "172": 19.324925052723497, "173": 20.935586250885006, "174": 22.44315959523219, "175": 24.045712505743705, "176": 24.04051579813989, "177": 23.063413722538602, "178": 22.268567675934214, "179": 20.387104718102144, "180": 18.241396990296206, "181": 15.455436389252927, "182": 12.679219591234231, "183": 10.052279991946802, "184": 8.080560497249104, "185": 6.25966722268989, "186": 5.022204529793914, "187": 4.286814695015092, "188": 3.3673780391358763, "189": 2.5744177555164534, "190": 1.8999812987747806, "210": 0.0, "211": 0.0, "212": 0.0, "213": 0.0, "214": 0.0, "215": 0.0, "216": 0.0, "217": 0.0, "218": 0.0, "219": 0.0, "220": 0.015145416438153626, "221": 0.050053921262581756, "222": 0.09547248736670129, "223": 0.13580391304241016, "224": 0.15526139307577377, "225": 0.18752635420678188, "226": 0.2096363633413495, "227": 0.23045323176871232, "228": 0.26285006018883, "229": 0.2833003777349716, "230": 0.31092120856666894, "231": 0.3338679304234906, "232": 0.3542858527363424, "233": 0.37562077298137814, "234": 0.3951799798900927, "235": 0.4154563608667651, "236": 0.4337366485212811, "237": 0.45279087203246027, "238": 0.4706011522679573, "239": 0.4884938936856004, "240": 0.5030622807577685, "241": 0.5163402443797557, "242": 0.532969511470452, "243": 0.5496051662386833, "244": 0.5673027495373352, "245": 0.5786326127472103, "246": 0.5915603780815062, "247": 0.6042269538223939, "248": 0.6152864379461586, "249": 0.6230361575762587, "250": 0.6328184007304356, "251": 0.6402127902672139, "252": 0.6455337378529941, "253": 0.646635351099728, "254": 0.6423437480920292, "255": 0.6383288121131425, "256": 0.6361210966951959, "257": 0.6347104233960581, "258": 0.6276447299277856, "259": 0.6213651502141883, "260": 0.6144980125961353, "261": 0.5929609430716212, "262": 0.5741858308740742, "263": 0.553431167445221, "264": 0.5362710537793325, "265": 0.5018533311389196, "266": 0.48613533876517817, "267": 0.47371681323565756, "268": 0.4460547292287541, "269": 0.43522611735822936, "270": 0.4247974919069914, "271": 0.4186240655389159, "272": 0.40461218850375186, "273": 0.38536461546662076, "274": 0.3754835412989639, "275": 0.35657611324620014, "276": 0.33186584869090946, "277": 0.31381009645381297, "278": 0.29766822281283056, "279": 0.2527423610379523, "280": 0.2375576982725324, "281": 0.23439296241646135, "282": 0.16549835907325738, "283": 0.14227692319330063, "316": 0.0, "317": 0.0, "318": 0.0, "319": 0.0, "320": 0.0, "321": 0.0, "322": 0.0, "323": 0.0, "324": 0.0, "325": 0.0, "326": 0.0, "327": 0.0, "328": 0.0, "329": 0.0, "330": 0.0, "331": 0.0, "332": 0.0, "333": 0.0, "334": 0.0, "335": 0.0, "336": 0.0, "337": 0.0, "338": 0.0, "339": 0.0, "340": 0.0, "341": 0.0, "342": 0.0, "343": 0.0, "344": 0.004213951751057145, "345": 0.010002170225671157, "346": 0.013734629236966498, "347": 0.014465452764315124, "348": 0.018752226050221813, "349": 0.024366952563608713, "350": 0.03147089347209156, "351": 0.03557898534310411, "352": 0.04293480206119264, "353": 0.047146994513404886, "354": 0.05400677492431586, "355": 0.06681309860780085, "356": 0.07484703249366342, "357": 0.08693033011135694, "358": 0.09314450573846278, "359": 0.10405913256129663, "360": 0.10894228442216784, "361": 0.1262436465500819, "362": 0.14014248766262985, "363": 0.1536850169100897, "364": 0.16812164620454928, "365": 0.1704282002251855, "366": 0.15985823028902663, "367": 0.15177175336356816, "368": 0.14362701375479583, "369": 0.1373574616872819, "370": 0.12980320338864695, "371": 0.12301937109325364, "372": 0.11548767502663233, "373": 0.10832548402155404,