{"type": "scs+c", "calc_mask": [["ndi", {"band_1": 850, "band_2": 660, "min": 0.1, "max": 1.0}], ["ancillary", {"name": "slope", "min": 0.08726646259971647, "max": "+inf"}], ["ancillary", {"name": "cosine_i", "min": 0.12, "max": "+inf"}], ["cloud", {"method": "zhai_2018", "cloud": true, "shadow": false, "T1": 2.5, "t2": 0.5, "t3": 0.3333333333333333, "t4": 0.6666666666666666, "T7": 15, "T8": 15}], ["cloud", {"method": "zhai_2018", "cloud": false, "shadow": true, "T1": 2.5, "t2": 0.5, "t3": 0.3333333333333333, "t4": 0.6666666666666666, "T7": 15, "T8": 15}]], "apply_mask": [["ndi", {"band_1": 850, "band_2": 660, "min": 0.1, "max": 1.0}], ["ancillary", {"name": "slope", "min": 0.08726646259971647, "max": "+inf"}], ["ancillary", {"name": "cosine_i", "min": 0.12, "max": "+inf"}]], "c_fit_type": "nnls", "coeffs": {"4": 5.713365732887831, "5": 5.974654888645245, "6": 7.0195254693338756, "7": 7.045497061119214, "8": 7.696563621969922, "9": 7.436063127544971, "10": 8.160375764699447, "11": 7.829851601621731, "12": 7.506535315442458, "13": 7.198358094320511, "14": 6.925265282878519, "15": 6.635470262151392, "16": 6.447751695043991, "17": 6.23413129175281, "18": 6.102020854693786, "19": 6.211263631663579, "20": 5.897081404179359, "21": 5.873996002445247, "22": 5.612238190858124, "23": 5.570328239619617, "24": 5.658579388291988, "25": 5.7611675896608, "26": 6.5898097782993865, "27": 8.10062178105752, "28": 9.65721817644987, "29": 12.113245121425834, "30": 13.95296114876237, "31": 14.613722109711423, "32": 14.29161026035113, "33": 13.381172872876038, "34": 12.298991974130947, "35": 10.828364226731022, "36": 8.812358336212176, "37": 6.6120584715136275, "38": 5.427565112242181, "39": 4.664082163735437, "40": 4.275675158583179, "41": 3.81292069822748, "42": 3.47744008456013, "43": 3.4610036190663704, "44": 3.4923245162196612, "45": 3.4172383179967403, "46": 3.2921725593905906, "47": 3.166820836208935, "48": 3.0590355805222695, "49": 3.0071295443431203, "50": 2.9943407930002426, "51": 2.9958745980287174, "52": 2.8651371295795616, "53": 2.655284077621494, "54": 2.5373212754345933, "55": 2.5223167179748494, "56": 2.4503915729190098, "57": 2.3250298249669092, "58": 2.213843895748426, "59": 2.093373600008315, "60": 2.326613754848563, "61": 2.2807102181486245, "62": 2.9365541687534917, "63": 4.418040503307969, "64": 7.427365548689242, "65": 15.739022188883855, "66": 48.01871010027242, "67": 46.97950533838949, "68": 278.3404947195289, "69": 100000.0, "70": 100000.0, "71": 100000.0, "72": 100000.0, "73": 100000.0, "74": 100000.0, "75": 100000.0, "76": 476.3898473366643, "77": 100000.0, "78": 100000.0, "79": 100000.0, "80": 100000.0, "81": 100000.0, "82": 100000.0, "83": 100000.0, "84": 100000.0, "85": 100000.0, "86": 100000.0, "87": 100000.0, "88": 100000.0, "89": 100000.0, "90": 100000.0, "91": 100000.0, "92": 100000.0, "93": 100000.0, "94": 100000.0, "95": 100000.0, "96": 100000.0, "97": 100000.0, "98": 100000.0, "99": 100000.0, "100": 100000.0, "101": 100000.0, "102": 100000.0, "103": 100000.0, "104": 100000.0, "105": 100000.0, "106": 100000.0, "107": 100000.0, "108": 100000.0, "109": 100000.0, "110": 36.4743459923948, "111": 47.46925034650334, "112": 135.88763691715596, "113": 90.88582049676405, "114": 332.80285574443405, "115": 100000.0, "116": 100000.0, "117": 100000.0, "118": 100000.0, "119": 100000.0, "120": 100000.0, "121": 100000.0, "122": 100000.0, "123": 100000.0, "124": 100000.0, "125": 100000.0, "126": 100000.0, "127": 100000.0, "128": 100000.0, "129": 100000.0, "130": 100000.0, "131": 100000.0, "132": 100000.0, "133": 100000.0, "134": 100000.0, "135": 100000.0, "136": 100000.0, "137": 100000.0, "138": 100000.0, "139": 100000.0, "140": 100000.0, "141": 100000.0, "142": 100000.0, "143": 100000.0, "144": 100000.0, "145": 100000.0, "146": 100000.0, "147": 100000.0, "148": 1475.0134356676588, "149": 100000.0, "150": 100000.0, "151": 100000.0, "152": 100000.0, "153": 100000.0, "154": 100000.0, "155": 100000.0, "156": 100000.0, "157": 100000.0, "158": 100000.0, "159": 100000.0, "160": 100000.0, "161": 100000.0, "162": 100000.0, "163": 100000.0, "164": 100000.0, "165": 100000.0, "166": 100000.0, "167": 100000.0, "168": 100000.0, "169": 100000.0, "170": 100000.0, "171": 100000.0, "172": 100000.0, "173": 100000.0, "174": 100000.0, "175": 100000.0, "176": 100000.0, "177": 100000.0, "178": 100000.0, "179": 100000.0, "180": 100000.0, "181": 100000.0, "182": 100000.0, "183": 100000.0, "184": 100000.0, "185": 100000.0, "186": 100000.0, "187": 100000.0, "188": 100000.0, "189": 100000.0, "190": 100000.0, "210": 2.133971198258163, "211": 2.0547749692381894, "212": 2.6783965299161054, "213": 3.2293111837072748, "214": 3.1504167192145007, "215": 3.273020558242785, "216": 3.1872904320300144, "217": 2.668949108321976, "218": 3.4208147616251114, "219": 3.4657234151668463, "220": 3.8391523930101403, "221": 4.710296564677827, "222": 5.517317645379057, "223": 6.5841428125500885, "224": 7.423384684369478, "225": 9.000357624868084, "226": 10.543074747090376, "227": 12.581443444836491, "228": 16.326029927752966, "229": 19.183533928262868, "230": 25.254833960417574, "231": 33.97517209653793, "232": 45.398296305862054, "233": 74.19748226267586, "234": 171.5703726131351, "235": 100000.0, "236": 100000.0, "237": 100000.0, "238": 100000.0, "239": 100000.0, "240": 100000.0, "241": 100000.0, "242": 100000.0, "243": 100000.0, "244": 100000.0, "245": 100000.0, "246": 100000.0, "247": 100000.0, "248": 100000.0, "249": 100000.0, "250": 100000.0, "251": 100000.0, "252": 100000.0, "253": 100000.0, "254": 100000.0, "255": 100000.0, "256": 100000.0, "257": 100000.0, "258": 100000.0, "259": 100000.0, "260": 100000.0, "261": 100000.0, "262": 100000.0, "263": 100000.0, "264": 100000.0, "265": 100000.0, "266": 100000.0, "267": 100000.0, "268": 100000.0, "269": 100000.0, "270": 100000.0, "271": 100000.0, "272": 100000.0, "273": 100000.0, "274": 100000.0, "275": 100000.0, "276": 100000.0, "277": 193.31087228916687, "278": 74.38314569090502, "279": 45.750394524986625, "280": 39.54049462651782, "281": 23.74783661785903, "282": 19.593636607529604, "283": 12.106212243271889, "316": 1.2411378111825069, "317": 1.3137915167237557, "318": 1.4626545574419554, "319": 1.5834640754113154, "320": 1.6525870749938578, "321": 1.7729260342625506, "322": 1.7312815947689053, "323": 1.6013226832928533, "324": 1.7062535277530682, "325": 1.7108539451017184, "326": 1.8218115031790725, "327": 2.064280360795063, "328": 2.194438756775301, "329": 2.294401082528542, "330": 2.3452234833143413, "331": 2.317176584975101, "332": 2.2210164172760143, "333": 2.1116407242294244, "334": 2.051222206861263, "335": 2.0055413986987993, "336": 2.0081015953392143, "337": 2.008634402999429, "338": 2.0384879696544767, "339": 2.0853406481491605, "340": 2.110164316121087, "341": 2.1219919006177763, "342": 2.157701169313919, "343": 2.191905732889439, "344": 2.234596021427439, "345": 2.286141395057295, "346": 2.3033029749727953, "347": 2.368615876159232, "348": 2.4238351978180215, "349": 2.4902334597574822, "350": 2.5724309488040515, "351": 2.6372235306312786, "352": 2.7246026544658615, "353": 2.7750647955264256, "354": 2.923691590401984, "355": 3.068024848110154, "356": 3.26968400959608, "357": 3.445203994770038, "358": 3.6870681118411, "359": 3.911546213485445, "360": 4.389190986889001, "361": 4.923302667160172, "362": 5.540063550926518, "363": 6.249867528261723, "364": 7.157220128584217, "365": 7.624940924017204, "366": 7.821810243011301, "367": 7.288585536360696, "368": 6.73887415758957, "369": 5.96067551171651, "370": 5.269435156838359, "371": 4.636049184575685, "372": 4.124713401148621, "373": 3.730899629086507, "374": 3.3787340835213375, "375": 3.0574570359430266, "376": 2.799244273044629, "377": 2.610359022347821, "378": 2.5073045874340227, "379": 2.473596592278563, "380": 2.4919976365418846, "381": 2.4428489204224397, "382": 2.4025526180297385, "383": 2.2967195143254697, "384": 2.224567528851221, "385": 2.102185761356029,