{"type": "scs+c", "calc_mask": [["ndi", {"band_1": 850, "band_2": 660, "min": 0.1, "max": 1.0}], ["ancillary", {"name": "slope", "min": 0.08726646259971647, "max": "+inf"}], ["ancillary", {"name": "cosine_i", "min": 0.12, "max": "+inf"}], ["cloud", {"method": "zhai_2018", "cloud": true, "shadow": false, "T1": 2.5, "t2": 0.5, "t3": 0.3333333333333333, "t4": 0.6666666666666666, "T7": 15, "T8": 15}], ["cloud", {"method": "zhai_2018", "cloud": false, "shadow": true, "T1": 2.5, "t2": 0.5, "t3": 0.3333333333333333, "t4": 0.6666666666666666, "T7": 15, "T8": 15}]], "apply_mask": [["ndi", {"band_1": 850, "band_2": 660, "min": 0.1, "max": 1.0}], ["ancillary", {"name": "slope", "min": 0.08726646259971647, "max": "+inf"}], ["ancillary", {"name": "cosine_i", "min": 0.12, "max": "+inf"}]], "c_fit_type": "nnls", "coeffs": {"4": 100000.0, "5": 100000.0, "6": 100000.0, "7": 100000.0, "8": 100000.0, "9": 100000.0, "10": 100000.0, "11": 100000.0, "12": 100000.0, "13": 100000.0, "14": 100000.0, "15": 100000.0, "16": 100000.0, "17": 76.34921009215863, "18": 34.15714651109489, "19": 22.557263047511146, "20": 17.770140675993943, "21": 14.292312161665514, "22": 12.165534424685825, "23": 10.806420604040936, "24": 9.773194717943772, "25": 9.41126437323361, "26": 10.123071045565819, "27": 11.485200735117262, "28": 13.397650285138628, "29": 15.831741148585968, "30": 17.656645594130964, "31": 17.600442231416928, "32": 15.695356207524567, "33": 14.059062838445735, "34": 12.455640053386125, "35": 10.355500733489723, "36": 8.30448939985366, "37": 6.585090766850786, "38": 5.321405236471261, "39": 4.533025565098296, "40": 4.103497375346683, "41": 3.6331979832896946, "42": 3.232515585902049, "43": 3.1461843589969924, "44": 3.0989655173985264, "45": 2.965741155123797, "46": 2.7979345893805907, "47": 2.6544390682350967, "48": 2.5296746472502893, "49": 2.406951481507565, "50": 2.3604416859031967, "51": 2.336778687965313, "52": 2.2505425448247225, "53": 2.101832918162965, "54": 2.0277202910939667, "55": 1.9846611644842973, "56": 1.9385213171723312, "57": 1.8715907652844006, "58": 1.8034333229107558, "59": 1.7057517985557356, "60": 1.8028167020018797, "61": 1.6768966204990616, "62": 1.891503869700561, "63": 2.417158237212602, "64": 3.1797210976524584, "65": 4.564193394369004, "66": 6.7949607668265655, "67": 7.825493902497131, "68": 13.702908448626436, "69": 37.05042740314107, "70": 100000.0, "71": 100000.0, "72": 100000.0, "73": 100000.0, "74": 100000.0, "75": 100000.0, "76": 100000.0, "77": 100000.0, "78": 100000.0, "79": 100000.0, "80": 100000.0, "81": 100000.0, "82": 100000.0, "83": 100000.0, "84": 100000.0, "85": 100000.0, "86": 100000.0, "87": 100000.0, "88": 100000.0, "89": 100000.0, "90": 100000.0, "91": 100000.0, "92": 100000.0, "93": 100000.0, "94": 100000.0, "95": 100000.0, "96": 100000.0, "97": 100000.0, "98": 100000.0, "99": 100000.0, "100": 100000.0, "101": 100000.0, "102": 100000.0, "103": 100000.0, "104": 100000.0, "105": 100000.0, "106": 100000.0, "107": 100000.0, "108": 100000.0, "109": 100000.0, "110": 8.483629846881595, "111": 7.334503932779254, "112": 9.469626330610375, "113": 8.386994466024113, "114": 8.977365553615927, "115": 10.829099797776983, "116": 15.080106162898351, "117": 42.56248527539552, "118": 120.67239306745402, "119": 95.65208841335324, "120": 100000.0, "121": 100000.0, "122": 100000.0, "123": 100000.0, "124": 100000.0, "125": 100000.0, "126": 100000.0, "127": 100000.0, "128": 100000.0, "129": 100000.0, "130": 100000.0, "131": 100000.0, "132": 100000.0, "133": 100000.0, "134": 100000.0, "135": 100000.0, "136": 100000.0, "137": 100000.0, "138": 100000.0, "139": 100000.0, "140": 100000.0, "141": 100000.0, "142": 100000.0, "143": 66.24413180874609, "144": 25.92988402816556, "145": 16.01962753943353, "146": 9.36288792422235, "147": 4.427841453051777, "148": 2.949910653002074, "149": 2.8956776771830666, "150": 3.668728829800818, "151": 4.327062779417827, "152": 3.917710021541909, "153": 3.2880533558952956, "154": 3.654319006199252, "155": 4.706591132768599, "156": 5.935890307964561, "157": 6.620504579077093, "158": 7.041738708367408, "159": 7.100528054552027, "160": 6.715561542695554, "161": 6.71137904149383, "162": 7.084879469396852, "163": 6.861066305628115, "164": 6.772576962419, "165": 7.005393090588352, "166": 6.988747850622895, "167": 7.573460604080463, "168": 7.8728609005859385, "169": 8.318481538692147, "170": 8.764995128405987, "171": 9.029467654812093, "172": 9.118509529312341, "173": 9.04263220368222, "174": 8.844678280125098, "175": 8.48678736676109, "176": 7.744646202202031, "177": 7.0980803938331585, "178": 7.702940965672449, "179": 8.104387760393037, "180": 8.141468247030472, "181": 7.80002328627799, "182": 7.290546541582721, "183": 6.696586212736643, "184": 6.067336884173489, "185": 5.320012399846462, "186": 4.81774311800238, "187": 4.555314583200077, "188": 4.022611779403819, "189": 3.369142953087878, "190": 2.7363093931777653, "210": 0.48048864715342465, "211": 0.43751592364929814, "212": 0.5145948399901947, "213": 0.6924580498209864, "214": 0.6540546128604643, "215": 0.7322731919286044, "216": 0.7365434835028629, "217": 0.5965979298829251, "218": 0.7276987497148036, "219": 0.7274011622000146, "220": 0.7934540119616569, "221": 0.9147059948238132, "222": 1.04307449825269, "223": 1.1696663631812636, "224": 1.2202891633054094, "225": 1.3050434170673766, "226": 1.3537183397221748, "227": 1.4031026888788654, "228": 1.4772288488279826, "229": 1.5136205075120663, "230": 1.5674194964587822, "231": 1.6120174904501103, "232": 1.639894484157243, "233": 1.6836130056010676, "234": 1.7125162039215163, "235": 1.7409247017908502, "236": 1.7652611702540841, "237": 1.75850762381301, "238": 1.7630739200866008, "239": 1.7966246575475315, "240": 1.8372184636589532, "241": 1.8652299688099487, "242": 1.8881369135772719, "243": 1.8795197401361536, "244": 1.8701755265623712, "245": 1.8840466175189572, "246": 1.9170128749954898, "247": 1.9607693317002806, "248": 1.9713760357502212, "249": 1.974925262906389, "250": 1.9788769226440304, "251": 1.975306584257893, "252": 1.968127544951995, "253": 1.9687280483461758, "254": 1.9605632535847208, "255": 1.9560103965096478, "256": 1.930141818373464, "257": 1.9207549610959522, "258": 1.9153882123649186, "259": 1.8923235911325755, "260": 1.8725579122758773, "261": 1.8350346844380974, "262": 1.8043078683940181, "263": 1.7707363759931847, "264": 1.7424166773219067, "265": 1.6851850603540455, "266": 1.6584136341078668, "267": 1.6479684719652232, "268": 1.5728305806512035, "269": 1.581320548803096, "270": 1.5441824193311475, "271": 1.5306595694574194, "272": 1.519832036629032, "273": 1.4969225832039605, "274": 1.4700728467023472, "275": 1.4419281019103658, "276": 1.368485697799691, "277": 1.3167733912692037, "278": 1.2543925674279313, "279": 1.1930437037835233, "280": 1.1191407974950605, "281": 1.1100015789323925, "282": 0.8150119385025371, "283": 0.862151386648058, "316": 0.32773281115844205, "317": 0.41803039178254237, "318": 0.46039907001632574, "319": 0.5064445212835602, "320": 0.5470508876490235, "321": 0.5539826533793961, "322": 0.5482946793872361, "323": 0.4219931526965179, "324": 0.3387288602723676, "325": 0.43926662813063705, "326": 0.4119243457017333, "327": 0.5002830705592188, "328": 0.6150414325289054, "329": 0.6814141027763643, "330": 0.7455847242466297, "331": 0.7480714398628603, "332": 0.7500738392968683, "333": 0.7167499192343709, "334": 0.6732985076916423, "335": 0.7235372313548758, "336": 0.7185621374325982, "337": 0.7262892415055011, "338": 0.7712244314989455, "339": 0.818108378888342, "340": 0.8286746954361054, "341": 0.84744925756822, "342": 0.8610524563504247, "343": 0.8627894945257958, "344": 0.8847107694554515, "345": 0.889599944572326, "346": 0.8911130524128695, "347": 0.8894744157268634, "348": 0.8977894207757423, "349": 0.907732051871956, "350": 0.9143484899744427, "351": 0.9209847975207665, "352": 0.9277956134272849, "353": 0.9193355441653471, "354": 0.9291455616499495, "355": 0.9426783404323593,