{"type": "scs+c", "calc_mask": [["ndi", {"band_1": 850, "band_2": 660, "min": 0.1, "max": 1.0}], ["ancillary", {"name": "slope", "min": 0.08726646259971647, "max": "+inf"}], ["ancillary", {"name": "cosine_i", "min": 0.12, "max": "+inf"}], ["cloud", {"method": "zhai_2018", "cloud": true, "shadow": false, "T1": 2.5, "t2": 0.5, "t3": 0.3333333333333333, "t4": 0.6666666666666666, "T7": 15, "T8": 15}], ["cloud", {"method": "zhai_2018", "cloud": false, "shadow": true, "T1": 2.5, "t2": 0.5, "t3": 0.3333333333333333, "t4": 0.6666666666666666, "T7": 15, "T8": 15}]], "apply_mask": [["ndi", {"band_1": 850, "band_2": 660, "min": 0.1, "max": 1.0}], ["ancillary", {"name": "slope", "min": 0.08726646259971647, "max": "+inf"}], ["ancillary", {"name": "cosine_i", "min": 0.12, "max": "+inf"}]], "c_fit_type": "nnls", "coeffs": {"4": 9.620067495141665, "5": 8.123384495086412, "6": 7.87703597320332, "7": 6.944717795305311, "8": 6.908061565485017, "9": 6.805319200734029, "10": 6.830986396970682, "11": 6.0369972226901565, "12": 5.415953970312306, "13": 4.962028365799055, "14": 4.587682186553114, "15": 4.29670464586168, "16": 3.987095361171126, "17": 3.691068725490522, "18": 3.501988467852362, "19": 3.360138670076917, "20": 3.234888529150975, "21": 3.0449057817893097, "22": 2.888266430030478, "23": 2.81407871306995, "24": 2.8608816907996206, "25": 3.047784134702791, "26": 3.598912840834708, "27": 4.790113928056777, "28": 6.642419433231809, "29": 9.709463796583917, "30": 12.681435022703425, "31": 13.27895847370535, "32": 11.11957691179709, "33": 9.164233668771073, "34": 7.168934676148875, "35": 5.387451464531057, "36": 3.8263762765967826, "37": 2.69182522208152, "38": 1.9543244664742814, "39": 1.5029345268736334, "40": 1.2233654097412257, "41": 1.014870529373398, "42": 0.853358074245692, "43": 0.7797798675998757, "44": 0.7257634939589788, "45": 0.6584214663280483, "46": 0.5821489730534275, "47": 0.5164838168038048, "48": 0.46700133862947474, "49": 0.434436035914566, "50": 0.4137875877971966, "51": 0.3884512369551367, "52": 0.34477537655225343, "53": 0.2876260452782603, "54": 0.2503895910412047, "55": 0.2226712366619078, "56": 0.18921186461775294, "57": 0.15509978343665265, "58": 0.12976587581774798, "59": 0.11265794560474167, "60": 0.14712754858679153, "61": 0.17742198321603067, "62": 0.2917191808988231, "63": 0.5372045708761971, "64": 0.9600088707271446, "65": 1.6683375296290526, "66": 2.9786350635715713, "67": 4.987303410596987, "68": 15.262336332939528, "69": 100000.0, "70": 100000.0, "71": 100000.0, "72": 100000.0, "73": 100000.0, "74": 100000.0, "75": 100000.0, "76": 100000.0, "77": 100000.0, "78": 100000.0, "79": 100000.0, "80": 100000.0, "81": 100000.0, "82": 100000.0, "83": 100000.0, "84": 100000.0, "85": 100000.0, "86": 100000.0, "87": 100000.0, "88": 100000.0, "89": 100000.0, "90": 100000.0, "91": 100000.0, "92": 100000.0, "93": 100000.0, "94": 100000.0, "95": 100000.0, "96": 100000.0, "97": 100000.0, "98": 100000.0, "99": 100000.0, "100": 100000.0, "101": 100000.0, "102": 100000.0, "103": 100000.0, "104": 100000.0, "105": 100000.0, "106": 100000.0, "107": 100000.0, "108": 100000.0, "109": 100000.0, "110": 100000.0, "111": 100000.0, "112": 100000.0, "113": 100000.0, "114": 100000.0, "115": 100000.0, "116": 100000.0, "117": 100000.0, "118": 100000.0, "119": 100000.0, "120": 100000.0, "121": 100000.0, "122": 100000.0, "123": 100000.0, "124": 100000.0, "125": 100000.0, "126": 100000.0, "127": 100000.0, "128": 100000.0, "129": 100000.0, "130": 100000.0, "131": 100000.0, "132": 100000.0, "133": 100000.0, "134": 100000.0, "135": 100000.0, "136": 100000.0, "137": 100000.0, "138": 100000.0, "139": 100000.0, "140": 100000.0, "141": 100000.0, "142": 100000.0, "143": 100000.0, "144": 100000.0, "145": 100000.0, "146": 100000.0, "147": 100000.0, "148": 100000.0, "149": 22.981254469031988, "150": 100000.0, "151": 100000.0, "152": 100000.0, "153": 100000.0, "154": 100000.0, "155": 100000.0, "156": 100000.0, "157": 100000.0, "158": 100000.0, "159": 100000.0, "160": 100000.0, "161": 100000.0, "162": 100000.0, "163": 100000.0, "164": 100000.0, "165": 100000.0, "166": 100000.0, "167": 100000.0, "168": 100000.0, "169": 100000.0, "170": 100000.0, "171": 100000.0, "172": 100000.0, "173": 100000.0, "174": 100000.0, "175": 100000.0, "176": 100000.0, "177": 100000.0, "178": 100000.0, "179": 100000.0, "180": 100000.0, "181": 100000.0, "182": 100000.0, "183": 100000.0, "184": 100000.0, "185": 100000.0, "186": 100000.0, "187": 100000.0, "188": 100000.0, "189": 100000.0, "190": 100000.0, "210": 0.5631548458853438, "211": 0.4934931679885451, "212": 0.5465529679892273, "213": 0.7218578690195381, "214": 0.7449009277570654, "215": 0.8533269330171946, "216": 0.8624526417404849, "217": 0.7457234733968735, "218": 0.8732483865806152, "219": 0.9571483592098317, "220": 1.102325439265949, "221": 1.3033267992179878, "222": 1.5815412914770224, "223": 1.8919292001696602, "224": 2.1268693578345457, "225": 2.440586888427937, "226": 2.744972805413288, "227": 3.0791832422522316, "228": 3.5720579123375784, "229": 4.001278452123714, "230": 4.580890256827066, "231": 5.223747104157951, "232": 5.875215566990941, "233": 6.766620069407826, "234": 7.757526007640624, "235": 8.891288826914273, "236": 10.222762837587194, "237": 11.617702597928623, "238": 13.505896824577098, "239": 16.16804438652844, "240": 20.353186832784193, "241": 27.009642040230815, "242": 38.318813587271244, "243": 64.09013666247917, "244": 135.75075719466147, "245": 100000.0, "246": 100000.0, "247": 100000.0, "248": 100000.0, "249": 100000.0, "250": 100000.0, "251": 100000.0, "252": 100000.0, "253": 100000.0, "254": 100000.0, "255": 100000.0, "256": 100000.0, "257": 100000.0, "258": 100000.0, "259": 100000.0, "260": 100000.0, "261": 100000.0, "262": 100000.0, "263": 100000.0, "264": 100000.0, "265": 100000.0, "266": 100000.0, "267": 311.94255079650577, "268": 56.53185516043527, "269": 55.76351403154741, "270": 45.83973747900575, "271": 39.63625460953201, "272": 34.587119364539156, "273": 24.759183246644028, "274": 22.300707750333814, "275": 18.067694442211256, "276": 14.165472488980056, "277": 11.434845912036327, "278": 10.420025767962454, "279": 8.25258662732222, "280": 7.331530559538789, "281": 6.793086612736689, "282": 4.617100091380108, "283": 4.325364083985863, "316": 0.14173353986524484, "317": 0.23461048339030205, "318": 0.268280260570667, "319": 0.3155665027673926, "320": 0.3626643143863539, "321": 0.39428950508822835, "322": 0.42979633591429756, "323": 0.4316502163717239, "324": 0.43774555106123036, "325": 0.5237106066160221, "326": 0.5386227740579168, "327": 0.5838555221417573, "328": 0.6527126183062599, "329": 0.6811243946774123, "330": 0.7198421177117652, "331": 0.7307899710338566, "332": 0.7338097505747986, "333": 0.7417459021818045, "334": 0.7334131129299333, "335": 0.7413929381741587, "336": 0.7613010211537545, "337": 0.7823438799467989, "338": 0.8149412869300645, "339": 0.8437669978767187, "340": 0.8767575505668758, "341": 0.9069293036903378, "342": 0.9304103104086232, "343": 0.9530473662533179, "344": 0.9930230752707122, "345": 1.0335599026373097, "346": 1.0692869836875167, "347": 1.091542690881721, "348": 1.1285532243322787, "349": 1.1796977001961666, "350": 1.2218819794020035, "351": 1.2644263450053108, "352": 1.3242708836853845, "353": 1.3750151230325445, "354": 1.436536262005311, "355": 1.5257401639641461, "356": 1.603990486467673, "357": 1.6983406828870828, "358": 1.776987213263101, "359": 1.8932839689163479, "360": 1.9968525049917583, "361": 2.208786566504449, "362": 2.4468825292971514, "363": 2.707293629044989, "364": 3.075162867469598, "365": 3.2300150530488203, "366": 3.086465484087737, "367": 2.8696807331438294, "368": 2.671028076434129, "369": 2.4760034593526163, "370": 2.252633110122408, "371": 2.0500743742589402, "372": 1.8400001623800732, "373": 1.6839827906213414, "374": 1.527865653658877, "375": 1.3810777828598875, "376": 1.268798003499238, "377": 1.1863225968366804, "378": 1.1382010813403645,