{"type": "scs+c", "calc_mask": [["ndi", {"band_1": 850, "band_2": 660, "min": 0.1, "max": 1.0}], ["ancillary", {"name": "slope", "min": 0.08726646259971647, "max": "+inf"}], ["ancillary", {"name": "cosine_i", "min": 0.12, "max": "+inf"}], ["cloud", {"method": "zhai_2018", "cloud": true, "shadow": false, "T1": 2.5, "t2": 0.5, "t3": 0.3333333333333333, "t4": 0.6666666666666666, "T7": 15, "T8": 15}], ["cloud", {"method": "zhai_2018", "cloud": false, "shadow": true, "T1": 2.5, "t2": 0.5, "t3": 0.3333333333333333, "t4": 0.6666666666666666, "T7": 15, "T8": 15}]], "apply_mask": [["ndi", {"band_1": 850, "band_2": 660, "min": 0.1, "max": 1.0}], ["ancillary", {"name": "slope", "min": 0.08726646259971647, "max": "+inf"}], ["ancillary", {"name": "cosine_i", "min": 0.12, "max": "+inf"}]], "c_fit_type": "nnls", "coeffs": {"4": 4.73398934821595, "5": 4.2392068127209175, "6": 4.098514186559874, "7": 3.7590608028702213, "8": 3.551249161187663, "9": 3.367224207034443, "10": 3.270339558260756, "11": 3.1277404386671823, "12": 3.0020118078289033, "13": 2.8832228370668935, "14": 2.7581989583056723, "15": 2.659645501666502, "16": 2.5567749210625137, "17": 2.4446918984560706, "18": 2.357601329407322, "19": 2.2873433978815925, "20": 2.2318337030242543, "21": 2.163154419046319, "22": 2.1060148914282784, "23": 2.063518810989101, "24": 2.0306195092527846, "25": 2.0267891381336876, "26": 2.0973990033296785, "27": 2.2016393982532225, "28": 2.3217606698661646, "29": 2.4453727295185717, "30": 2.537049914498656, "31": 2.573551945747272, "32": 2.5504280826370147, "33": 2.5139971114576634, "34": 2.4724269221468207, "35": 2.3747274136014838, "36": 2.2323602923231194, "37": 2.068141668034754, "38": 1.8961858984417352, "39": 1.7684007601391656, "40": 1.693298878672321, "41": 1.5951124295270478, "42": 1.5012067303470908, "43": 1.4928095801722367, "44": 1.4970983425646034, "45": 1.471406806059269, "46": 1.4302478258174922, "47": 1.3923740333031205, "48": 1.3600464004095725, "49": 1.327838432872019, "50": 1.3187843841097515, "51": 1.3167511744551992, "52": 1.285865579546847, "53": 1.2208826533823338, "54": 1.1870768092613644, "55": 1.1701242934850486, "56": 1.1505287212960091, "57": 1.1173603057527879, "58": 1.0894114076021884, "59": 1.0551230058176537, "60": 1.101905972552753, "61": 1.0729314944086, "62": 1.2102789585735267, "63": 1.492779263856626, "64": 1.8819185321586833, "65": 2.4619744396413634, "66": 3.179639411339802, "67": 3.4241647315187786, "68": 4.2910207909862255, "69": 5.566436817681087, "70": 8.827854504874464, "71": 16.827538750719757, "72": 34.09101284746848, "73": 68.59510155341407, "74": 127.72912025464736, "75": 41.625125007684865, "76": 10.098574003951047, "77": 27.943517303712145, "78": 278.1342355686953, "79": 432.37617023108396, "80": 343.8257762730578, "81": 118.60841977087367, "82": 81.55039054617302, "83": 79.33298169966196, "84": 69.30829637385304, "85": 82.29806289915003, "86": 27.81663794767023, "87": 14.657452253820015, "88": 16.780937271233086, "89": 21.05165652829128, "90": 26.74022473307228, "91": 48.15922475657009, "92": 82.70565869581338, "93": 124.3472738149393, "94": 117.67829121673131, "95": 135.44772787108383, "96": 147.8340239759371, "97": 121.2631476373961, "98": 132.59223835673012, "99": 105.38583033622372, "100": 83.7304421116649, "101": 66.80373901555828, "102": 34.996927486849174, "103": 12.996349641658403, "104": 12.276377983240403, "105": 12.238918253879584, "106": 10.040546061626365, "107": 10.501924132647545, "108": 13.72585726028539, "109": 9.155102704079162, "110": 4.295426304313, "111": 3.663114613381963, "112": 4.3836699614492645, "113": 4.1644113613343725, "114": 4.3805290376788815, "115": 4.695643096859285, "116": 5.240654688475704, "117": 6.7253390160812385, "118": 7.872044357297128, "119": 7.6568275243292625, "120": 9.155513791758988, "121": 11.118256191123159, "122": 11.954440603613746, "123": 12.316266981776243, "124": 12.250488539839758, "125": 12.359080777820752, "126": 12.48238480107934, "127": 12.720089749933482, "128": 12.709090712852067, "129": 12.840638731057737, "130": 13.187673155023056, "131": 13.275905301037875, "132": 13.288917693173548, "133": 13.287355146036456, "134": 13.16462738050202, "135": 12.93167288343072, "136": 12.642933505150095, "137": 12.383380952961563, "138": 12.188608005000622, "139": 11.767426318744883, "140": 11.255487904144049, "141": 10.508197774054524, "142": 9.622398258599578, "143": 8.25476282207132, "144": 6.824003400254429, "145": 5.984591146560975, "146": 4.826305709727775, "147": 3.2885728560125695, "148": 2.7082762000352605, "149": 2.421005782969508, "150": 2.776520451553527, "151": 3.0611629954097404, "152": 2.9525568772859576, "153": 2.550137883688447, "154": 2.801247151271604, "155": 3.1963351652079357, "156": 3.634904883307432, "157": 3.8152011279467377, "158": 3.89621717925037, "159": 3.8413840106006973, "160": 3.6900641065647557, "161": 3.6659828951159787, "162": 3.8033642637254443, "163": 3.696153172058524, "164": 3.6557830735734074, "165": 3.7755487522710807, "166": 3.77536360072643, "167": 3.9817321112161292, "168": 4.086591462148119, "169": 4.236798482558802, "170": 4.396232395554136, "171": 4.487238489525262, "172": 4.53532682077883, "173": 4.53605377618348, "174": 4.510261481713585, "175": 4.4569982519490114, "176": 4.297124166722668, "177": 4.123703035296299, "178": 4.2670584023542, "179": 4.358958461103141, "180": 4.370692183758931, "181": 4.269814987491761, "182": 4.118113380247182, "183": 3.8893732565411656, "184": 3.65869765926203, "185": 3.3774790216897563, "186": 3.128724368286419, "187": 2.997512343111754, "188": 2.737486610150014, "189": 2.4421904236384973, "190": 2.1043494817911252, "210": 0.5746421112733425, "211": 0.563597371765075, "212": 0.576471417801551, "213": 0.632821186600896, "214": 0.6264316502480775, "215": 0.6715986304136623, "216": 0.6533273368638215, "217": 0.5896579355075328, "218": 0.634986548860537, "219": 0.663109321860693, "220": 0.7159596807736845, "221": 0.766826235037861, "222": 0.8419040754254411, "223": 0.9110369740045781, "224": 0.9376739276074684, "225": 0.9886698871511751, "226": 1.0196568579552754, "227": 1.0486426136965958, "228": 1.1002545677886493, "229": 1.1231140094163867, "230": 1.1578926383559236, "231": 1.1856194297942368, "232": 1.2052095087064254, "233": 1.2321929054498528, "234": 1.2523177687689098, "235": 1.2730809284372833, "236": 1.2912174416031548, "237": 1.2968747210995777, "238": 1.3071871374161177, "239": 1.3296534374521414, "240": 1.3512465919473526, "241": 1.3682879925980116, "242": 1.3869502684916293, "243": 1.392934189610155, "244": 1.3988186383819659, "245": 1.4126963090131834, "246": 1.4350765879802112, "247": 1.4621156846886394, "248": 1.474661007518203, "249": 1.481800904337491, "250": 1.4901813002783184, "251": 1.4943831662322629, "252": 1.494840196534289, "253": 1.4972149114591264, "254": 1.4939437967161957, "255": 1.4913330657120203, "256": 1.4809025149649502, "257": 1.4804552434622973, "258": 1.4766575467971053, "259": 1.4645727730600135, "260": 1.4542613928808128, "261": 1.433089639847644, "262": 1.4121633322638731, "263": 1.3880633419758936, "264": 1.3705673786717978, "265": 1.3289197123632237, "266": 1.31180419369956, "267": 1.3013026143492847, "268": 1.2596643768237548, "269": 1.2614374509353639, "270": 1.2465346964880395, "271": 1.2387408536352114, "272": 1.2264773700570373, "273": 1.204221404815477, "274": 1.2002301114177805, "275": 1.1786691772882019, "276": 1.1409733389852994, "277": 1.1182832832180551, "278": 1.0914362150188115, "279": 1.0450388686429772, "280": 1.0148292690566505, "281": 1.0072142092140925, "282": 0.8992170071511866, "283": 0.876135258712839, "316": 0.3389804910345264, "317": 0.39423790065698405, "318": 0.4086308484250693, "319": 0.42949054600059644, "320": 0.45280248858930056, "321": 0.4616586324129592, "322": 0.47600652337952204, "323": 0.4540386589108114, "324": 0.4427899874916404, "325": 0.5007947453266804, "326": 0.49719581521538714, "327": 0.5322001966714967,