{"type": "scs+c", "calc_mask": [["ndi", {"band_1": 850, "band_2": 660, "min": 0.1, "max": 1.0}], ["ancillary", {"name": "slope", "min": 0.08726646259971647, "max": "+inf"}], ["ancillary", {"name": "cosine_i", "min": 0.12, "max": "+inf"}], ["cloud", {"method": "zhai_2018", "cloud": true, "shadow": false, "T1": 2.5, "t2": 0.5, "t3": 0.3333333333333333, "t4": 0.6666666666666666, "T7": 15, "T8": 15}], ["cloud", {"method": "zhai_2018", "cloud": false, "shadow": true, "T1": 2.5, "t2": 0.5, "t3": 0.3333333333333333, "t4": 0.6666666666666666, "T7": 15, "T8": 15}]], "apply_mask": [["ndi", {"band_1": 850, "band_2": 660, "min": 0.1, "max": 1.0}], ["ancillary", {"name": "slope", "min": 0.08726646259971647, "max": "+inf"}], ["ancillary", {"name": "cosine_i", "min": 0.12, "max": "+inf"}]], "c_fit_type": "nnls", "coeffs": {"4": 6.857678196204653, "5": 5.68320532253681, "6": 5.51936335948571, "7": 4.763880617864684, "8": 4.347132112825355, "9": 3.958064948472438, "10": 3.753120454067892, "11": 3.421326407528192, "12": 3.2199678861262, "13": 3.007477311590881, "14": 2.7921296035589074, "15": 2.6408480665108027, "16": 2.467305984162638, "17": 2.282237864405778, "18": 2.1473808566678887, "19": 2.0489986520851198, "20": 1.9437485928203557, "21": 1.8330597293121165, "22": 1.7580544080286549, "23": 1.723332805725894, "24": 1.7387039534312734, "25": 1.8291656923729616, "26": 2.0682684542326215, "27": 2.484373458159537, "28": 3.1199036716606705, "29": 3.9249348437214113, "30": 4.658424172400251, "31": 4.984415624818724, "32": 4.8777661776651895, "33": 4.573017836907842, "34": 4.184779723156809, "35": 3.5886813281493635, "36": 2.913913898990736, "37": 2.3142067041144405, "38": 1.8321687607485309, "39": 1.5188076601752651, "40": 1.3212033383273551, "41": 1.1586371278649237, "42": 1.0328460673801025, "43": 0.9907851726139565, "44": 0.9611865886098604, "45": 0.905922951475135, "46": 0.8361541644349018, "47": 0.7771166010812499, "48": 0.7345286673466912, "49": 0.7078761225998094, "50": 0.6945902074002053, "51": 0.6722719099484231, "52": 0.6294966777391473, "53": 0.5654653280217092, "54": 0.5278662589701906, "55": 0.500793616570106, "56": 0.470124426403185, "57": 0.43640901769590906, "58": 0.41218511806798586, "59": 0.3839265709185839, "60": 0.4326528989238601, "61": 0.46968440067946887, "62": 0.635607125602116, "63": 0.9904329022467772, "64": 1.6612487760539019, "65": 3.1091516965092745, "66": 7.436524982235232, "67": 32.187922480885895, "68": 100000.0, "69": 100000.0, "70": 100000.0, "71": 100000.0, "72": 100000.0, "73": 100000.0, "74": 100000.0, "75": 100000.0, "76": 100000.0, "77": 100000.0, "78": 100000.0, "79": 100000.0, "80": 100000.0, "81": 100000.0, "82": 100000.0, "83": 100000.0, "84": 100000.0, "85": 100000.0, "86": 100000.0, "87": 100000.0, "88": 100000.0, "89": 100000.0, "90": 100000.0, "91": 100000.0, "92": 100000.0, "93": 100000.0, "94": 100000.0, "95": 100000.0, "96": 100000.0, "97": 100000.0, "98": 100000.0, "99": 100000.0, "100": 100000.0, "101": 100000.0, "102": 100000.0, "103": 100000.0, "104": 100000.0, "105": 100000.0, "106": 100000.0, "107": 100000.0, "108": 100000.0, "109": 100000.0, "110": 100000.0, "111": 100000.0, "112": 100000.0, "113": 100000.0, "114": 100000.0, "115": 100000.0, "116": 100000.0, "117": 100000.0, "118": 100000.0, "119": 100000.0, "120": 100000.0, "121": 100000.0, "122": 100000.0, "123": 100000.0, "124": 100000.0, "125": 100000.0, "126": 100000.0, "127": 100000.0, "128": 100000.0, "129": 100000.0, "130": 100000.0, "131": 100000.0, "132": 100000.0, "133": 100000.0, "134": 100000.0, "135": 100000.0, "136": 100000.0, "137": 100000.0, "138": 100000.0, "139": 100000.0, "140": 100000.0, "141": 100000.0, "142": 100000.0, "143": 100000.0, "144": 100000.0, "145": 100000.0, "146": 100000.0, "147": 100000.0, "148": 100000.0, "149": 100000.0, "150": 100000.0, "151": 100000.0, "152": 100000.0, "153": 100000.0, "154": 100000.0, "155": 100000.0, "156": 100000.0, "157": 100000.0, "158": 100000.0, "159": 100000.0, "160": 100000.0, "161": 100000.0, "162": 100000.0, "163": 100000.0, "164": 100000.0, "165": 100000.0, "166": 100000.0, "167": 100000.0, "168": 100000.0, "169": 100000.0, "170": 100000.0, "171": 100000.0, "172": 100000.0, "173": 100000.0, "174": 100000.0, "175": 100000.0, "176": 100000.0, "177": 100000.0, "178": 100000.0, "179": 100000.0, "180": 100000.0, "181": 100000.0, "182": 100000.0, "183": 100000.0, "184": 100000.0, "185": 100000.0, "186": 100000.0, "187": 168.2508662050943, "188": 20.79129691203258, "189": 9.314696820027848, "190": 5.096035584235167, "210": 0.1663833118002619, "211": 0.1445471831301112, "212": 0.16188046462333275, "213": 0.2175532681938479, "214": 0.22910118332596532, "215": 0.2722933281583836, "216": 0.26018808355686174, "217": 0.206571993532567, "218": 0.25390787794391756, "219": 0.28631260308509077, "220": 0.34079778704329555, "221": 0.39883265371047305, "222": 0.47614685074146323, "223": 0.5474605382468057, "224": 0.5801056855011383, "225": 0.6367589731375036, "226": 0.6730957900422123, "227": 0.7084463301159026, "228": 0.7667329391631932, "229": 0.7999944806755727, "230": 0.8494142714160183, "231": 0.8893177971091918, "232": 0.922929501151619, "233": 0.9621425928222362, "234": 0.9956801330915044, "235": 1.0302572813027497, "236": 1.060888812396234, "237": 1.088974233021585, "238": 1.1175509697232082, "239": 1.1491964387834654, "240": 1.1750238408431481, "241": 1.1982529896418617, "242": 1.2248371120945674, "243": 1.2456428638701582, "244": 1.2683772036825338, "245": 1.2862115706153106, "246": 1.306829711792122, "247": 1.329732103251727, "248": 1.3463345258864352, "249": 1.3572073003174334, "250": 1.3672100243330172, "251": 1.3762540732887025, "252": 1.3809303389268814, "253": 1.3809090915828606, "254": 1.371283773218498, "255": 1.3639144726902244, "256": 1.354772269108318, "257": 1.354812283998852, "258": 1.3437784788762046, "259": 1.3306434945898151, "260": 1.3159803449996905, "261": 1.2829496153104651, "262": 1.2504979775464817, "263": 1.216894399373047, "264": 1.187401292451557, "265": 1.1248341280045964, "266": 1.10245176032331, "267": 1.0830050022290516, "268": 1.0308803226129297, "269": 1.014887441603135, "270": 0.9906714754700496, "271": 0.9746857457890344, "272": 0.9491860011902066, "273": 0.9162182912420653, "274": 0.8995173269090219, "275": 0.868670185849752, "276": 0.8230884940497564, "277": 0.7893097360093133, "278": 0.7583354755293944, "279": 0.7023045540091514, "280": 0.6636649535274535, "281": 0.6442287572514174, "282": 0.5286265040822828, "283": 0.4923722097280527, "316": 0.0, "317": 0.0, "318": 0.0, "319": 0.0, "320": 0.008969300614150657, "321": 0.01668716249155047, "322": 0.029386584442251684, "323": 0.03810485815516305, "324": 0.055212037916563116, "325": 0.0937315553014224, "326": 0.10033596535841854, "327": 0.12208181519176861, "328": 0.14494590970068413, "329": 0.15619948178096627, "330": 0.17796835771612018, "331": 0.19191998433688132, "332": 0.2086790773470523, "333": 0.22993319916079097, "334": 0.24516265411648075, "335": 0.25634277540362105, "336": 0.26996276640298905, "337": 0.28913410288782937, "338": 0.3059766287968059, "339": 0.3168434554187817, "340": 0.32992687029283313, "341": 0.34357164640685495, "342": 0.3516239866640801, "343": 0.3546496613303589, "344": 0.37041284494046034, "345": 0.38135029606217774, "346": 0.3867684404323514, "347": 0.38794757075383407, "348": 0.3959534771715245, "349": 0.4049253421383256, "350": 0.4138610681448202, "351": 0.42268395599669095, "352": 0.43465594670931396, "353": 0.43895701171236434, "354": 0.4501037228289085, "355": 0.4730339264163988, "356": 0.48547499122902227, "357": 0.5079856420879196, "358": 0.5193045015861832, "359": 0.5406795248433005, "360": 0.5501783719721769, "361": 0.5866117348214146, "362": 0.6129994784805676, "363": 0.6340013206277327, "364": 0.6625915414418396, "365": 0.6718097043434668, "366": 0.6523205615972135, "367": 0.6356932020204762, "368": 0.6160983000330547, "369": 0.6014821694279175, "370": 0.5846786323237193,