{"type": "scs+c", "calc_mask": [["ndi", {"band_1": 850, "band_2": 660, "min": 0.1, "max": 1.0}], ["ancillary", {"name": "slope", "min": 0.08726646259971647, "max": "+inf"}], ["ancillary", {"name": "cosine_i", "min": 0.12, "max": "+inf"}], ["cloud", {"method": "zhai_2018", "cloud": true, "shadow": false, "T1": 2.5, "t2": 0.5, "t3": 0.3333333333333333, "t4": 0.6666666666666666, "T7": 15, "T8": 15}], ["cloud", {"method": "zhai_2018", "cloud": false, "shadow": true, "T1": 2.5, "t2": 0.5, "t3": 0.3333333333333333, "t4": 0.6666666666666666, "T7": 15, "T8": 15}]], "apply_mask": [["ndi", {"band_1": 850, "band_2": 660, "min": 0.1, "max": 1.0}], ["ancillary", {"name": "slope", "min": 0.08726646259971647, "max": "+inf"}], ["ancillary", {"name": "cosine_i", "min": 0.12, "max": "+inf"}]], "c_fit_type": "nnls", "coeffs": {"4": 0.8823213928602343, "5": 0.8335552766001229, "6": 0.8273534870525311, "7": 0.7810008825882684, "8": 0.7557887218802909, "9": 0.733904856140695, "10": 0.7264063095751979, "11": 0.7077640274923751, "12": 0.6967932552909173, "13": 0.683183348473281, "14": 0.6648903965905923, "15": 0.6506904770156554, "16": 0.6339383139875112, "17": 0.6130827684648198, "18": 0.5973554991755576, "19": 0.5867103109429043, "20": 0.5774820932814634, "21": 0.5642003038253522, "22": 0.5506797522430652, "23": 0.5385186013571319, "24": 0.5284801774091352, "25": 0.5240315670360448, "26": 0.5372929220688585, "27": 0.558389428368012, "28": 0.5804942383224787, "29": 0.601043513527484, "30": 0.6120002990752644, "31": 0.6090707224961504, "32": 0.5933607680637016, "33": 0.5758892946986388, "34": 0.5556693096497148, "35": 0.5221642197484967, "36": 0.4796654349236528, "37": 0.4317501223535302, "38": 0.3820950069063197, "39": 0.342406037001621, "40": 0.31237158511214397, "41": 0.2798188304810803, "42": 0.2479083638574814, "43": 0.23945623012137573, "44": 0.23507138193920593, "45": 0.22436278259060896, "46": 0.2107264983473062, "47": 0.19870559488297151, "48": 0.18929214853548376, "49": 0.18125092940071488, "50": 0.17706944882776235, "51": 0.17277301334159864, "52": 0.16346772951309715, "53": 0.14575815611389512, "54": 0.13651982179466318, "55": 0.1323234600977396, "56": 0.12715789145300463, "57": 0.11907152689640624, "58": 0.11139201070660568, "59": 0.10316076726278735, "60": 0.11488129383828867, "61": 0.11900285331878409, "62": 0.14980047737869157, "63": 0.2076052251000857, "64": 0.2846255895810635, "65": 0.380592460415045, "66": 0.4799900859055289, "67": 0.5325001287395988, "68": 0.6134565274986877, "69": 0.7078740017737843, "70": 0.8499352817672682, "71": 1.0052858076352238, "72": 1.1269215376435284, "73": 1.2004723831498634, "74": 1.2422989800209159, "75": 1.2678079206887984, "76": 1.1801668649988002, "77": 1.2282739753116125, "78": 1.2971430060614855, "79": 1.3053147828074159, "80": 1.3087083427302248, "81": 1.2839906941796557, "82": 1.2686232357206353, "83": 1.2698983953768004, "84": 1.2652319416908495, "85": 1.2925727176172161, "86": 1.2153744233143757, "87": 1.0880992848278304, "88": 1.1181399063659243, "89": 1.1668387426442948, "90": 1.2170748920541243, "91": 1.2908042249282843, "92": 1.3404674089672295, "93": 1.3749255181718554, "94": 1.382082252948271, "95": 1.3953384636110988, "96": 1.4120679885778982, "97": 1.4025641623388485, "98": 1.418744973633815, "99": 1.4106608229774424, "100": 1.399631814490333, "101": 1.3871140611839805, "102": 1.3402907628310397, "103": 1.141245118585367, "104": 1.083701163028695, "105": 1.1073923453761938, "106": 1.047375962304005, "107": 1.049742558372435, "108": 1.1365490532479066, "109": 1.0853082713581244, "110": 0.830663898357366, "111": 0.6064671251349877, "112": 0.7260926347984306, "113": 0.7170869859773363, "114": 0.7507265199437785, "115": 0.7879400960236128, "116": 0.8165239048069518, "117": 0.8892843413624459, "118": 0.9541728315484163, "119": 0.9349740477163804, "120": 1.000930149977327, "121": 1.0697900605333213, "122": 1.0979991845278825, "123": 1.112428831011472, "124": 1.113332199453726, "125": 1.1165270846910245, "126": 1.1230515280052646, "127": 1.1328610526403338, "128": 1.1337530529496354, "129": 1.139742864984163, "130": 1.1549941021071224, "131": 1.158136069945202, "132": 1.1601288137419072, "133": 1.160468995842683, "134": 1.1587350271191739, "135": 1.154739414087269, "136": 1.1474137832496583, "137": 1.1402463514071897, "138": 1.1315528453417962, "139": 1.1189226498243874, "140": 1.101529443934582, "141": 1.0725356934124912, "142": 1.0404811998345496, "143": 0.9757517531695606, "144": 0.8960554404382945, "145": 0.8616586352241888, "146": 0.8184725524799566, "147": 0.6445258415144786, "148": 0.4988458534659087, "149": 0.3569603078523893, "150": 0.4683769182194142, "151": 0.4866582637569559, "152": 0.5206794112324367, "153": 0.4361571374469913, "154": 0.5005040946033793, "155": 0.5633104263141696, "156": 0.6241950079877677, "157": 0.639213888523552, "158": 0.649467714975187, "159": 0.6377771658969172, "160": 0.6094222720684556, "161": 0.6023927600364548, "162": 0.6232614885966329, "163": 0.6136271655178934, "164": 0.6103558679725457, "165": 0.634012156018603, "166": 0.6281050417394834, "167": 0.6592876204798415, "168": 0.6752622346938029, "169": 0.6943622460535962, "170": 0.7191468610255968, "171": 0.7348586516965677, "172": 0.7444389772419288, "173": 0.7461573991845156, "174": 0.7460301254816992, "175": 0.7455140387594806, "176": 0.7385927549564163, "177": 0.7232239469006119, "178": 0.7278582199091043, "179": 0.7363706458474092, "180": 0.7350462874177753, "181": 0.7223433394065348, "182": 0.703563742788229, "183": 0.671539763461674, "184": 0.6421441456256218, "185": 0.5957045517950109, "186": 0.5507672728530014, "187": 0.5272359632485264, "188": 0.47329837792425894, "189": 0.43000651736307915, "190": 0.33596635153902604, "210": 0.04827856632180281, "211": 0.044994320142570904, "212": 0.021521443040742185, "213": 0.010135804595075822, "214": 0.0, "215": 0.0, "216": 0.0, "217": 0.0, "218": 0.0, "219": 0.0, "220": 0.0, "221": 0.007501986289547146, "222": 0.03571112790398593, "223": 0.057963868173156984, "224": 0.06772096620116408, "225": 0.08271098636787502, "226": 0.09221216262677398, "227": 0.10043120698040203, "228": 0.11850084756243143, "229": 0.1247061076025172, "230": 0.13653239066143166, "231": 0.1460512538421448, "232": 0.15139870436483846, "233": 0.1613586057111358, "234": 0.16817950477974009, "235": 0.17563580426407246, "236": 0.18184551025228524, "237": 0.18549838142509498, "238": 0.19108219261946047, "239": 0.1981824371164223, "240": 0.20300056101917704, "241": 0.20796564929754605, "242": 0.21336102071275012, "243": 0.21728334915089403, "244": 0.21995470801096537, "245": 0.22355572478700367, "246": 0.22846531873921827, "247": 0.23836990695214053, "248": 0.24154939051370566, "249": 0.2433651559033953, "250": 0.24582321365065896, "251": 0.247766894238921, "252": 0.24683868837195544, "253": 0.2478646358268114, "254": 0.24566153366972052, "255": 0.24404141704399193, "256": 0.24275853719169085, "257": 0.2428834796397553, "258": 0.24245909694328777, "259": 0.23918947854621564, "260": 0.23761658820454756, "261": 0.23337523361502677, "262": 0.22790654196147, "263": 0.2222053666050715, "264": 0.21770464839677306, "265": 0.20473901742355374, "266": 0.1996237068856377, "267": 0.19946377983927763, "268": 0.18648861964381802, "269": 0.185004819978576, "270": 0.180631703175583, "271": 0.17316576049882898, "272": 0.1718936398531039, "273": 0.1610409476809779, "274": 0.16424838955891605, "275": 0.15672087291317888, "276": 0.14705922822948084, "277": 0.13706166481339047, "278": 0.13783634122584332, "279": 0.11328231322179777, "280": 0.1092464889460407, "281": 0.10204509298611467, "282": 0.08412836568459742, "283": 0.05589890604553858, "316": 0.0, "317": 0.0, "318": 0.0, "319": 0.0, "320": 0.0, "321": 0.0, "322": 0.0, "323": 0.0, "324": 0.0, "325": 0.0, "326": 0.0, "327": 0.0, "328": 0.0, "329": 0.0, "330": 0.0, "331": 0.0, "332": 0.0, "333": 0.0, "334": 0.0035467621982297115, "335": 0.0004203045736527543,