{"type": "scs+c", "calc_mask": [["ndi", {"band_1": 850, "band_2": 660, "min": 0.1, "max": 1.0}], ["ancillary", {"name": "slope", "min": 0.08726646259971647, "max": "+inf"}], ["ancillary", {"name": "cosine_i", "min": 0.12, "max": "+inf"}], ["cloud", {"method": "zhai_2018", "cloud": true, "shadow": false, "T1": 2.5, "t2": 0.5, "t3": 0.3333333333333333, "t4": 0.6666666666666666, "T7": 15, "T8": 15}], ["cloud", {"method": "zhai_2018", "cloud": false, "shadow": true, "T1": 2.5, "t2": 0.5, "t3": 0.3333333333333333, "t4": 0.6666666666666666, "T7": 15, "T8": 15}]], "apply_mask": [["ndi", {"band_1": 850, "band_2": 660, "min": 0.1, "max": 1.0}], ["ancillary", {"name": "slope", "min": 0.08726646259971647, "max": "+inf"}], ["ancillary", {"name": "cosine_i", "min": 0.12, "max": "+inf"}]], "c_fit_type": "nnls", "coeffs": {"4": 5.815016303634938, "5": 5.077358101354189, "6": 4.805602604379675, "7": 4.286832864609111, "8": 3.994065558297995, "9": 3.7574908212897355, "10": 3.64036681094104, "11": 3.5081877827895425, "12": 3.4076177563618173, "13": 3.3063157306140303, "14": 3.1928135023123003, "15": 3.0798570337355424, "16": 2.9452985427355456, "17": 2.7870035654663465, "18": 2.6619259184528, "19": 2.570226341656066, "20": 2.4899969314633905, "21": 2.3921185999583834, "22": 2.3207503140243113, "23": 2.282222613517684, "24": 2.2634480900351654, "25": 2.3013255756279247, "26": 2.454916176529537, "27": 2.70504160185442, "28": 3.0236974961939267, "29": 3.3856414086916446, "30": 3.6742221176233927, "31": 3.8214336314101884, "32": 3.8489878015749843, "33": 3.7869372672362154, "34": 3.71041135660376, "35": 3.4954404797109833, "36": 3.1663717792651047, "37": 2.7766307618588466, "38": 2.4303006856167215, "39": 2.1923961024568444, "40": 2.0379644370013383, "41": 1.879681596344847, "42": 1.7359664282699594, "43": 1.7077343678256236, "44": 1.6963872891138572, "45": 1.6458507771223994, "46": 1.572418513744123, "47": 1.5090198059031268, "48": 1.4606440602436428, "49": 1.42125857257675, "50": 1.4038460963185009, "51": 1.3874714094413363, "52": 1.346240198387964, "53": 1.2556539471889452, "54": 1.215448878030444, "55": 1.1882115114181944, "56": 1.1582761300620017, "57": 1.1209688386333945, "58": 1.0837314777039364, "59": 1.04416656432167, "60": 1.1139229283735204, "61": 1.1160540199440723, "62": 1.29825513651963, "63": 1.702998167336556, "64": 2.393464291606624, "65": 3.712031827485218, "66": 6.454878335145399, "67": 10.075385957687375, "68": 40.69371095151504, "69": 100000.0, "70": 100000.0, "71": 100000.0, "72": 100000.0, "73": 100000.0, "74": 100000.0, "75": 100000.0, "76": 100000.0, "77": 100000.0, "78": 100000.0, "79": 100000.0, "80": 100000.0, "81": 100000.0, "82": 100000.0, "83": 100000.0, "84": 100000.0, "85": 100000.0, "86": 100000.0, "87": 100000.0, "88": 100000.0, "89": 100000.0, "90": 100000.0, "91": 100000.0, "92": 100000.0, "93": 100000.0, "94": 100000.0, "95": 100000.0, "96": 100000.0, "97": 100000.0, "98": 100000.0, "99": 100000.0, "100": 100000.0, "101": 100000.0, "102": 100000.0, "103": 100000.0, "104": 100000.0, "105": 100000.0, "106": 100000.0, "107": 100000.0, "108": 100000.0, "109": 100000.0, "110": 100000.0, "111": 100000.0, "112": 100000.0, "113": 100000.0, "114": 100000.0, "115": 100000.0, "116": 100000.0, "117": 100000.0, "118": 100000.0, "119": 100000.0, "120": 100000.0, "121": 100000.0, "122": 100000.0, "123": 100000.0, "124": 100000.0, "125": 100000.0, "126": 100000.0, "127": 100000.0, "128": 100000.0, "129": 100000.0, "130": 100000.0, "131": 100000.0, "132": 100000.0, "133": 100000.0, "134": 100000.0, "135": 100000.0, "136": 100000.0, "137": 100000.0, "138": 100000.0, "139": 100000.0, "140": 100000.0, "141": 100000.0, "142": 100000.0, "143": 100000.0, "144": 100000.0, "145": 100000.0, "146": 100000.0, "147": 109.59010751873309, "148": 9.891346284595636, "149": 5.896132339958817, "150": 11.220888680577293, "151": 14.22813275263027, "152": 15.215062550497011, "153": 7.541898193951248, "154": 10.256963176635237, "155": 19.430071602424007, "156": 70.68613610648165, "157": 491.6764119859902, "158": 100000.0, "159": 100000.0, "160": 115.86218394599408, "161": 83.08894343129187, "162": 232.5116670289946, "163": 116.6420160239709, "164": 86.69559687353562, "165": 310.37484020957174, "166": 195.41578354293551, "167": 100000.0, "168": 100000.0, "169": 100000.0, "170": 100000.0, "171": 100000.0, "172": 100000.0, "173": 100000.0, "174": 100000.0, "175": 100000.0, "176": 100000.0, "177": 100000.0, "178": 100000.0, "179": 100000.0, "180": 100000.0, "181": 100000.0, "182": 100000.0, "183": 188.4193568238335, "184": 50.28222672204524, "185": 22.359512229973156, "186": 14.73687228025044, "187": 11.875916931053942, "188": 8.260577783165308, "189": 6.2283651979940275, "190": 3.9615349141419878, "210": 0.6952992429607723, "211": 0.6655431902697342, "212": 0.6825758179332774, "213": 0.7943633418703221, "214": 0.6690529485900477, "215": 0.7812510089244897, "216": 0.7689604342774782, "217": 0.6712694303070987, "218": 0.7187022461865948, "219": 0.7879918051278519, "220": 0.879019992527346, "221": 0.9638861529361185, "222": 1.1243267222643836, "223": 1.2641681921083443, "224": 1.3228335850853092, "225": 1.4164584630043842, "226": 1.4763323776596484, "227": 1.52465531866111, "228": 1.6347063295923208, "229": 1.6757969403903783, "230": 1.7545556953889216, "231": 1.819634282723333, "232": 1.855551274975697, "233": 1.9225879308721323, "234": 1.9665829607457794, "235": 2.0168476480281123, "236": 2.05848875294755, "237": 2.0851363562836496, "238": 2.112626922988114, "239": 2.158978021060145, "240": 2.1984004932670733, "241": 2.236801337552501, "242": 2.266766699872238, "243": 2.2842050987151903, "244": 2.276185338757795, "245": 2.2959637700063587, "246": 2.3324040166710445, "247": 2.381040285330601, "248": 2.391041881503112, "249": 2.392157296101451, "250": 2.4190769423234038, "251": 2.419386408402367, "252": 2.4065662176476392, "253": 2.412746997325979, "254": 2.396830739755619, "255": 2.383177089606627, "256": 2.377115009981922, "257": 2.3720603844088273, "258": 2.3701358176937326, "259": 2.3495361424363934, "260": 2.332431098334269, "261": 2.2845496251000803, "262": 2.2365601848978613, "263": 2.1829764132958744, "264": 2.1513858556079146, "265": 2.0415466581321495, "266": 2.0182485124246297, "267": 2.0234168943605755, "268": 1.91892964483023, "269": 1.918512100315585, "270": 1.8738301459950628, "271": 1.8295889972694181, "272": 1.81498893863316, "273": 1.7461469435363177, "274": 1.747865796072886, "275": 1.694889181652779, "276": 1.6219958670349077, "277": 1.5482604290170825, "278": 1.5164996741679204, "279": 1.380606281634006, "280": 1.3331325546039199, "281": 1.2906347007461607, "282": 1.0466342133963247, "283": 1.0130211157901545, "316": 0.3691732398183179, "317": 0.47467667419627574, "318": 0.4830605320519204, "319": 0.5174659184188399, "320": 0.5500406850276282, "321": 0.5616402564230488, "322": 0.5965877639296541, "323": 0.6015503463438521, "324": 0.5671441653500346, "325": 0.658082441585873, "326": 0.6620056447066676, "327": 0.6962393648372953, "328": 0.7783241677820147, "329": 0.8217434116567084, "330": 0.8832707499146191, "331": 0.914841372940043, "332": 0.942607567660352, "333": 0.9799423239017275, "334": 0.9737039546764504, "335": 1.0092059402524642, "336": 1.0318418450869988, "337": 1.064777130661404, "338": 1.1080993510747026, "339": 1.1477200372681107, "340": 1.1743065753206918, "341": 1.202051882726383, "342": 1.2155360973036822, "343": 1.2108836895466697, "344": 1.2434059811259723, "345": 1.2583132330710625, "346": 1.258674551110332, "347": 1.2466287021581237, "348": 1.2585034914905469, "349": 1.2693873072558801, "350": 1.2871455865994166, "351": 1.2917438544762874, "352": 1.3038332072065637, "353": 1.2855908642177123, "354": 1.275117850420557, "355": 1.3117993566758748, "356": 1.313321403178267, "357": 1.3398467138986665, "358": 1.3454852770974632, "359": 1.3694474678420832, "360": 1.3499567908715218, "361": 1.3955514153714381, "362": 1.4229618066857403,