{"type": "scs+c", "calc_mask": [["ndi", {"band_1": 850, "band_2": 660, "min": 0.1, "max": 1.0}], ["ancillary", {"name": "slope", "min": 0.08726646259971647, "max": "+inf"}], ["ancillary", {"name": "cosine_i", "min": 0.12, "max": "+inf"}], ["cloud", {"method": "zhai_2018", "cloud": true, "shadow": false, "T1": 2.5, "t2": 0.5, "t3": 0.3333333333333333, "t4": 0.6666666666666666, "T7": 15, "T8": 15}], ["cloud", {"method": "zhai_2018", "cloud": false, "shadow": true, "T1": 2.5, "t2": 0.5, "t3": 0.3333333333333333, "t4": 0.6666666666666666, "T7": 15, "T8": 15}]], "apply_mask": [["ndi", {"band_1": 850, "band_2": 660, "min": 0.1, "max": 1.0}], ["ancillary", {"name": "slope", "min": 0.08726646259971647, "max": "+inf"}], ["ancillary", {"name": "cosine_i", "min": 0.12, "max": "+inf"}]], "c_fit_type": "nnls", "coeffs": {"4": 2.3313009456331946, "5": 2.3920104927892343, "6": 2.724035957481031, "7": 2.851827142524385, "8": 3.0741954829980567, "9": 3.189974690696563, "10": 3.3769941898840834, "11": 3.403511325907442, "12": 3.3734374078793374, "13": 3.330065975438478, "14": 3.2258525980104498, "15": 3.149754006167695, "16": 3.03122588504796, "17": 2.887747751954609, "18": 2.79566787004345, "19": 2.739393271162408, "20": 2.6720966699288966, "21": 2.5847669813031815, "22": 2.5405952823121005, "23": 2.5512723124705277, "24": 2.624532929235735, "25": 2.835800918479425, "26": 3.378848366857571, "27": 4.472608077141376, "28": 6.659545144374655, "29": 11.309998220815888, "30": 20.712267840309064, "31": 33.81939240454347, "32": 36.515926444166624, "33": 31.7045202328365, "34": 24.125694208492842, "35": 14.890270717977035, "36": 8.987876836119536, "37": 5.810496853985495, "38": 3.9984151510389934, "39": 3.0584749980170596, "40": 2.570647302226863, "41": 2.198059468575209, "42": 1.93500885945641, "43": 1.8612280083340977, "44": 1.8132127937054656, "45": 1.7076718100789559, "46": 1.5703637388565082, "47": 1.4555554874217398, "48": 1.3742105917724619, "49": 1.324703631742048, "50": 1.304393537958043, "51": 1.26748796476342, "52": 1.1735532690220078, "53": 1.0485013203527005, "54": 0.9717545467443272, "55": 0.9210126551385354, "56": 0.8622499272756515, "57": 0.7983493841178516, "58": 0.7508912535144466, "59": 0.694965261524498, "60": 0.7929170261558395, "61": 0.8443128817675142, "62": 1.1657916009865557, "63": 2.0706934805743207, "64": 5.141402836567811, "65": 100000.0, "66": 100000.0, "67": 100000.0, "68": 100000.0, "69": 100000.0, "70": 100000.0, "71": 100000.0, "72": 100000.0, "73": 100000.0, "74": 100000.0, "75": 100000.0, "76": 100000.0, "77": 100000.0, "78": 100000.0, "79": 100000.0, "80": 100000.0, "81": 100000.0, "82": 100000.0, "83": 100000.0, "84": 100000.0, "85": 100000.0, "86": 100000.0, "87": 100000.0, "88": 100000.0, "89": 100000.0, "90": 100000.0, "91": 100000.0, "92": 100000.0, "93": 100000.0, "94": 100000.0, "95": 100000.0, "96": 100000.0, "97": 100000.0, "98": 100000.0, "99": 100000.0, "100": 100000.0, "101": 100000.0, "102": 100000.0, "103": 100000.0, "104": 100000.0, "105": 100000.0, "106": 100000.0, "107": 100000.0, "108": 100000.0, "109": 100000.0, "110": 100000.0, "111": 100000.0, "112": 100000.0, "113": 100000.0, "114": 100000.0, "115": 100000.0, "116": 100000.0, "117": 100000.0, "118": 100000.0, "119": 100000.0, "120": 100000.0, "121": 100000.0, "122": 100000.0, "123": 100000.0, "124": 100000.0, "125": 100000.0, "126": 100000.0, "127": 100000.0, "128": 100000.0, "129": 100000.0, "130": 100000.0, "131": 100000.0, "132": 100000.0, "133": 100000.0, "134": 100000.0, "135": 100000.0, "136": 100000.0, "137": 100000.0, "138": 100000.0, "139": 100000.0, "140": 100000.0, "141": 100000.0, "142": 100000.0, "143": 100000.0, "144": 100000.0, "145": 100000.0, "146": 100000.0, "147": 100000.0, "148": 100000.0, "149": 100000.0, "150": 100000.0, "151": 100000.0, "152": 100000.0, "153": 100000.0, "154": 100000.0, "155": 100000.0, "156": 100000.0, "157": 100000.0, "158": 100000.0, "159": 100000.0, "160": 100000.0, "161": 100000.0, "162": 100000.0, "163": 100000.0, "164": 100000.0, "165": 100000.0, "166": 100000.0, "167": 100000.0, "168": 100000.0, "169": 100000.0, "170": 100000.0, "171": 100000.0, "172": 100000.0, "173": 100000.0, "174": 100000.0, "175": 100000.0, "176": 100000.0, "177": 100000.0, "178": 100000.0, "179": 100000.0, "180": 100000.0, "181": 100000.0, "182": 100000.0, "183": 100000.0, "184": 100000.0, "185": 100000.0, "186": 100000.0, "187": 100000.0, "188": 100000.0, "189": 100000.0, "190": 100000.0, "210": 0.6305666396802555, "211": 0.6166496086089007, "212": 0.6182216723117538, "213": 0.6377321553758595, "214": 0.6298799577759393, "215": 0.6873532206964931, "216": 0.6494674230091466, "217": 0.592673952867862, "218": 0.6388248380568159, "219": 0.7211439507843486, "220": 0.8210920969563639, "221": 0.8921849587051062, "222": 1.0281427583866651, "223": 1.1592444697930204, "224": 1.2342421241642154, "225": 1.3632107238024374, "226": 1.465756789383974, "227": 1.5707757281130925, "228": 1.7400971225908122, "229": 1.8483950984443596, "230": 1.9955673453799037, "231": 2.129792825136873, "232": 2.2496407922079356, "233": 2.391899365073405, "234": 2.528316097756969, "235": 2.6713972366731915, "236": 2.8115806382443416, "237": 2.9161035405557953, "238": 3.053738513869665, "239": 3.219080331448692, "240": 3.3668842354361175, "241": 3.510602021678993, "242": 3.691953195779899, "243": 3.8464206294723278, "244": 4.009566218714375, "245": 4.168345137788071, "246": 4.39638848572432, "247": 4.655180458609225, "248": 4.84197310612061, "249": 4.981757279093227, "250": 5.128108647847504, "251": 5.225028891110703, "252": 5.270740816152508, "253": 5.309086054045812, "254": 5.272738897302348, "255": 5.235680430712936, "256": 5.184468823960486, "257": 5.212752560901539, "258": 5.1569879910324135, "259": 5.026624069641322, "260": 4.927086824450455, "261": 4.736643157325918, "262": 4.532849526412639, "263": 4.3333546883901235, "264": 4.2062320512711935, "265": 3.8986783243979377, "266": 3.7372049626164103, "267": 3.6153084060521445, "268": 3.387345990784848, "269": 3.3262819258717293, "270": 3.2219520589576467, "271": 3.1212343565375553, "272": 3.011239640688115, "273": 2.8483664415605623, "274": 2.8237885476711315, "275": 2.666436443919566, "276": 2.498578827533139, "277": 2.384825236109581, "278": 2.2873408915596927, "279": 2.0923273617656135, "280": 2.032439849850215, "281": 1.962056741294481, "282": 1.8714598193600795, "283": 1.6299890174835558, "316": 0.11819956739630803, "317": 0.16207821302776285, "318": 0.17220836754887592, "319": 0.18777984968423378, "320": 0.2061801863225632, "321": 0.22362030006896794, "322": 0.244957736914372, "323": 0.2692570349118725, "324": 0.3023354364115816, "325": 0.3362306497266018, "326": 0.3536825535128566, "327": 0.36668001030496233, "328": 0.37852524094299955, "329": 0.37888388192869626, "330": 0.3871122866348475, "331": 0.39282745684485726, "332": 0.39888282207844816, "333": 0.4127838318538303, "334": 0.41891616979088, "335": 0.4169873310535951, "336": 0.42549056356293014, "337": 0.4421517041276876, "338": 0.45083837820365547, "339": 0.45692680693272136, "340": 0.4695749112906945, "341": 0.48239853230253443, "342": 0.4908221252794753, "343": 0.49494771163897505, "344": 0.5138203748065029, "345": 0.531088686392389, "346": 0.5430430784020237, "347": 0.5516958185385407, "348": 0.5671610791775448, "349": 0.5850363441920617, "350": 0.606742640649164, "351": 0.6258387950971869, "352": 0.6502576709680518, "353": 0.6662930919761609, "354": 0.6881132411625603, "355": 0.7211481206833055, "356": 0.7465340236471841, "357": 0.7867673055876832, "358": 0.8138415828302197, "359": 0.8519056603862508, "360": 0.8804268421962063, "361": 0.9433831064908872, "362": 0.9986887791826674, "363": 1.0515174553720816, "364": 1.1108816899234777, "365": 1.1399458028258704, "366": 1.1277388515320759, "367": 1.10956766336488, "368": 1.0812385295763982, "369": 1.0469653610792555, "370": 1.0002026148614638, "371": 0.9506814075956723, "372": 0.9015003366141544,