{"type": "scs+c", "calc_mask": [["ndi", {"band_1": 850, "band_2": 660, "min": 0.1, "max": 1.0}], ["ancillary", {"name": "slope", "min": 0.08726646259971647, "max": "+inf"}], ["ancillary", {"name": "cosine_i", "min": 0.12, "max": "+inf"}], ["cloud", {"method": "zhai_2018", "cloud": true, "shadow": false, "T1": 2.5, "t2": 0.5, "t3": 0.3333333333333333, "t4": 0.6666666666666666, "T7": 15, "T8": 15}], ["cloud", {"method": "zhai_2018", "cloud": false, "shadow": true, "T1": 2.5, "t2": 0.5, "t3": 0.3333333333333333, "t4": 0.6666666666666666, "T7": 15, "T8": 15}]], "apply_mask": [["ndi", {"band_1": 850, "band_2": 660, "min": 0.1, "max": 1.0}], ["ancillary", {"name": "slope", "min": 0.08726646259971647, "max": "+inf"}], ["ancillary", {"name": "cosine_i", "min": 0.12, "max": "+inf"}]], "c_fit_type": "nnls", "coeffs": {"4": 11.690431303465099, "5": 10.977971929502168, "6": 12.204578379969776, "7": 12.097680921988195, "8": 12.379553661433409, "9": 12.020725049317363, "10": 11.85548704146564, "11": 10.878629001300068, "12": 9.990279470370002, "13": 9.24312824455553, "14": 8.54999344400362, "15": 8.0967253076293, "16": 7.62297712185218, "17": 7.136612281539321, "18": 6.818295442567963, "19": 6.544819785816206, "20": 6.313087173859076, "21": 6.009261976162415, "22": 5.753831520532534, "23": 5.5425161232010405, "24": 5.377399766516, "25": 5.404427195641741, "26": 5.842538062428489, "27": 6.661304130231788, "28": 7.766134074475897, "29": 9.102598975902445, "30": 10.116945988726092, "31": 10.256757494624296, "32": 9.563239034155545, "33": 8.798735244321426, "34": 7.984529729631863, "35": 6.846101579043618, "36": 5.6628311750326965, "37": 4.668402484676563, "38": 3.8298145433142285, "39": 3.307285780633611, "40": 2.9953062260697054, "41": 2.6876362767680355, "42": 2.428735737382313, "43": 2.3849825493237495, "44": 2.3736261626639568, "45": 2.2999290421924625, "46": 2.1962181572986945, "47": 2.106324538085968, "48": 2.039290829235238, "49": 1.982249442428611, "50": 1.9640248131483555, "51": 1.9407246454924383, "52": 1.8610063779958763, "53": 1.727719868098968, "54": 1.66045780523144, "55": 1.6297707956368848, "56": 1.5917374984661765, "57": 1.5325997664936652, "58": 1.483739393639659, "59": 1.4293965302471827, "60": 1.5240732296860435, "61": 1.528461144902179, "62": 1.8050491876787915, "63": 2.456953785892019, "64": 3.7212110734411694, "65": 6.646279466115113, "66": 15.42780640389005, "67": 27.585006141858297, "68": 100000.0, "69": 100000.0, "70": 100000.0, "71": 100000.0, "72": 100000.0, "73": 100000.0, "74": 100000.0, "75": 100000.0, "76": 100000.0, "77": 100000.0, "78": 100000.0, "79": 100000.0, "80": 100000.0, "81": 100000.0, "82": 100000.0, "83": 100000.0, "84": 100000.0, "85": 100000.0, "86": 100000.0, "87": 100000.0, "88": 100000.0, "89": 100000.0, "90": 100000.0, "91": 100000.0, "92": 100000.0, "93": 100000.0, "94": 100000.0, "95": 100000.0, "96": 100000.0, "97": 100000.0, "98": 100000.0, "99": 100000.0, "100": 100000.0, "101": 100000.0, "102": 100000.0, "103": 100000.0, "104": 100000.0, "105": 100000.0, "106": 100000.0, "107": 100000.0, "108": 100000.0, "109": 100000.0, "110": 100000.0, "111": 43.85490924343387, "112": 100000.0, "113": 100000.0, "114": 100000.0, "115": 100000.0, "116": 100000.0, "117": 100000.0, "118": 100000.0, "119": 100000.0, "120": 100000.0, "121": 100000.0, "122": 100000.0, "123": 100000.0, "124": 100000.0, "125": 100000.0, "126": 100000.0, "127": 100000.0, "128": 100000.0, "129": 100000.0, "130": 100000.0, "131": 100000.0, "132": 100000.0, "133": 100000.0, "134": 100000.0, "135": 100000.0, "136": 100000.0, "137": 100000.0, "138": 100000.0, "139": 100000.0, "140": 100000.0, "141": 100000.0, "142": 100000.0, "143": 100000.0, "144": 100000.0, "145": 100000.0, "146": 100000.0, "147": 23.5228194216184, "148": 11.22677333647208, "149": 5.981350351546581, "150": 9.17393326468016, "151": 11.773010152676454, "152": 12.430498023261245, "153": 7.184678352878806, "154": 10.064348809931278, "155": 14.806992179856705, "156": 25.79299084192203, "157": 31.75065394812203, "158": 35.20388667460147, "159": 29.113828543184574, "160": 22.349390869389037, "161": 21.080265645498756, "162": 26.002458919736387, "163": 22.12412554703735, "164": 20.90849713176694, "165": 25.450383967126925, "166": 24.312396537388807, "167": 33.42899210627244, "168": 39.23273375409504, "169": 51.71036120663434, "170": 82.04542724911865, "171": 120.30018103583973, "172": 165.0227485810455, "173": 159.95625356231878, "174": 145.132562527663, "175": 130.37426674238435, "176": 88.82074574442038, "177": 55.19823355657202, "178": 62.07012419148601, "179": 69.29879899080642, "180": 65.16985751998, "181": 48.829866254529364, "182": 36.02438948240337, "183": 24.46728634732871, "184": 18.48402166881474, "185": 13.621670344716598, "186": 10.429898731846086, "187": 9.213823510463437, "188": 7.237022386018477, "189": 5.87852566111046, "190": 4.297340004961984, "210": 0.9602321290666371, "211": 0.9612655895351522, "212": 0.9076506185049572, "213": 0.8926429325861047, "214": 0.7770120419419279, "215": 0.8484092457702112, "216": 0.8022004310515382, "217": 0.7402776986358998, "218": 0.7536848868307648, "219": 0.8351968620769936, "220": 0.9269877355524899, "221": 0.9701995663152265, "222": 1.0851873767055726, "223": 1.1883709283188122, "224": 1.2295980624260192, "225": 1.3128489381932906, "226": 1.3689261778057804, "227": 1.4212228716060467, "228": 1.527115090434369, "229": 1.570658857319652, "230": 1.6414238342973735, "231": 1.6998433329494318, "232": 1.7384217646162354, "233": 1.7987046878008202, "234": 1.845995941826854, "235": 1.896715628652917, "236": 1.9452477887344992, "237": 1.9742243061048514, "238": 2.0148147657345037, "239": 2.0692160794354284, "240": 2.107782831802616, "241": 2.142551653797325, "242": 2.1970574925698116, "243": 2.236733314728411, "244": 2.268633214871606, "245": 2.305498304702187, "246": 2.358504288652721, "247": 2.4379620302620606, "248": 2.473520350654914, "249": 2.4944992952124614, "250": 2.5262358027873404, "251": 2.5460947189944463, "252": 2.5470176858792346, "253": 2.559736751827601, "254": 2.548986994792423, "255": 2.5350160658938203, "256": 2.5266699532466, "257": 2.5283766113400707, "258": 2.511327434333036, "259": 2.4727412509592632, "260": 2.447632732613495, "261": 2.4057743269355067, "262": 2.354558274006527, "263": 2.296037584776201, "264": 2.263882084618221, "265": 2.16285665560585, "266": 2.1180048009710526, "267": 2.0972913348642876, "268": 2.0048597862608686, "269": 2.003126213447272, "270": 1.9680140019704375, "271": 1.930146275275951, "272": 1.9087964774274488, "273": 1.8428510422760147, "274": 1.8596842012892083, "275": 1.804207525340187, "276": 1.7323737002764543, "277": 1.690307695977328, "278": 1.660447561018097, "279": 1.5459303089261756, "280": 1.5193490590107626, "281": 1.4981312532995077, "282": 1.4219550969871575, "283": 1.2939382120284226, "316": 0.40024183767420496, "317": 0.4693670722680773, "318": 0.46846066230150696, "319": 0.4797997871584332, "320": 0.5052266791035945, "321": 0.5182386954074537, "322": 0.5590171244538334, "323": 0.616177254640728, "324": 0.6569223876730999, "325": 0.7014004788440865, "326": 0.7073049274383173, "327": 0.6890729718411416, "328": 0.6908991813513907, "329": 0.6752118867852529, "330": 0.6773022747268571, "331": 0.6756388360286724, "332": 0.6788082097597193, "333": 0.6961810792568321, "334": 0.6930124880059232, "335": 0.6844650295595415, "336": 0.6866472525212836, "337": 0.6990917764749583, "338": 0.7001191426826939, "339": 0.6995562346213512, "340": 0.7066156654186281, "341": 0.7169043387097596, "342": 0.7205470031534581, "343": 0.7172964518749911, "344": 0.7375292173952824, "345": 0.7529396443661154, "346": 0.7635913453314902, "347": 0.7670562806955101, "348": 0.781912863822775, "349": 0.7991601952894096, "350": 0.8212778301692872, "351": 0.8403351518300713, "352": 0.8669079005394337, "353": 0.8814993644561702, "354": 0.9013151152849952, "355": 0.9392498873293751, "356": 0.9645034641984308,