{"type": "scs+c", "calc_mask": [["ndi", {"band_1": 850, "band_2": 660, "min": 0.1, "max": 1.0}], ["ancillary", {"name": "slope", "min": 0.08726646259971647, "max": "+inf"}], ["ancillary", {"name": "cosine_i", "min": 0.12, "max": "+inf"}], ["cloud", {"method": "zhai_2018", "cloud": true, "shadow": false, "T1": 2.5, "t2": 0.5, "t3": 0.3333333333333333, "t4": 0.6666666666666666, "T7": 15, "T8": 15}], ["cloud", {"method": "zhai_2018", "cloud": false, "shadow": true, "T1": 2.5, "t2": 0.5, "t3": 0.3333333333333333, "t4": 0.6666666666666666, "T7": 15, "T8": 15}]], "apply_mask": [["ndi", {"band_1": 850, "band_2": 660, "min": 0.1, "max": 1.0}], ["ancillary", {"name": "slope", "min": 0.08726646259971647, "max": "+inf"}], ["ancillary", {"name": "cosine_i", "min": 0.12, "max": "+inf"}]], "c_fit_type": "nnls", "coeffs": {"4": 100000.0, "5": 100000.0, "6": 100000.0, "7": 100000.0, "8": 100000.0, "9": 100000.0, "10": 100000.0, "11": 100000.0, "12": 100000.0, "13": 100000.0, "14": 100000.0, "15": 100000.0, "16": 100000.0, "17": 100000.0, "18": 100000.0, "19": 100000.0, "20": 100000.0, "21": 100000.0, "22": 118.11052688010126, "23": 52.85660583466653, "24": 33.725680161605105, "25": 32.18505253481584, "26": 48.55188414696406, "27": 180.31260847698866, "28": 100000.0, "29": 100000.0, "30": 100000.0, "31": 100000.0, "32": 100000.0, "33": 100000.0, "34": 467.3548410500026, "35": 40.528402789791336, "36": 17.727114336777095, "37": 10.886419326720729, "38": 7.143976863894377, "39": 5.466579924806344, "40": 4.631476905189746, "41": 3.8430173839988986, "42": 3.2900729838741545, "43": 3.1956620624923056, "44": 3.158701392812687, "45": 3.0022952639005913, "46": 2.8025713317746344, "47": 2.6352687578931584, "48": 2.5040188598821347, "49": 2.392353678581494, "50": 2.3541679392369623, "51": 2.3207773746654308, "52": 2.2034548507617315, "53": 1.99224442415235, "54": 1.8978801639715572, "55": 1.848370482314003, "56": 1.7938498501453437, "57": 1.7039660172819284, "58": 1.6382658783129518, "59": 1.5530331422278534, "60": 1.6792027576785566, "61": 1.6443009473654966, "62": 2.0691690227306028, "63": 3.19953674325081, "64": 5.879098436628685, "65": 19.73861647865061, "66": 100000.0, "67": 100000.0, "68": 100000.0, "69": 100000.0, "70": 100000.0, "71": 100000.0, "72": 100000.0, "73": 100000.0, "74": 100000.0, "75": 100000.0, "76": 100000.0, "77": 100000.0, "78": 100000.0, "79": 100000.0, "80": 100000.0, "81": 100000.0, "82": 100000.0, "83": 100000.0, "84": 100000.0, "85": 100000.0, "86": 100000.0, "87": 100000.0, "88": 100000.0, "89": 100000.0, "90": 100000.0, "91": 100000.0, "92": 100000.0, "93": 100000.0, "94": 100000.0, "95": 100000.0, "96": 100000.0, "97": 100000.0, "98": 100000.0, "99": 100000.0, "100": 100000.0, "101": 100000.0, "102": 100000.0, "103": 100000.0, "104": 100000.0, "105": 100000.0, "106": 100000.0, "107": 100000.0, "108": 100000.0, "109": 100000.0, "110": 100000.0, "111": 100000.0, "112": 100000.0, "113": 100000.0, "114": 100000.0, "115": 100000.0, "116": 100000.0, "117": 100000.0, "118": 100000.0, "119": 100000.0, "120": 100000.0, "121": 100000.0, "122": 100000.0, "123": 100000.0, "124": 100000.0, "125": 100000.0, "126": 100000.0, "127": 100000.0, "128": 100000.0, "129": 100000.0, "130": 100000.0, "131": 100000.0, "132": 100000.0, "133": 100000.0, "134": 100000.0, "135": 100000.0, "136": 100000.0, "137": 100000.0, "138": 100000.0, "139": 100000.0, "140": 100000.0, "141": 100000.0, "142": 100000.0, "143": 100000.0, "144": 100000.0, "145": 100000.0, "146": 100000.0, "147": 100000.0, "148": 142.70823296214567, "149": 28.97764537437416, "150": 100000.0, "151": 100000.0, "152": 100000.0, "153": 100000.0, "154": 100000.0, "155": 100000.0, "156": 100000.0, "157": 100000.0, "158": 100000.0, "159": 100000.0, "160": 100000.0, "161": 100000.0, "162": 100000.0, "163": 100000.0, "164": 100000.0, "165": 100000.0, "166": 100000.0, "167": 100000.0, "168": 100000.0, "169": 100000.0, "170": 100000.0, "171": 100000.0, "172": 100000.0, "173": 100000.0, "174": 100000.0, "175": 100000.0, "176": 100000.0, "177": 100000.0, "178": 100000.0, "179": 100000.0, "180": 100000.0, "181": 100000.0, "182": 100000.0, "183": 100000.0, "184": 100000.0, "185": 100000.0, "186": 100000.0, "187": 100000.0, "188": 100000.0, "189": 100000.0, "190": 35.401141797040395, "210": 0.6522086134607021, "211": 0.6459377852744651, "212": 0.8199879961780429, "213": 1.1152605267408058, "214": 0.9913143404476533, "215": 1.1023741774842082, "216": 1.0586817965052202, "217": 0.848638272299561, "218": 1.0702375697723219, "219": 1.104446935446483, "220": 1.2553846268204802, "221": 1.4259383246872472, "222": 1.5896791778964778, "223": 1.7830658453407509, "224": 1.865679128014977, "225": 2.054709031104975, "226": 2.1729266072740656, "227": 2.310810932683227, "228": 2.520953085461239, "229": 2.6448706995622904, "230": 2.8349878144700598, "231": 2.9992395788910273, "232": 3.142388338830833, "233": 3.3231463706698925, "234": 3.4779934695833576, "235": 3.639829276099074, "236": 3.7817344406197377, "237": 3.8404701824048457, "238": 3.9409078898289134, "239": 4.146130504799573, "240": 4.373056576703257, "241": 4.539539411699992, "242": 4.742030439110719, "243": 4.810837826327298, "244": 4.919335412812172, "245": 5.085179931403664, "246": 5.369369810931696, "247": 5.693888794151476, "248": 5.885502954949358, "249": 5.982831418378342, "250": 6.0939730135584576, "251": 6.139946560561794, "252": 6.172404465951543, "253": 6.193029729080317, "254": 6.144361330831348, "255": 6.1228485459567645, "256": 5.949544970447814, "257": 5.943929266218523, "258": 5.881157698031116, "259": 5.7299878245330875, "260": 5.608958768129196, "261": 5.348776623208954, "262": 5.135563803480207, "263": 4.883519300262728, "264": 4.721583394179553, "265": 4.365911220797748, "266": 4.195815432067105, "267": 4.113157084852804, "268": 3.7694697709819143, "269": 3.7833137937548, "270": 3.6488071668988376, "271": 3.613117768222389, "272": 3.5373345648420265, "273": 3.4126852105851997, "274": 3.317983868342454, "275": 3.2248463192458785, "276": 2.972827649478783, "277": 2.8729305771138596, "278": 2.747493483981835, "279": 2.547439416303662, "280": 2.4140548362593233, "281": 2.4730396870733093, "282": 1.8546111664858695, "283": 1.8484334514899854, "316": 0.4351687102067314, "317": 0.5378250076291858, "318": 0.5591881601973424, "319": 0.5928453939155632, "320": 0.6370816602938548, "321": 0.6442911632650726, "322": 0.6646103593230315, "323": 0.5798354894623432, "324": 0.5279741897777898, "325": 0.6794646524709479, "326": 0.6365574722569618, "327": 0.7278706007492316, "328": 0.807716522624883, "329": 0.8299673478254195, "330": 0.8736885625247769, "331": 0.8660132738422548, "332": 0.8751619632353875, "333": 0.8543313040141868, "334": 0.8285631168049131, "335": 0.8720850664323962, "336": 0.8658551725237423, "337": 0.8875109961231838, "338": 0.9254038839037999, "339": 0.9590727441078175, "340": 0.968160253996159, "341": 0.995206755605616, "342": 1.014774657558775, "343": 1.0184465930089983, "344": 1.057462056418508, "345": 1.0766536443763253, "346": 1.095274416336488, "347": 1.1010139628297038, "348": 1.1261233899084884, "349": 1.1551507569991324, "350": 1.1756941175765254, "351": 1.2028645542884933, "352": 1.2356333702139226, "353": 1.2470348323030862, "354": 1.2899115110761086, "355": 1.3482615724884583, "356": 1.384113458914346, "357": 1.4559725765177807, "358": 1.4910880942597389, "359": 1.5769284711002565, "360": 1.6128385154951994, "361": 1.777569913488843, "362": 1.8707578986420308, "363": 1.9545139634379052, "364": 2.088914507394132, "365": 2.1702173629907833, "366": 2.0685121831700375, "367": 2.0022784296656995, "368": 1.9122976909394132, "369": 1.8458596104781944, "370": 1.7606039607582271, "371": 1.696483999247683, "372": 1.6206553815582299, "373": 1.5628013173593551, "374": 1.4782088665861515, "375": 1.4042679272970773, "376": 1.3322440238201763, "377": 1.2750671531252398, "378": 1.2437868706257798, "379": 1.2319238986385013, "380": 1.2190818313326977,