{"type": "scs+c", "calc_mask": [["ndi", {"band_1": 850, "band_2": 660, "min": 0.1, "max": 1.0}], ["ancillary", {"name": "slope", "min": 0.08726646259971647, "max": "+inf"}], ["ancillary", {"name": "cosine_i", "min": 0.12, "max": "+inf"}], ["cloud", {"method": "zhai_2018", "cloud": true, "shadow": false, "T1": 2.5, "t2": 0.5, "t3": 0.3333333333333333, "t4": 0.6666666666666666, "T7": 15, "T8": 15}], ["cloud", {"method": "zhai_2018", "cloud": false, "shadow": true, "T1": 2.5, "t2": 0.5, "t3": 0.3333333333333333, "t4": 0.6666666666666666, "T7": 15, "T8": 15}]], "apply_mask": [["ndi", {"band_1": 850, "band_2": 660, "min": 0.1, "max": 1.0}], ["ancillary", {"name": "slope", "min": 0.08726646259971647, "max": "+inf"}], ["ancillary", {"name": "cosine_i", "min": 0.12, "max": "+inf"}]], "c_fit_type": "nnls", "coeffs": {"4": 100000.0, "5": 100000.0, "6": 100000.0, "7": 100000.0, "8": 100000.0, "9": 100000.0, "10": 100000.0, "11": 100000.0, "12": 100000.0, "13": 100000.0, "14": 100000.0, "15": 100000.0, "16": 100000.0, "17": 100000.0, "18": 100000.0, "19": 100000.0, "20": 100000.0, "21": 100000.0, "22": 100000.0, "23": 100000.0, "24": 100000.0, "25": 100000.0, "26": 100000.0, "27": 100000.0, "28": 100000.0, "29": 100000.0, "30": 31.085312127882492, "31": 14.11625610757796, "32": 9.770098073905242, "33": 7.826313002882866, "34": 6.794227259701807, "35": 6.662444414967999, "36": 6.545959573388795, "37": 6.4127618274720914, "38": 7.055049454595325, "39": 8.514983142063942, "40": 11.538738093656416, "41": 12.932021809529157, "42": 13.734339796506983, "43": 19.199139525642053, "44": 43.66642337260486, "45": 100000.0, "46": 100000.0, "47": 100000.0, "48": 100000.0, "49": 100000.0, "50": 100000.0, "51": 100000.0, "52": 100000.0, "53": 100000.0, "54": 100000.0, "55": 100000.0, "56": 100000.0, "57": 100000.0, "58": 100000.0, "59": 100000.0, "60": 100000.0, "61": 100000.0, "62": 100000.0, "63": 100000.0, "64": 100000.0, "65": 17.999888435763793, "66": 8.034716078121583, "67": 3.906271096574779, "68": 2.9100692911763972, "69": 2.4348977965115925, "70": 2.377884597430145, "71": 2.4034971384671517, "72": 2.501630547397579, "73": 2.5286095130477824, "74": 2.4787317592443676, "75": 2.1260579259127708, "76": 1.0890290310375912, "77": 1.8193644288711852, "78": 2.5170521877981495, "79": 2.6626880650240907, "80": 2.6530601020590794, "81": 2.497554370057914, "82": 2.485539867387671, "83": 2.459515568554493, "84": 2.438075948498521, "85": 2.490542608727183, "86": 2.1745335188771646, "87": 2.0505851177010745, "88": 2.214519851794771, "89": 2.302419451341588, "90": 2.4943339536333675, "91": 2.790796367430675, "92": 3.110371851315401, "93": 3.3357758524968473, "94": 3.4733761215078505, "95": 3.6093074274787846, "96": 3.7956308455323824, "97": 3.9246472258813427, "98": 3.9962850278507824, "99": 3.968269781752206, "100": 3.934018359920719, "101": 3.859365512988946, "102": 3.3623337420349935, "103": 2.7221330309927723, "104": 2.7174655740550646, "105": 2.5706674620580685, "106": 2.4492653802329953, "107": 2.600848376327727, "108": 2.6913221520537123, "109": 2.3703514999151567, "110": 2.284469467752361, "111": 2.3248482441161435, "112": 1.9639019404512912, "113": 2.0445960974123487, "114": 2.1345224424748226, "115": 2.3115796506228827, "116": 2.5661276462463056, "117": 3.1511489885896196, "118": 3.155696372580046, "119": 3.3322748432083937, "120": 3.966531596001959, "121": 4.674234480839274, "122": 5.354249623776131, "123": 5.662562363804753, "124": 5.632452880956897, "125": 5.689725183348444, "126": 5.871552880034193, "127": 5.994393841162424, "128": 6.007257424212743, "129": 6.204768113532944, "130": 6.461359104210095, "131": 6.553740547163527, "132": 6.533229839028095, "133": 6.454324409400181, "134": 6.358811363485169, "135": 6.094414349296944, "136": 5.825503630514157, "137": 5.741859473147878, "138": 5.988276086097798, "139": 6.004019045697297, "140": 5.824560536684454, "141": 5.657113122027718, "142": 5.2157968992580015, "143": 4.237088797036272, "144": 3.6942116084088363, "145": 3.385090334351232, "146": 3.0284212546532276, "147": 2.8845999186329654, "148": 2.3992203595766433, "149": 3.821220314922604, "150": 3.210264968499145, "151": 2.9911137044531695, "152": 3.3048294697708087, "153": 3.7965429104943156, "154": 3.6558191427852553, "155": 4.004654684383555, "156": 4.924891812998369, "157": 5.776673277392318, "158": 6.868343913632052, "159": 7.792160991141429, "160": 6.731328605112877, "161": 7.305338534559127, "162": 8.935816004852446, "163": 9.09408637818551, "164": 9.799458110264343, "165": 10.374208992773223, "166": 10.826511475078751, "167": 12.812218931372755, "168": 13.603170341117265, "169": 16.287622094623384, "170": 19.76201454715567, "171": 24.12916125645328, "172": 26.343928461263893, "173": 21.75852415087761, "174": 17.237909561427006, "175": 10.988089235748314, "176": 6.7758231336281, "177": 5.672166821420414, "178": 9.28689546890167, "179": 17.40352206815097, "180": 33.08837409272789, "181": 34.64346129635376, "182": 30.147821801959832, "183": 25.65638460563661, "184": 20.065893927006357, "185": 14.394934882253159, "186": 12.682637612660894, "187": 12.256170490990247, "188": 12.220963949079698, "189": 11.051808428465185, "190": 13.497498406510092, "210": 1.6785666042801144, "211": 1.3559610105297761, "212": 2.5227677990967576, "213": 1.5801876332701061, "214": 1.0887428519379545, "215": 0.8195289678921361, "216": 0.8388663565118158, "217": 1.0194108199061187, "218": 1.0376970145682538, "219": 0.8650315649266337, "220": 0.8071308824324276, "221": 0.9208437387127318, "222": 0.8550562828247579, "223": 0.9407091495320739, "224": 1.1045232497391295, "225": 1.2590881976744306, "226": 1.4303560331454233, "227": 1.7181679792576143, "228": 1.9085587621939375, "229": 2.1540281782032324, "230": 2.452643681825502, "231": 2.7546278189719673, "232": 3.1662648219229053, "233": 3.727783618752308, "234": 4.362098451591474, "235": 4.917542848415948, "236": 5.2565843365514215, "237": 4.706561496539616, "238": 4.688889854699309, "239": 5.5808271752057745, "240": 7.462342600506345, "241": 10.139432918123884, "242": 11.319821394972367, "243": 9.31949585459404, "244": 9.284673973428845, "245": 10.921636585968278, "246": 16.50500339899786, "247": 37.489404582408916, "248": 78.14117096758126, "249": 122.54166210748843, "250": 113.5209393215427, "251": 75.8446765148628, "252": 68.9583806181127, "253": 59.52942816948832, "254": 69.32073430674659, "255": 110.67467368996122, "256": 57.514726084425035, "257": 150.2525195971478, "258": 100000.0, "259": 100000.0, "260": 100000.0, "261": 100000.0, "262": 100000.0, "263": 100000.0, "264": 100000.0, "265": 100000.0, "266": 100000.0, "267": 100000.0, "268": 270.3721640828275, "269": 323.3502375860501, "270": 68.7990314127618, "271": 37.91177449183607, "272": 38.545515167942376, "273": 42.45750259023306, "274": 24.20825936860927, "275": 29.044386374706402, "276": 15.50959514226674, "277": 13.526468830617265, "278": 11.392027182159715, "279": 11.771818377237626, "280": 17.948923426120334, "281": 38.08023143521416, "282": 100000.0, "283": 100000.0, "316": 0.0, "317": 0.0, "318": 0.0, "319": 0.0, "320": 0.0, "321": 0.0, "322": 0.0, "323": 0.0, "324": 0.0, "325": 0.0, "326": 0.0, "327": 0.0, "328": 0.0, "329": 0.04761169662048023, "330": 0.10341565557365517, "331": 0.1165001237469514, "332": 0.11673305723077801, "333": 0.05792035030462597, "334": 0.027216839653260834, "335": 0.09201893548941725, "336": 0.09662779475722062, "337": 0.12082974396323619, "338": 0.19252547998975802, "339": 0.2828842570003345, "340": 0.31861107509582803, "341": 0.37503111678150214, "342": 0.439740777362678, "343": 0.5099817032068445, "344": 0.5734184998685032, "345": 0.6178683477483694, "346": 0.6659554501627064, "347": 0.7219292446274046, "348": 0.7990182700324873, "349": 0.8897530533615252, "350": 0.9419683333817894, "351": 1.0228701987440005, "352": 1.0949268258490996, "353": 1.1103606357712654, "354": 1.2487065240516706, "355": 1.3335534549954124, "356": 1.505845860445715,