{"type": "scs+c", "calc_mask": [["ndi", {"band_1": 850, "band_2": 660, "min": 0.1, "max": 1.0}], ["ancillary", {"name": "slope", "min": 0.08726646259971647, "max": "+inf"}], ["ancillary", {"name": "cosine_i", "min": 0.12, "max": "+inf"}], ["cloud", {"method": "zhai_2018", "cloud": true, "shadow": false, "T1": 2.5, "t2": 0.5, "t3": 0.3333333333333333, "t4": 0.6666666666666666, "T7": 15, "T8": 15}], ["cloud", {"method": "zhai_2018", "cloud": false, "shadow": true, "T1": 2.5, "t2": 0.5, "t3": 0.3333333333333333, "t4": 0.6666666666666666, "T7": 15, "T8": 15}]], "apply_mask": [["ndi", {"band_1": 850, "band_2": 660, "min": 0.1, "max": 1.0}], ["ancillary", {"name": "slope", "min": 0.08726646259971647, "max": "+inf"}], ["ancillary", {"name": "cosine_i", "min": 0.12, "max": "+inf"}]], "c_fit_type": "nnls", "coeffs": {"4": 3.3040231653639625, "5": 3.012729959265447, "6": 2.8491687102354692, "7": 2.5507771836541164, "8": 2.348719871052601, "9": 2.1840709400611273, "10": 2.0661727697834142, "11": 1.934661520975353, "12": 1.8267839400468897, "13": 1.7330288087087449, "14": 1.6403313613561417, "15": 1.5615077989488768, "16": 1.4788788346078707, "17": 1.3930570812885967, "18": 1.3221175282398614, "19": 1.2633001841436011, "20": 1.2147635624048096, "21": 1.1604263787220284, "22": 1.109592979221216, "23": 1.0787365288210355, "24": 1.0605004447456376, "25": 1.0635607289099231, "26": 1.116171762946625, "27": 1.2108701983861105, "28": 1.32428500156437, "29": 1.4550983017281742, "30": 1.5505411980874304, "31": 1.5887747163299641, "32": 1.5713316629707341, "33": 1.539254622837284, "34": 1.4971333325246177, "35": 1.4128414630704895, "36": 1.2877329947039708, "37": 1.1248245705401752, "38": 0.9918920354206957, "39": 0.8883101637246192, "40": 0.8183363330658565, "41": 0.754463036181859, "42": 0.6960689728912168, "43": 0.6772986517129888, "44": 0.6642741347849707, "45": 0.6374684556770557, "46": 0.6016796468012257, "47": 0.5690324454549284, "48": 0.5437456127702688, "49": 0.5244596981309689, "50": 0.5141676099786726, "51": 0.5020238276320663, "52": 0.47646836689441746, "53": 0.4386417186947493, "54": 0.41494779111375907, "55": 0.399240609996428, "56": 0.38128018332079233, "57": 0.361322333554197, "58": 0.3442951981708094, "59": 0.32099124698161247, "60": 0.3572353207070081, "61": 0.3634687058234307, "62": 0.45152371063515195, "63": 0.6388212985117231, "64": 0.9319433651107295, "65": 1.3775051799946996, "66": 2.0192681333517135, "67": 2.675607996369517, "68": 4.041956295068226, "69": 6.687767756228952, "70": 15.98615353370332, "71": 100000.0, "72": 100000.0, "73": 100000.0, "74": 100000.0, "75": 100000.0, "76": 100000.0, "77": 100000.0, "78": 100000.0, "79": 100000.0, "80": 100000.0, "81": 100000.0, "82": 100000.0, "83": 100000.0, "84": 100000.0, "85": 100000.0, "86": 100000.0, "87": 100000.0, "88": 100000.0, "89": 100000.0, "90": 100000.0, "91": 100000.0, "92": 100000.0, "93": 100000.0, "94": 100000.0, "95": 100000.0, "96": 100000.0, "97": 100000.0, "98": 100000.0, "99": 100000.0, "100": 100000.0, "101": 100000.0, "102": 100000.0, "103": 100000.0, "104": 100000.0, "105": 100000.0, "106": 100000.0, "107": 100000.0, "108": 100000.0, "109": 100000.0, "110": 11.080142236211527, "111": 6.828671190117537, "112": 9.889581282109049, "113": 8.55214775569619, "114": 9.049941730919755, "115": 10.001705566996531, "116": 11.866351800932662, "117": 19.853419842177807, "118": 34.19795855658658, "119": 28.644782314019643, "120": 54.758741059594556, "121": 453.7378039889519, "122": 100000.0, "123": 100000.0, "124": 100000.0, "125": 100000.0, "126": 100000.0, "127": 100000.0, "128": 100000.0, "129": 100000.0, "130": 100000.0, "131": 100000.0, "132": 100000.0, "133": 100000.0, "134": 100000.0, "135": 100000.0, "136": 100000.0, "137": 100000.0, "138": 100000.0, "139": 100000.0, "140": 10822.133844805108, "141": 152.03151478091831, "142": 75.90940800254018, "143": 34.900380262452366, "144": 19.50122367825328, "145": 14.232103588232121, "146": 10.265681796086797, "147": 5.340967251108642, "148": 3.7109993441614546, "149": 3.0271465323230955, "150": 3.809189548647893, "151": 3.9494413521166387, "152": 4.035041671507349, "153": 2.9853466573558896, "154": 3.25777436734399, "155": 3.810760152835932, "156": 4.4973584223782055, "157": 4.7851123084861635, "158": 4.9845702157820915, "159": 4.895254632692114, "160": 4.633276399845988, "161": 4.5338858350484, "162": 4.70935390239904, "163": 4.599303800861307, "164": 4.509476613828065, "165": 4.683276308848917, "166": 4.668405803541695, "167": 5.001246062566546, "168": 5.19553220394952, "169": 5.4146958860614, "170": 5.678946080382984, "171": 5.840712623406926, "172": 5.915431336966339, "173": 5.908183168858222, "174": 5.866903509653089, "175": 5.7980857242881765, "176": 5.5755675688664, "177": 5.258857378427786, "178": 5.323958486333066, "179": 5.430475522227682, "180": 5.3212210877753705, "181": 5.112955522289709, "182": 4.829136015980282, "183": 4.447127504843877, "184": 4.059554217808318, "185": 3.599429436499572, "186": 3.3134266548986147, "187": 3.069596037455796, "188": 2.700409119762081, "189": 2.3934127322853342, "190": 1.8896622413291875, "210": 0.20097711751999872, "211": 0.1818346170036725, "212": 0.19927007253214654, "213": 0.2502860728280439, "214": 0.24138678639090266, "215": 0.28499046756720087, "216": 0.2819730386444352, "217": 0.2421686420592985, "218": 0.262045583930685, "219": 0.2959620884594411, "220": 0.3327186533261142, "221": 0.37275063622778226, "222": 0.4405991326290263, "223": 0.4968638478334568, "224": 0.5277276638556188, "225": 0.565934361017987, "226": 0.5966616809039362, "227": 0.6232528460979705, "228": 0.6660730858360985, "229": 0.6895914914733077, "230": 0.7224642323714235, "231": 0.7510747315059134, "232": 0.7712499883295455, "233": 0.79838319115655, "234": 0.8203200808916459, "235": 0.8420991850393204, "236": 0.8611157487698043, "237": 0.8745546238106809, "238": 0.8875101867457227, "239": 0.9052350311698546, "240": 0.9239233761349529, "241": 0.9425721475315632, "242": 0.955358081755203, "243": 0.9647085467939435, "244": 0.9672500016861508, "245": 0.9771455451459353, "246": 0.9879811658040301, "247": 1.0080028504715433, "248": 1.0139802549747563, "249": 1.0201570321357118, "250": 1.0246122707631955, "251": 1.0279384027881573, "252": 1.0237888477829191, "253": 1.0250861847861334, "254": 1.0190459418300473, "255": 1.0141388135290301, "256": 1.0105816847472533, "257": 1.0073233837984326, "258": 1.0062156659250598, "259": 0.997344874777173, "260": 0.9893933917560078, "261": 0.9721701097358217, "262": 0.9524763749315629, "263": 0.9335333393316184, "264": 0.9168336217677465, "265": 0.8827879509374649, "266": 0.8650797855231348, "267": 0.8583860085190761, "268": 0.8242480687446516, "269": 0.8171263972070599, "270": 0.8016519873011808, "271": 0.7862309503178505, "272": 0.7763042616584235, "273": 0.749481951986146, "274": 0.7469669725041408, "275": 0.7225129818646537, "276": 0.6979282954315703, "277": 0.6684626484512018, "278": 0.6506033447195854, "279": 0.6047364903869556, "280": 0.5874119624036823, "281": 0.5631010738865013, "282": 0.482697313344305, "283": 0.4631111083614536, "316": 0.0, "317": 0.018744182848489072, "318": 0.029568408978841918, "319": 0.04643999203566532, "320": 0.0594653755378476, "321": 0.06841460292527729, "322": 0.07699598169965291, "323": 0.07475085510108098, "324": 0.06999500641746541, "325": 0.09282367387096763, "326": 0.10486400547437728, "327": 0.12431931728672457, "328": 0.1565032939358568, "329": 0.17945398505457458, "330": 0.2024320597331506, "331": 0.21725325496646936, "332": 0.22698492195029282, "333": 0.23873383804179224, "334": 0.24150539025238368, "335": 0.25222896101758036, "336": 0.26612561792802797, "337": 0.27802567118114285, "338": 0.2946941174118565, "339": 0.3101783854012883, "340": 0.32321119385124486, "341": 0.3338204405408728, "342": 0.34134158571385675, "343": 0.34564742656571623, "344": 0.35617953064031715, "345": 0.36439800858118365, "346": 0.36705723984225525,