{"type": "scs+c", "calc_mask": [["ndi", {"band_1": 850, "band_2": 660, "min": 0.1, "max": 1.0}], ["ancillary", {"name": "slope", "min": 0.08726646259971647, "max": "+inf"}], ["ancillary", {"name": "cosine_i", "min": 0.12, "max": "+inf"}], ["cloud", {"method": "zhai_2018", "cloud": true, "shadow": false, "T1": 2.5, "t2": 0.5, "t3": 0.3333333333333333, "t4": 0.6666666666666666, "T7": 15, "T8": 15}], ["cloud", {"method": "zhai_2018", "cloud": false, "shadow": true, "T1": 2.5, "t2": 0.5, "t3": 0.3333333333333333, "t4": 0.6666666666666666, "T7": 15, "T8": 15}]], "apply_mask": [["ndi", {"band_1": 850, "band_2": 660, "min": 0.1, "max": 1.0}], ["ancillary", {"name": "slope", "min": 0.08726646259971647, "max": "+inf"}], ["ancillary", {"name": "cosine_i", "min": 0.12, "max": "+inf"}]], "c_fit_type": "nnls", "coeffs": {"4": 100000.0, "5": 100000.0, "6": 100000.0, "7": 100000.0, "8": 100000.0, "9": 100000.0, "10": 257.9186694001974, "11": 62.3254252770257, "12": 35.68895573306567, "13": 24.92102040073638, "14": 18.964816035587184, "15": 15.584639130619433, "16": 12.94795871516596, "17": 10.886026329657275, "18": 9.560913749038342, "19": 8.609720517520689, "20": 7.998389564810497, "21": 7.402537187393604, "22": 6.954968403736899, "23": 6.670171676351472, "24": 6.494768793975343, "25": 6.554959280377373, "26": 7.182475779840075, "27": 8.250236115742245, "28": 9.733416529766233, "29": 11.65448308718931, "30": 13.45289539426924, "31": 14.418589574468985, "32": 14.23346786939222, "33": 13.809471198480892, "34": 13.252412355095377, "35": 11.843698177864438, "36": 9.957063384019785, "37": 8.160323345061812, "38": 6.705478958393335, "39": 5.830421971096452, "40": 5.391996678320321, "41": 4.857319083706761, "42": 4.39610104418043, "43": 4.346129126450805, "44": 4.34192636268467, "45": 4.196409156099546, "46": 3.9812821212445257, "47": 3.7881759340819054, "48": 3.629393712657855, "49": 3.4701376624703197, "50": 3.427610539850917, "51": 3.4042162922302768, "52": 3.2699680484817866, "53": 3.014052950134604, "54": 2.8900809022668406, "55": 2.820397836161298, "56": 2.7386828365521647, "57": 2.624631560995517, "58": 2.528777845094239, "59": 2.423219689729676, "60": 2.5571275081639957, "61": 2.431184796818026, "62": 2.888121912703925, "63": 4.065864592630274, "64": 6.282478705566032, "65": 12.471654906297703, "66": 47.17665467419372, "67": 290.6883353559551, "68": 100000.0, "69": 100000.0, "70": 100000.0, "71": 100000.0, "72": 100000.0, "73": 100000.0, "74": 100000.0, "75": 100000.0, "76": 100000.0, "77": 100000.0, "78": 100000.0, "79": 100000.0, "80": 100000.0, "81": 100000.0, "82": 100000.0, "83": 100000.0, "84": 100000.0, "85": 100000.0, "86": 100000.0, "87": 100000.0, "88": 100000.0, "89": 100000.0, "90": 100000.0, "91": 100000.0, "92": 100000.0, "93": 100000.0, "94": 100000.0, "95": 100000.0, "96": 100000.0, "97": 100000.0, "98": 100000.0, "99": 100000.0, "100": 100000.0, "101": 100000.0, "102": 100000.0, "103": 100000.0, "104": 100000.0, "105": 100000.0, "106": 100000.0, "107": 100000.0, "108": 100000.0, "109": 100000.0, "110": 100000.0, "111": 112.9890362132436, "112": 100000.0, "113": 100000.0, "114": 100000.0, "115": 100000.0, "116": 100000.0, "117": 100000.0, "118": 100000.0, "119": 100000.0, "120": 100000.0, "121": 100000.0, "122": 100000.0, "123": 100000.0, "124": 100000.0, "125": 100000.0, "126": 100000.0, "127": 100000.0, "128": 100000.0, "129": 100000.0, "130": 100000.0, "131": 100000.0, "132": 100000.0, "133": 100000.0, "134": 100000.0, "135": 100000.0, "136": 100000.0, "137": 100000.0, "138": 100000.0, "139": 100000.0, "140": 100000.0, "141": 100000.0, "142": 100000.0, "143": 100000.0, "144": 100000.0, "145": 100000.0, "146": 100000.0, "147": 17.872901546715518, "148": 8.716143637697837, "149": 7.511357107061804, "150": 11.591890448436702, "151": 15.915382487551282, "152": 14.75541355949929, "153": 9.829947785594234, "154": 12.321245386948874, "155": 21.34507982534466, "156": 53.08212126201227, "157": 117.25107542011341, "158": 294.7585664611111, "159": 236.18269301001862, "160": 104.38097812719192, "161": 97.77807270520343, "162": 217.00627753548068, "163": 123.96666972775395, "164": 98.53004500043407, "165": 151.81714266977554, "166": 129.83761216686577, "167": 723.0596857323994, "168": 100000.0, "169": 100000.0, "170": 100000.0, "171": 100000.0, "172": 100000.0, "173": 100000.0, "174": 100000.0, "175": 39208.14849404001, "176": 115.19424529396674, "177": 53.50926590379354, "178": 86.59008025828679, "179": 148.63558150471056, "180": 152.85949029043368, "181": 95.26692590077934, "182": 59.26649920946905, "183": 38.417728549002, "184": 27.245593992904983, "185": 19.16799022641842, "186": 15.042120648249766, "187": 13.33918996865033, "188": 10.465411988098651, "189": 8.092765774457913, "190": 5.923395527058056, "210": 1.0341337074498782, "211": 0.9993500421291629, "212": 1.0676892992447276, "213": 1.2448117773955694, "214": 1.1380179323652324, "215": 1.2269178827481297, "216": 1.2178734823217523, "217": 1.0729445931756199, "218": 1.2015145397406088, "219": 1.2221111749035762, "220": 1.3104021101079812, "221": 1.4470232380492567, "222": 1.6050847971887843, "223": 1.7626822955156998, "224": 1.8361748311820827, "225": 1.9500263248617207, "226": 2.0240342601748313, "227": 2.097760981406936, "228": 2.2151578772463068, "229": 2.2742997678371637, "230": 2.3574758219674687, "231": 2.431810266383453, "232": 2.4802387070327647, "233": 2.5564083689911783, "234": 2.6109085772250293, "235": 2.66582777822285, "236": 2.720669293295087, "237": 2.719596111193823, "238": 2.73752342285225, "239": 2.803059007010616, "240": 2.869753936440111, "241": 2.9234892299882764, "242": 2.972521364009601, "243": 2.970728212867351, "244": 2.9623924681553153, "245": 2.9929954561295777, "246": 3.0564509954839543, "247": 3.1508181501962134, "248": 3.177578811223554, "249": 3.188496941296642, "250": 3.21115877166899, "251": 3.2166226314083275, "252": 3.209927927049535, "253": 3.2267377267456965, "254": 3.223777275152127, "255": 3.211703143201276, "256": 3.177579753406922, "257": 3.171615443006967, "258": 3.1672626941821567, "259": 3.1357457302989142, "260": 3.1130770679629776, "261": 3.0622262212788462, "262": 3.0199848820912605, "263": 2.9776542661717817, "264": 2.94395797924271, "265": 2.8531823199386643, "266": 2.8156881325516983, "267": 2.7993454693625126, "268": 2.6888577979906856, "269": 2.6978443238578955, "270": 2.623495634213747, "271": 2.56951014587046, "272": 2.53827056208795, "273": 2.480109443509601, "274": 2.4460976514337553, "275": 2.3814784679881194, "276": 2.26706317851394, "277": 2.179159894129335, "278": 2.0885036024916968, "279": 1.9822770487185823, "280": 1.8916520574663105, "281": 1.8673109980810476, "282": 1.5255746511426098, "283": 1.5539235087185177, "316": 0.5637404344089834, "317": 0.6467748280013821, "318": 0.6908280148580304, "319": 0.7382936167777734, "320": 0.7811273128795554, "321": 0.7993589775404107, "322": 0.8061692723817889, "323": 0.7034298062178511, "324": 0.6322516217029045, "325": 0.7318371638837111, "326": 0.7189577253657762, "327": 0.813267510846431, "328": 0.9262064621811915, "329": 0.9957159577032704, "330": 1.058178778297015, "331": 1.0686491753459972, "332": 1.0773259901121954, "333": 1.0506042681070988, "334": 1.015425026844102, "335": 1.0668737996997755, "336": 1.065824227217041, "337": 1.081571854782328, "338": 1.1275867523017897, "339": 1.175225903637101, "340": 1.1913543790156673, "341": 1.2141641246910588, "342": 1.231820051807374, "343": 1.2378445388344599, "344": 1.2639936465357018, "345": 1.2758042952855424, "346": 1.2838627266374516, "347": 1.2886658316943342, "348": 1.303722768829062, "349": 1.3201761888314263, "350": 1.3365395625352685, "351": 1.3525156418206128, "352": 1.3705879326013974, "353": 1.3715617015341233, "354": 1.3865780769167093, "355": 1.4075824121824394, "356": 1.4177172698822231, "357": 1.4416245457466057, "358": 1.4507200608193642, "359": 1.471180517296907, "360": 1.470453670248178, "361": 1.5164322802681685,