{"type": "scs+c", "calc_mask": [["ndi", {"band_1": 850, "band_2": 660, "min": 0.1, "max": 1.0}], ["ancillary", {"name": "slope", "min": 0.08726646259971647, "max": "+inf"}], ["ancillary", {"name": "cosine_i", "min": 0.12, "max": "+inf"}], ["cloud", {"method": "zhai_2018", "cloud": true, "shadow": false, "T1": 2.5, "t2": 0.5, "t3": 0.3333333333333333, "t4": 0.6666666666666666, "T7": 15, "T8": 15}], ["cloud", {"method": "zhai_2018", "cloud": false, "shadow": true, "T1": 2.5, "t2": 0.5, "t3": 0.3333333333333333, "t4": 0.6666666666666666, "T7": 15, "T8": 15}]], "apply_mask": [["ndi", {"band_1": 850, "band_2": 660, "min": 0.1, "max": 1.0}], ["ancillary", {"name": "slope", "min": 0.08726646259971647, "max": "+inf"}], ["ancillary", {"name": "cosine_i", "min": 0.12, "max": "+inf"}]], "c_fit_type": "nnls", "coeffs": {"4": 8.220767438226437, "5": 8.555729217181806, "6": 9.622561763463501, "7": 10.015768989841948, "8": 10.675595454771951, "9": 10.98158932813686, "10": 11.208034988943412, "11": 10.798220789968546, "12": 10.250739254223323, "13": 9.757943078525612, "14": 9.329468867591547, "15": 9.013751295891687, "16": 8.6639993736986, "17": 8.284319174110937, "18": 7.9675777232172935, "19": 7.721275486028912, "20": 7.505458995525572, "21": 7.209830157314602, "22": 6.893990344917947, "23": 6.678253034366363, "24": 6.524545079623385, "25": 6.587576717274654, "26": 7.27275552212165, "27": 8.518369141674448, "28": 10.390467432488771, "29": 12.860662891011597, "30": 14.91078192928807, "31": 15.441382146931042, "32": 14.156461178611568, "33": 12.722805708573146, "34": 11.250466000432313, "35": 9.31858198065394, "36": 7.3964164203663385, "37": 5.747934468962146, "38": 4.607523342808791, "39": 3.9300318011930355, "40": 3.520745450348876, "41": 3.1490322868000034, "42": 2.8119721969380627, "43": 2.753771299009667, "44": 2.738992611663866, "45": 2.650071548601627, "46": 2.5254902811094158, "47": 2.413660230961308, "48": 2.3361367212408046, "49": 2.272245974976561, "50": 2.2490029067686708, "51": 2.215434798365208, "52": 2.121042979668806, "53": 1.9602663734514896, "54": 1.8792114927052899, "55": 1.839511510458445, "56": 1.7896316400928656, "57": 1.7207814274150628, "58": 1.6640915673312535, "59": 1.602153944647342, "60": 1.7138538212098144, "61": 1.740480455284291, "62": 2.079944485226029, "63": 2.888747486975733, "64": 4.576500880078338, "65": 9.087230372851986, "66": 32.92722830021464, "67": 326.50333219855844, "68": 100000.0, "69": 100000.0, "70": 100000.0, "71": 100000.0, "72": 100000.0, "73": 100000.0, "74": 100000.0, "75": 100000.0, "76": 100000.0, "77": 100000.0, "78": 100000.0, "79": 100000.0, "80": 100000.0, "81": 100000.0, "82": 100000.0, "83": 100000.0, "84": 100000.0, "85": 100000.0, "86": 100000.0, "87": 100000.0, "88": 100000.0, "89": 100000.0, "90": 100000.0, "91": 100000.0, "92": 100000.0, "93": 100000.0, "94": 100000.0, "95": 100000.0, "96": 100000.0, "97": 100000.0, "98": 100000.0, "99": 100000.0, "100": 100000.0, "101": 100000.0, "102": 100000.0, "103": 100000.0, "104": 100000.0, "105": 100000.0, "106": 100000.0, "107": 100000.0, "108": 100000.0, "109": 100000.0, "110": 100000.0, "111": 69.78016301207569, "112": 100000.0, "113": 100000.0, "114": 100000.0, "115": 100000.0, "116": 100000.0, "117": 100000.0, "118": 100000.0, "119": 100000.0, "120": 100000.0, "121": 100000.0, "122": 100000.0, "123": 100000.0, "124": 100000.0, "125": 100000.0, "126": 100000.0, "127": 100000.0, "128": 100000.0, "129": 100000.0, "130": 100000.0, "131": 100000.0, "132": 100000.0, "133": 100000.0, "134": 100000.0, "135": 100000.0, "136": 100000.0, "137": 100000.0, "138": 100000.0, "139": 100000.0, "140": 100000.0, "141": 100000.0, "142": 100000.0, "143": 100000.0, "144": 100000.0, "145": 100000.0, "146": 100000.0, "147": 52.42551980618063, "148": 14.090923937342955, "149": 5.960525968745858, "150": 10.116275683145783, "151": 12.09302700152788, "152": 15.86811304746016, "153": 7.236281844855517, "154": 10.62031108756934, "155": 16.440153765469432, "156": 34.63313461305052, "157": 47.60642884930028, "158": 59.62808770389854, "159": 42.36464474264963, "160": 29.21813430388069, "161": 26.191512318869222, "162": 34.84495315809845, "163": 28.79783770489418, "164": 25.874882067195312, "165": 34.15124099489352, "166": 31.606666520922378, "167": 50.069474987457, "168": 66.04596392279477, "169": 106.80290681565337, "170": 517.3403107733434, "171": 100000.0, "172": 100000.0, "173": 100000.0, "174": 100000.0, "175": 100000.0, "176": 100000.0, "177": 201.43069929153035, "178": 174.4261616513542, "179": 260.99378054232966, "180": 166.58874991890656, "181": 90.77519235628549, "182": 55.08049915065314, "183": 31.417364330692006, "184": 21.960219107792785, "185": 15.197905637262775, "186": 11.36340893083325, "187": 9.739198307673886, "188": 7.421408767981599, "189": 6.177827082754773, "190": 4.157871888669896, "210": 0.9431169399075748, "211": 0.9267791476597179, "212": 0.8635109670752068, "213": 0.8476378489952308, "214": 0.722409621978031, "215": 0.8169096446066718, "216": 0.7740197013399146, "217": 0.7201848120663946, "218": 0.6953594361589689, "219": 0.8016013979447271, "220": 0.8924601649210386, "221": 0.9246865085595102, "222": 1.0602791923523553, "223": 1.1698164693842192, "224": 1.2176966729261816, "225": 1.2950007513072743, "226": 1.354932647652244, "227": 1.4021237652816174, "228": 1.5138610300319484, "229": 1.5547160049741848, "230": 1.6247188580920409, "231": 1.6838695351625426, "232": 1.71634969861384, "233": 1.7752993512373954, "234": 1.819901959842333, "235": 1.868043167786694, "236": 1.9154994012073563, "237": 1.9496681598731682, "238": 1.9885926692927076, "239": 2.034831211949001, "240": 2.0644793205926573, "241": 2.100743517066448, "242": 2.147671852838952, "243": 2.1952828954969847, "244": 2.219045153454304, "245": 2.25604831420785, "246": 2.2941067077668857, "247": 2.374098484948801, "248": 2.4013512647787385, "249": 2.4230321819274607, "250": 2.453884976677457, "251": 2.475627871431048, "252": 2.469153819753816, "253": 2.4842705599749406, "254": 2.469462488099126, "255": 2.4510492680293883, "256": 2.450342921199766, "257": 2.4416353532719266, "258": 2.427195183107545, "259": 2.386879377429624, "260": 2.362467741711551, "261": 2.3260926802098587, "262": 2.270776075900381, "263": 2.213558505584943, "264": 2.1807038370849487, "265": 2.0760047716128973, "266": 2.0296401846368255, "267": 2.0149402585558938, "268": 1.9273487192828496, "269": 1.9210045044597082, "270": 1.8938623298457917, "271": 1.8490926303590796, "272": 1.8324050591007628, "273": 1.751916136643734, "274": 1.7894623155092648, "275": 1.722293830262002, "276": 1.6690064918827938, "277": 1.6138812136368283, "278": 1.6026356004043334, "279": 1.4627521246744837, "280": 1.4558260379220596, "281": 1.4004066684335676, "282": 1.3673736345500527, "283": 1.2059831358497175, "316": 0.38016129058110854, "317": 0.4595281141674404, "318": 0.45402601076696325, "319": 0.46954072525148727, "320": 0.49139115640063746, "321": 0.5078664931772733, "322": 0.55374041826985, "323": 0.6500988461300177, "324": 0.699572214244043, "325": 0.7079537225684477, "326": 0.7367474045964155, "327": 0.6902313363575961, "328": 0.6839428894027348, "329": 0.6681400480207741, "330": 0.666503721705211, "331": 0.6716654777001184, "332": 0.6712087451088931, "333": 0.7001213666078896, "334": 0.7009424420750348, "335": 0.6762130114805757, "336": 0.6857858247865445, "337": 0.6962890890720457, "338": 0.6912251533017525, "339": 0.685825909563156, "340": 0.6968708687570659, "341": 0.7043434695852422, "342": 0.7055420405117587, "343": 0.7016925947880586, "344": 0.7187272864969217, "345": 0.7356277396117844, "346": 0.7444240127062424, "347": 0.7467075826984308, "348": 0.7605079631125137, "349": 0.7752149941743165, "350": 0.8005686616046107, "351": 0.8183277668888062, "352": 0.8452444655098601, "353": 0.8610077271875185, "354": 0.8748957221552747, "355": 0.9182264605047817, "356": 0.9399425820367783, "357": 0.9807164199036382, "358": 1.00958021617932,