{"type": "scs+c", "calc_mask": [["ndi", {"band_1": 850, "band_2": 660, "min": 0.1, "max": 1.0}], ["ancillary", {"name": "slope", "min": 0.08726646259971647, "max": "+inf"}], ["ancillary", {"name": "cosine_i", "min": 0.12, "max": "+inf"}], ["cloud", {"method": "zhai_2018", "cloud": true, "shadow": false, "T1": 2.5, "t2": 0.5, "t3": 0.3333333333333333, "t4": 0.6666666666666666, "T7": 15, "T8": 15}], ["cloud", {"method": "zhai_2018", "cloud": false, "shadow": true, "T1": 2.5, "t2": 0.5, "t3": 0.3333333333333333, "t4": 0.6666666666666666, "T7": 15, "T8": 15}]], "apply_mask": [["ndi", {"band_1": 850, "band_2": 660, "min": 0.1, "max": 1.0}], ["ancillary", {"name": "slope", "min": 0.08726646259971647, "max": "+inf"}], ["ancillary", {"name": "cosine_i", "min": 0.12, "max": "+inf"}]], "c_fit_type": "nnls", "coeffs": {"4": 0.11346059619310252, "5": 0.12422975827873749, "6": 0.13179312828476658, "7": 0.1155910103800372, "8": 0.1258337274354761, "9": 0.17976566435005262, "10": 0.21367784919370925, "11": 0.23266916133802829, "12": 0.2238175588033138, "13": 0.22960987224224624, "14": 0.21831113308166644, "15": 0.20402226250814776, "16": 0.20003598960631394, "17": 0.1756524689031621, "18": 0.1619971212651001, "19": 0.14409223659943438, "20": 0.141858567519465, "21": 0.14312472811296473, "22": 0.12316298257669293, "23": 0.13443317593081425, "24": 0.1585389197146292, "25": 0.1796104528125068, "26": 0.21586120552611898, "27": 0.2521429481009869, "28": 0.24755851191072814, "29": 0.25449963439941165, "30": 0.24505452892611948, "31": 0.24685691030445014, "32": 0.2275582223480167, "33": 0.21521206596694878, "34": 0.19809492893512265, "35": 0.18553110309791934, "36": 0.16548835040689558, "37": 0.06571272363668215, "38": 0.040609690658381735, "39": 0.02884859698696356, "40": 0.010310012217393623, "41": 0.0, "42": 0.0, "43": 0.0, "44": 0.0, "45": 0.0, "46": 0.0, "47": 0.0, "48": 0.0, "49": 0.0, "50": 0.0, "51": 0.0, "52": 0.0, "53": 0.0, "54": 0.0, "55": 0.0, "56": 0.0, "57": 0.0, "58": 0.0, "59": 0.0, "60": 0.0, "61": 0.0, "62": 0.0, "63": 0.0, "64": 0.0, "65": 0.04475869590191965, "66": 0.11591439116952455, "67": 0.19634495702046018, "68": 0.23924190088714498, "69": 0.36259986158003144, "70": 0.466278677822909, "71": 0.6553727867254117, "72": 0.7993066187875573, "73": 0.9277751889795023, "74": 1.001654591163801, "75": 1.2084661645296937, "76": 1.1090993955618986, "77": 0.8846784012367832, "78": 1.0768614847928282, "79": 1.1074167319219017, "80": 1.1188644064702449, "81": 1.1209654791670693, "82": 1.08662539645293, "83": 1.0742741037655015, "84": 1.0783880453687078, "85": 1.098433245661798, "86": 1.1724855493007482, "87": 0.9837990912197668, "88": 0.9398626077120334, "89": 0.9845425435330445, "90": 0.9814982248978871, "91": 1.0252248583525083, "92": 1.067122399726364, "93": 1.12578275763776, "94": 1.1529389942150718, "95": 1.0972211227300142, "96": 1.1371306665433036, "97": 1.1253147175925364, "98": 1.1317694599866948, "99": 1.1243063604011365, "100": 1.103606612314014, "101": 1.1009206403041516, "102": 1.1501931022882925, "103": 0.9291532749834874, "104": 0.8282504003965764, "105": 0.9666943614646311, "106": 0.8590490077312238, "107": 0.7711295549685373, "108": 0.8853632599601918, "109": 1.1686200683879917, "110": 1.7913394338330968, "111": 0.5714802742978238, "112": 0.8303968507548183, "113": 0.7496229239051128, "114": 0.6960451656782833, "115": 0.6394811194905512, "116": 0.5838192208551226, "117": 0.5718553261397609, "118": 0.764694373733143, "119": 0.6724244031387024, "120": 0.7025858957541896, "121": 0.7767953403889878, "122": 0.8264673102977962, "123": 0.870720443741718, "124": 0.8767079082962927, "125": 0.8823112829239325, "126": 0.8941605451426053, "127": 0.9131429676023831, "128": 0.9315626919756136, "129": 0.9300280250947875, "130": 0.9535028864010743, "131": 0.9664333294474287, "132": 0.9870349958380246, "133": 0.9816009865254743, "134": 0.9987271346018565, "135": 1.0129535795179527, "136": 1.0085910904994944, "137": 1.0277999205884374, "138": 1.0174298009965201, "139": 1.0175419845301128, "140": 1.0118099701049041, "141": 0.9685053076530438, "142": 1.0215844565498928, "143": 0.9979255128559462, "144": 0.9049515582201695, "145": 0.9382727391481201, "146": 1.4245680316633265, "147": 2.0521410825090673, "148": 2.274875750657516, "149": 0.7014147133973101, "150": 0.9662620354905413, "151": 0.3709769439368687, "152": 0.9806589925011702, "153": 0.4413597326136208, "154": 0.358873687888488, "155": 0.3267808940389333, "156": 0.40100398638020013, "157": 0.43201204980928926, "158": 0.4841499865309174, "159": 0.4867567066936448, "160": 0.4590276120073909, "161": 0.41678584081819736, "162": 0.43311508251666764, "163": 0.454644474818297, "164": 0.41240203978695944, "165": 0.43846785508642633, "166": 0.4291402568910776, "167": 0.4727926134685319, "168": 0.5287260367765996, "169": 0.5631215635805286, "170": 0.6172099485648842, "171": 0.6636320033348214, "172": 0.6932428674995198, "173": 0.7106539846321848, "174": 0.7334596456866764, "175": 0.7779574844138673, "176": 0.7952717534318413, "177": 0.7410505363989731, "178": 0.7022616982832613, "179": 0.7621125910486969, "180": 0.7290704682149218, "181": 0.7653158748150273, "182": 0.7668686464936568, "183": 0.7458541698263945, "184": 0.709995932241096, "185": 0.6873149444364496, "186": 0.6674883246232672, "187": 0.61806055034758, "188": 0.5455045664385163, "189": 0.7431046313508779, "190": 0.3137941830644598, "210": 0.0043487907900809, "211": 0.0, "212": 0.0, "213": 0.0, "214": 0.0, "215": 0.0, "216": 0.0, "217": 0.03331368689873266, "218": 0.0, "219": 0.0, "220": 0.0, "221": 0.0, "222": 0.0, "223": 0.0, "224": 0.0347669828713914, "225": 0.03784768887760629, "226": 0.06399209064549957, "227": 0.06067246511965382, "228": 0.08924484500145266, "229": 0.09557161863888507, "230": 0.10886308552831088, "231": 0.125990507251199, "232": 0.1249455131817061, "233": 0.13152960486782442, "234": 0.1327670243595768, "235": 0.1438307011394005, "236": 0.1410068180593759, "237": 0.16060184867096125, "238": 0.15144575020220064, "239": 0.1375763719882803, "240": 0.14523382582169525, "241": 0.1627350352520137, "242": 0.16152842656467511, "243": 0.1842957943171399, "244": 0.17382762028556845, "245": 0.19060524773284154, "246": 0.18758445658869752, "247": 0.20507637404183449, "248": 0.20839941625682043, "249": 0.2235050123245744, "250": 0.2269751256309732, "251": 0.23212214653527527, "252": 0.2284272941414372, "253": 0.23116555616168233, "254": 0.22195310483123476, "255": 0.2181045912081172, "256": 0.21391105677498, "257": 0.18986041134404255, "258": 0.17842339583757696, "259": 0.15757178588529072, "260": 0.14276081318993236, "261": 0.13032521958279544, "262": 0.09813630851754898, "263": 0.08126753174412558, "264": 0.040954641780883434, "265": 0.014618935077148674, "266": 0.0, "267": 0.0, "268": 0.0, "269": 0.0, "270": 0.0, "271": 0.0, "272": 0.009619500848006158, "273": 0.0, "274": 0.005319233210421754, "275": 0.0, "276": 0.018530377499974816, "277": 0.0, "278": 0.05202172039975723, "279": 0.0, "280": 0.03659780822329853, "281": 0.0, "282": 0.10875416004128119, "283": 0.028517964385592162, "316": 0.0, "317": 0.0, "318": 0.0, "319": 0.0, "320": 0.0, "321": 0.0, "322": 0.0, "323": 0.06786836764661724, "324": 0.07944025629824662, "325": 0.0, "326": 0.04221329111610233, "327": 0.0, "328": 0.0, "329": 0.0, "330": 0.0, "331": 0.0, "332": 0.0, "333": 0.0, "334": 0.0, "335": 0.0, "336": 0.0, "337": 0.0, "338": 0.0, "339": 0.0, "340": 0.0, "341": 0.0, "342": 0.0, "343": 0.0, "344": 0.0, "345": 0.0, "346": 0.0, "347": 0.0, "348": 0.0, "349": 0.0, "350": 0.0, "351": 0.0, "352": 0.0, "353": 0.0, "354": 0.0, "355": 0.0, "356": 0.0, "357": 0.0, "358": 0.0, "359": 0.0, "360": 0.0, "361": 0.0, "362": 0.0, "363": 0.0, "364": 0.0, "365": 0.0, "366": 0.0, "367": 0.0, "368": 0.0, "369": 0.0, "370": 0.0, "371": 0.0, "372": 0.0, "373": 0.0, "374": 0.0, "375": 0.0, "376": 0.0, "377": 0.0, "378": 0.0, "379": 0.0, "380": 0.0, "381": 0.0, "382": 0.0, "383": 0.0, "384": 0.0,