{"type": "scs+c", "calc_mask": [["ndi", {"band_1": 850, "band_2": 660, "min": 0.1, "max": 1.0}], ["ancillary", {"name": "slope", "min": 0.08726646259971647, "max": "+inf"}], ["ancillary", {"name": "cosine_i", "min": 0.12, "max": "+inf"}], ["cloud", {"method": "zhai_2018", "cloud": true, "shadow": false, "T1": 2.5, "t2": 0.5, "t3": 0.3333333333333333, "t4": 0.6666666666666666, "T7": 15, "T8": 15}], ["cloud", {"method": "zhai_2018", "cloud": false, "shadow": true, "T1": 2.5, "t2": 0.5, "t3": 0.3333333333333333, "t4": 0.6666666666666666, "T7": 15, "T8": 15}]], "apply_mask": [["ndi", {"band_1": 850, "band_2": 660, "min": 0.1, "max": 1.0}], ["ancillary", {"name": "slope", "min": 0.08726646259971647, "max": "+inf"}], ["ancillary", {"name": "cosine_i", "min": 0.12, "max": "+inf"}]], "c_fit_type": "nnls", "coeffs": {"4": 100000.0, "5": 100000.0, "6": 100000.0, "7": 100000.0, "8": 100000.0, "9": 100000.0, "10": 100000.0, "11": 100000.0, "12": 100000.0, "13": 100000.0, "14": 100000.0, "15": 100000.0, "16": 100000.0, "17": 100000.0, "18": 100000.0, "19": 100000.0, "20": 126.28375813460939, "21": 57.80539161226534, "22": 38.25126731912344, "23": 31.00317660262207, "24": 26.883086904742683, "25": 27.059807301910165, "26": 37.72848157616603, "27": 91.14649441047926, "28": 100000.0, "29": 100000.0, "30": 100000.0, "31": 100000.0, "32": 100000.0, "33": 100000.0, "34": 100000.0, "35": 100000.0, "36": 841.8735586913068, "37": 37.95270897842388, "38": 18.98530775806039, "39": 13.224466597465243, "40": 10.971453882537412, "41": 8.950356371363924, "42": 7.456438815436274, "43": 7.1951439955723036, "44": 7.090994841476493, "45": 6.660467339850076, "46": 6.094998898922905, "47": 5.636799621896471, "48": 5.2753185584611915, "49": 4.945907110303341, "50": 4.822235363371123, "51": 4.754772379269015, "52": 4.514809637906464, "53": 4.077208244134344, "54": 3.8697957588824354, "55": 3.744392147158024, "56": 3.6073899496785318, "57": 3.437520639471575, "58": 3.2897840549624493, "59": 3.1071443009187174, "60": 3.313141113154921, "61": 3.093061529152086, "62": 3.736166942470103, "63": 5.627914519776517, "64": 10.288726306771911, "65": 44.45421440523277, "66": 100000.0, "67": 100000.0, "68": 100000.0, "69": 100000.0, "70": 100000.0, "71": 100000.0, "72": 100000.0, "73": 100000.0, "74": 100000.0, "75": 100000.0, "76": 100000.0, "77": 100000.0, "78": 100000.0, "79": 100000.0, "80": 100000.0, "81": 100000.0, "82": 100000.0, "83": 100000.0, "84": 100000.0, "85": 100000.0, "86": 100000.0, "87": 100000.0, "88": 100000.0, "89": 100000.0, "90": 100000.0, "91": 100000.0, "92": 100000.0, "93": 100000.0, "94": 100000.0, "95": 100000.0, "96": 100000.0, "97": 100000.0, "98": 100000.0, "99": 100000.0, "100": 100000.0, "101": 100000.0, "102": 100000.0, "103": 100000.0, "104": 100000.0, "105": 100000.0, "106": 100000.0, "107": 100000.0, "108": 100000.0, "109": 100000.0, "110": 100000.0, "111": 100000.0, "112": 100000.0, "113": 100000.0, "114": 100000.0, "115": 100000.0, "116": 100000.0, "117": 100000.0, "118": 100000.0, "119": 100000.0, "120": 100000.0, "121": 100000.0, "122": 100000.0, "123": 100000.0, "124": 100000.0, "125": 100000.0, "126": 100000.0, "127": 100000.0, "128": 100000.0, "129": 100000.0, "130": 100000.0, "131": 100000.0, "132": 100000.0, "133": 100000.0, "134": 100000.0, "135": 100000.0, "136": 100000.0, "137": 100000.0, "138": 100000.0, "139": 100000.0, "140": 100000.0, "141": 100000.0, "142": 100000.0, "143": 100000.0, "144": 100000.0, "145": 100000.0, "146": 100000.0, "147": 158.95736071471853, "148": 13.408159207712705, "149": 10.024430668911684, "150": 23.249768548515302, "151": 42.82909514156898, "152": 48.56827038436992, "153": 15.445180212197647, "154": 23.14191489736177, "155": 185.2962320921776, "156": 100000.0, "157": 100000.0, "158": 100000.0, "159": 100000.0, "160": 100000.0, "161": 100000.0, "162": 100000.0, "163": 100000.0, "164": 100000.0, "165": 100000.0, "166": 100000.0, "167": 100000.0, "168": 100000.0, "169": 100000.0, "170": 100000.0, "171": 100000.0, "172": 100000.0, "173": 100000.0, "174": 100000.0, "175": 100000.0, "176": 100000.0, "177": 100000.0, "178": 100000.0, "179": 100000.0, "180": 100000.0, "181": 100000.0, "182": 100000.0, "183": 100000.0, "184": 100000.0, "185": 413.0274926619082, "186": 64.035432841316, "187": 40.622387624276534, "188": 21.701029616663934, "189": 14.061940784005415, "190": 7.959247503764976, "210": 1.0398209573497232, "211": 0.9660380863597683, "212": 1.0594962736645093, "213": 1.3192193232495915, "214": 1.1809288385408, "215": 1.3270903192809924, "216": 1.3349634397851553, "217": 1.1416075032623592, "218": 1.2779260211024766, "219": 1.3188887981705162, "220": 1.427311636041426, "221": 1.5987388765858557, "222": 1.840917061796843, "223": 2.070854577702727, "224": 2.181484166713943, "225": 2.3339586062040185, "226": 2.4423829670584185, "227": 2.5378127355997866, "228": 2.710703328303719, "229": 2.788811430865026, "230": 2.911307614227181, "231": 3.0215479166761714, "232": 3.081456092894134, "233": 3.1920047080710847, "234": 3.265594749501239, "235": 3.3413008348888438, "236": 3.4146995616361857, "237": 3.4252754705259414, "238": 3.4451292258683175, "239": 3.5235168127190373, "240": 3.608869648499448, "241": 3.69000394645945, "242": 3.7443034469348455, "243": 3.7484554394221434, "244": 3.711471695256985, "245": 3.7443760478605554, "246": 3.8067837987391413, "247": 3.9324698091730377, "248": 3.9483006010636292, "249": 3.9618239393165475, "250": 3.982976208445556, "251": 3.9836916762939047, "252": 3.950811622954891, "253": 3.9625634831445464, "254": 3.9358343702037764, "255": 3.9066829800291814, "256": 3.8688381598936017, "257": 3.835449497327583, "258": 3.8339346732442263, "259": 3.7809173413627177, "260": 3.742901066227606, "261": 3.6710958525502155, "262": 3.5980151169382446, "263": 3.5276103032136645, "264": 3.473557802183009, "265": 3.328125100024618, "266": 3.2724133718176676, "267": 3.265565054899063, "268": 3.097820021272593, "269": 3.1088881173025125, "270": 3.0139898482469962, "271": 2.9374981710128143, "272": 2.910407920503552, "273": 2.8156064626150084, "274": 2.791780014636129, "275": 2.697777201512724, "276": 2.564966995101627, "277": 2.428429791379755, "278": 2.330136241782168, "279": 2.168114997418061, "280": 2.057945185028184, "281": 1.996824258428202, "282": 1.546128255151295, "283": 1.5990381675800942, "316": 0.6126778341841218, "317": 0.7299209007660868, "318": 0.7797383865693942, "319": 0.8446342956719859, "320": 0.8941554460303723, "321": 0.9124439518412186, "322": 0.918568944000519, "323": 0.7983925895463032, "324": 0.6964050465839804, "325": 0.8045760603000309, "326": 0.792761571679671, "327": 0.8858389203437773, "328": 1.0287966297705275, "329": 1.1222908962146634, "330": 1.207006109767087, "331": 1.2270967581034915, "332": 1.2336149588666125, "333": 1.20881642486731, "334": 1.1589708272772217, "335": 1.21616224403842, "336": 1.2213060380269567, "337": 1.2342896051360497, "338": 1.2919425787088141, "339": 1.3536574581076029, "340": 1.3781701108111382, "341": 1.4040258373782155, "342": 1.4242691628589679, "343": 1.429422278250909, "344": 1.4581073907941384, "345": 1.4713914221539766, "346": 1.4752164055550931, "347": 1.4742694361323103, "348": 1.4871811420738381, "349": 1.498290320064103, "350": 1.5164243163289088, "351": 1.5256760097932187, "352": 1.540544106296378, "353": 1.5349827447107223, "354": 1.5405697871507995, "355": 1.5641771654449943, "356": 1.573576621982427, "357": 1.5949221415131456, "358": 1.608848579093762, "359": 1.6315377397849415, "360": 1.6334410384061895, "361": 1.684401370452859, "362": 1.7159029800001133, "363": 1.7304389183545328, "364": 1.7791293727339899, "365": 1.830256256846916, "366": 1.8553789108286627, "367": 1.8694095560984405, "368": 1.8641911818008503, "369": 1.8536402089180453, "370": 1.8308987102434982, "371": 1.810778886000776, "372": 1.7852081773266335, "373": 1.7713213836311386, "374": 1.7420285507117512, "375": 1.708744311347496, "376": 1.6722006305429884,