{"type": "scs+c", "calc_mask": [["ndi", {"band_1": 850, "band_2": 660, "min": 0.1, "max": 1.0}], ["ancillary", {"name": "slope", "min": 0.08726646259971647, "max": "+inf"}], ["ancillary", {"name": "cosine_i", "min": 0.12, "max": "+inf"}], ["cloud", {"method": "zhai_2018", "cloud": true, "shadow": false, "T1": 2.5, "t2": 0.5, "t3": 0.3333333333333333, "t4": 0.6666666666666666, "T7": 15, "T8": 15}], ["cloud", {"method": "zhai_2018", "cloud": false, "shadow": true, "T1": 2.5, "t2": 0.5, "t3": 0.3333333333333333, "t4": 0.6666666666666666, "T7": 15, "T8": 15}]], "apply_mask": [["ndi", {"band_1": 850, "band_2": 660, "min": 0.1, "max": 1.0}], ["ancillary", {"name": "slope", "min": 0.08726646259971647, "max": "+inf"}], ["ancillary", {"name": "cosine_i", "min": 0.12, "max": "+inf"}]], "c_fit_type": "nnls", "coeffs": {"4": 1.341290180811244, "5": 1.347340964838731, "6": 1.4537561373997154, "7": 1.4227403189646917, "8": 1.476626303243203, "9": 1.4922299903416145, "10": 1.5525065854397728, "11": 1.5765213438370331, "12": 1.5851843298683037, "13": 1.5727845389573718, "14": 1.541943822471616, "15": 1.490595340471116, "16": 1.4494553887323574, "17": 1.3988931074698843, "18": 1.3202940611124687, "19": 1.3278877027872835, "20": 1.2582614093856077, "21": 1.2195695823255297, "22": 1.177087548110448, "23": 1.1883708825934383, "24": 1.1875956560617802, "25": 1.2403898002782274, "26": 1.3677325585749949, "27": 1.5811535046473082, "28": 1.846002325170572, "29": 2.1429360698846103, "30": 2.3752927545343567, "31": 2.481442989176056, "32": 2.4583399521566087, "33": 2.397568138229909, "34": 2.3357236611630627, "35": 2.1590335617360887, "36": 1.9759810048220547, "37": 1.6136204121848035, "38": 1.4291948426412264, "39": 1.2752885053300147, "40": 1.1934450968546892, "41": 1.100038604108946, "42": 1.0275399644440557, "43": 1.0347630812148754, "44": 1.0438420018922787, "45": 1.0203418249441136, "46": 0.9785164957757597, "47": 0.9395179276007236, "48": 0.9185383934738721, "49": 0.9034257696729414, "50": 0.8914464603625619, "51": 0.8985033921272613, "52": 0.871482974614299, "53": 0.8179303081598287, "54": 0.7865380706186825, "55": 0.764696597939628, "56": 0.7597741122900036, "57": 0.7336916412500937, "58": 0.7146476239003651, "59": 0.6780314102059848, "60": 0.7904036126555264, "61": 0.763936085283616, "62": 0.9496771721811749, "63": 1.2875956359755159, "64": 1.807394753959197, "65": 2.765505595342739, "66": 4.202254771728109, "67": 5.346320189450759, "68": 9.492037751858838, "69": 22.0089108583684, "70": 100000.0, "71": 100000.0, "72": 100000.0, "73": 100000.0, "74": 100000.0, "75": 100000.0, "76": 100000.0, "77": 100000.0, "78": 100000.0, "79": 100000.0, "80": 100000.0, "81": 100000.0, "82": 100000.0, "83": 100000.0, "84": 100000.0, "85": 100000.0, "86": 100000.0, "87": 100000.0, "88": 100000.0, "89": 100000.0, "90": 100000.0, "91": 100000.0, "92": 100000.0, "93": 100000.0, "94": 100000.0, "95": 100000.0, "96": 100000.0, "97": 100000.0, "98": 100000.0, "99": 100000.0, "100": 100000.0, "101": 100000.0, "102": 100000.0, "103": 100000.0, "104": 100000.0, "105": 100000.0, "106": 100000.0, "107": 100000.0, "108": 100000.0, "109": 100000.0, "110": 17.37573161906327, "111": 17.1327581002795, "112": 32.10964082057568, "113": 21.57755751646192, "114": 33.16338140964929, "115": 51.33165280854881, "116": 100000.0, "117": 100000.0, "118": 100000.0, "119": 100000.0, "120": 100000.0, "121": 100000.0, "122": 100000.0, "123": 100000.0, "124": 100000.0, "125": 100000.0, "126": 100000.0, "127": 100000.0, "128": 100000.0, "129": 100000.0, "130": 100000.0, "131": 100000.0, "132": 100000.0, "133": 100000.0, "134": 100000.0, "135": 100000.0, "136": 100000.0, "137": 100000.0, "138": 100000.0, "139": 100000.0, "140": 100000.0, "141": 100000.0, "142": 100000.0, "143": 100000.0, "144": 100000.0, "145": 100000.0, "146": 100000.0, "147": 13.372878836574035, "148": 7.146556888030645, "149": 8.146701388356302, "150": 10.369196154873354, "151": 16.306145517166833, "152": 10.817163070313798, "153": 7.646881080413359, "154": 10.344343329939619, "155": 17.661460893020074, "156": 50.850698549900606, "157": 88.58472744720599, "158": 177.45301016026357, "159": 240.95483124346498, "160": 99.3908205410094, "161": 91.10681853820769, "162": 100000.0, "163": 186.32007926896097, "164": 4435.250977558753, "165": 100000.0, "166": 100000.0, "167": 100000.0, "168": 100000.0, "169": 100000.0, "170": 100000.0, "171": 100000.0, "172": 100000.0, "173": 100000.0, "174": 100000.0, "175": 100000.0, "176": 100000.0, "177": 100000.0, "178": 100000.0, "179": 100000.0, "180": 100000.0, "181": 100000.0, "182": 100000.0, "183": 100000.0, "184": 78.28669622417509, "185": 31.963870538480467, "186": 24.51682503546327, "187": 15.573361630167618, "188": 10.897750671015483, "189": 7.170233482217498, "190": 5.1632725050943105, "210": 0.1541717014663898, "211": 0.15876168099370572, "212": 0.2583776886758449, "213": 0.3904663966580566, "214": 0.4120386774165236, "215": 0.4819826944786047, "216": 0.466326346171743, "217": 0.3702249036719956, "218": 0.49203104850612767, "219": 0.5123054489407177, "220": 0.5871977748838269, "221": 0.6985733607828118, "222": 0.8189011460530595, "223": 0.9283039949810908, "224": 0.9897649739094434, "225": 1.0864969149183457, "226": 1.1659478036630346, "227": 1.2485902162592881, "228": 1.3703004615794625, "229": 1.4325646719549747, "230": 1.5433426200610143, "231": 1.6415849422209934, "232": 1.7129820225805732, "233": 1.792806570083661, "234": 1.8685091857030967, "235": 1.965731916978671, "236": 2.047769436455712, "237": 2.106161265614389, "238": 2.1760951307799847, "239": 2.261532274621884, "240": 2.3566298650187143, "241": 2.429314483929045, "242": 2.5496088520850004, "243": 2.569691933591757, "244": 2.6177084641499904, "245": 2.718800788101755, "246": 2.8048265777592727, "247": 2.892255147837983, "248": 2.9493251132281175, "249": 3.023271341203991, "250": 3.0816658599149798, "251": 3.0539000748435043, "252": 3.1017521752672805, "253": 3.123257888984119, "254": 3.1248827291208814, "255": 3.139515770174824, "256": 3.1314980703076247, "257": 3.192486289012145, "258": 3.1605600794034823, "259": 3.123548256609964, "260": 3.1257682540335687, "261": 3.0804089262758962, "262": 3.030575184448428, "263": 2.9094306350827654, "264": 2.9085000465678306, "265": 2.8033202353656312, "266": 2.752623626096804, "267": 2.671962665094705, "268": 2.5483817712400496, "269": 2.526841241376444, "270": 2.4493213764082618, "271": 2.361758283233283, "272": 2.251855784290629, "273": 2.210871055119195, "274": 2.138427251894513, "275": 2.01085223959868, "276": 1.9203900387684076, "277": 1.802050490037216, "278": 1.6923514524539762, "279": 1.5753671644220395, "280": 1.5567312644010063, "281": 1.346347224162059, "282": 1.2719796320794483, "283": 1.0815204572190555, "316": 0.0697684770382231, "317": 0.09967096711330378, "318": 0.1260613180665954, "319": 0.16427740079518194, "320": 0.1701451274974932, "321": 0.1961394284580277, "322": 0.18937194508799077, "323": 0.2002509133924635, "324": 0.22401433462956188, "325": 0.2148779417447866, "326": 0.27177413994086036, "327": 0.3134420969213766, "328": 0.3388805458960823, "329": 0.3689531452662163, "330": 0.3946823776909385, "331": 0.42019914955960636, "332": 0.4249931294133853, "333": 0.4451140829133895, "334": 0.4699308862586229, "335": 0.4629096190275235, "336": 0.5017947994164104, "337": 0.5281060128396177, "338": 0.5532150547910503, "339": 0.5802847631736087, "340": 0.6125548900340856, "341": 0.6349968408418062, "342": 0.6597478642396818, "343": 0.6752365695274689, "344": 0.7012191849994432, "345": 0.739034676443798, "346": 0.7408618634023216, "347": 0.7710261775530538, "348": 0.7908742044848605, "349": 0.8110097195884975, "350": 0.8396162600333738, "351": 0.8552870348819054, "352": 0.8790840197487475, "353": 0.8921747067065965, "354": 0.9225594910340997, "355": 0.9593226886917017, "356": 0.9867072686286736, "357": 1.0191227397120595, "358": 1.060605208671173, "359": 1.0644082548483589,