{"type": "scs+c", "calc_mask": [["ndi", {"band_1": 850, "band_2": 660, "min": 0.1, "max": 1.0}], ["ancillary", {"name": "slope", "min": 0.08726646259971647, "max": "+inf"}], ["ancillary", {"name": "cosine_i", "min": 0.12, "max": "+inf"}], ["cloud", {"method": "zhai_2018", "cloud": true, "shadow": false, "T1": 2.5, "t2": 0.5, "t3": 0.3333333333333333, "t4": 0.6666666666666666, "T7": 15, "T8": 15}], ["cloud", {"method": "zhai_2018", "cloud": false, "shadow": true, "T1": 2.5, "t2": 0.5, "t3": 0.3333333333333333, "t4": 0.6666666666666666, "T7": 15, "T8": 15}]], "apply_mask": [["ndi", {"band_1": 850, "band_2": 660, "min": 0.1, "max": 1.0}], ["ancillary", {"name": "slope", "min": 0.08726646259971647, "max": "+inf"}], ["ancillary", {"name": "cosine_i", "min": 0.12, "max": "+inf"}]], "c_fit_type": "nnls", "coeffs": {"4": 100000.0, "5": 100000.0, "6": 100000.0, "7": 100000.0, "8": 100000.0, "9": 100000.0, "10": 100000.0, "11": 100000.0, "12": 100000.0, "13": 100000.0, "14": 100000.0, "15": 100000.0, "16": 100000.0, "17": 100000.0, "18": 100000.0, "19": 100000.0, "20": 100000.0, "21": 100000.0, "22": 100000.0, "23": 100000.0, "24": 100000.0, "25": 100000.0, "26": 100000.0, "27": 100000.0, "28": 100000.0, "29": 100000.0, "30": 100000.0, "31": 100000.0, "32": 100000.0, "33": 100000.0, "34": 100000.0, "35": 100000.0, "36": 100000.0, "37": 100000.0, "38": 100000.0, "39": 56.64013216788313, "40": 22.83741920320986, "41": 13.868634891532546, "42": 9.860678389356371, "43": 9.11151222097886, "44": 8.76834146287905, "45": 7.876832216380485, "46": 6.802268425694319, "47": 5.986434706404202, "48": 5.439527078532307, "49": 5.040518154802873, "50": 4.901337013111811, "51": 4.722966360088385, "52": 4.294495603495999, "53": 3.689276606054628, "54": 3.386173912663826, "55": 3.178435234044215, "56": 2.953664722315342, "57": 2.723119129074358, "58": 2.550279180328001, "59": 2.356523245231746, "60": 2.6298804543269463, "61": 2.647903349425851, "62": 3.7041553017902267, "63": 8.097282610169863, "64": 100000.0, "65": 100000.0, "66": 100000.0, "67": 100000.0, "68": 100000.0, "69": 100000.0, "70": 100000.0, "71": 100000.0, "72": 100000.0, "73": 100000.0, "74": 100000.0, "75": 100000.0, "76": 100000.0, "77": 100000.0, "78": 100000.0, "79": 100000.0, "80": 100000.0, "81": 100000.0, "82": 100000.0, "83": 100000.0, "84": 100000.0, "85": 100000.0, "86": 100000.0, "87": 100000.0, "88": 100000.0, "89": 100000.0, "90": 100000.0, "91": 100000.0, "92": 100000.0, "93": 100000.0, "94": 100000.0, "95": 100000.0, "96": 100000.0, "97": 100000.0, "98": 100000.0, "99": 100000.0, "100": 100000.0, "101": 100000.0, "102": 100000.0, "103": 100000.0, "104": 100000.0, "105": 100000.0, "106": 100000.0, "107": 100000.0, "108": 100000.0, "109": 100000.0, "110": 100000.0, "111": 100000.0, "112": 100000.0, "113": 100000.0, "114": 100000.0, "115": 100000.0, "116": 100000.0, "117": 100000.0, "118": 100000.0, "119": 100000.0, "120": 100000.0, "121": 100000.0, "122": 100000.0, "123": 100000.0, "124": 100000.0, "125": 100000.0, "126": 100000.0, "127": 100000.0, "128": 100000.0, "129": 100000.0, "130": 100000.0, "131": 100000.0, "132": 100000.0, "133": 100000.0, "134": 100000.0, "135": 100000.0, "136": 100000.0, "137": 100000.0, "138": 100000.0, "139": 100000.0, "140": 100000.0, "141": 100000.0, "142": 100000.0, "143": 100000.0, "144": 100000.0, "145": 100000.0, "146": 100000.0, "147": 100000.0, "148": 100000.0, "149": 100000.0, "150": 100000.0, "151": 100000.0, "152": 100000.0, "153": 100000.0, "154": 100000.0, "155": 100000.0, "156": 100000.0, "157": 100000.0, "158": 100000.0, "159": 100000.0, "160": 100000.0, "161": 100000.0, "162": 100000.0, "163": 100000.0, "164": 100000.0, "165": 100000.0, "166": 100000.0, "167": 100000.0, "168": 100000.0, "169": 100000.0, "170": 100000.0, "171": 100000.0, "172": 100000.0, "173": 100000.0, "174": 100000.0, "175": 100000.0, "176": 100000.0, "177": 100000.0, "178": 100000.0, "179": 100000.0, "180": 100000.0, "181": 100000.0, "182": 100000.0, "183": 100000.0, "184": 100000.0, "185": 100000.0, "186": 100000.0, "187": 100000.0, "188": 100000.0, "189": 100000.0, "190": 100000.0, "210": 1.470644296069004, "211": 1.3997221195795657, "212": 1.4132665065800338, "213": 1.5719361430204128, "214": 1.4856286474107678, "215": 1.6253530357089383, "216": 1.6091499841857468, "217": 1.5063795181056674, "218": 1.5534982999307088, "219": 1.688221584127674, "220": 1.835596479670455, "221": 1.9900917806389364, "222": 2.2889783370861125, "223": 2.5843132619372726, "224": 2.7878030531465137, "225": 3.065314230426808, "226": 3.320933191056394, "227": 3.5711479805180817, "228": 3.981006181031862, "229": 4.2491291917952765, "230": 4.628544204448483, "231": 5.005603454668712, "232": 5.310857916759276, "233": 5.7565941961368825, "234": 6.14884364109808, "235": 6.575143174797338, "236": 6.959307166263191, "237": 7.208114009553862, "238": 7.431839631936141, "239": 7.918635466851363, "240": 8.50080580686238, "241": 9.1553921335895, "242": 9.684087248803376, "243": 10.026155796539102, "244": 10.118394682573117, "245": 10.699258966696325, "246": 11.39697372231101, "247": 12.689446260169087, "248": 13.229524642847103, "249": 13.700627101894398, "250": 14.174474441723984, "251": 14.454559040445094, "252": 14.314621016406981, "253": 14.564220218620317, "254": 14.406297159768245, "255": 14.357125819205368, "256": 14.127063633554227, "257": 13.893046358082152, "258": 13.847722804907443, "259": 13.222481584434934, "260": 12.696429416316215, "261": 11.905643441682402, "262": 11.123876281916173, "263": 10.473702594554139, "264": 10.000148864327027, "265": 9.016687861220614, "266": 8.58991199362522, "267": 8.478818160566949, "268": 7.6396624502161155, "269": 7.57858235988175, "270": 7.137040453408107, "271": 6.735456350846782, "272": 6.5189211333942065, "273": 6.004849365686136, "274": 5.9506731510646205, "275": 5.542063188887559, "276": 5.166441713118936, "277": 4.793443505183013, "278": 4.634943928670032, "279": 4.146165792604852, "280": 4.047793580007247, "281": 3.9266586661306633, "282": 3.441868671589054, "283": 3.361555699403463, "316": 0.5523615259468616, "317": 0.6315472069331418, "318": 0.6607685433935094, "319": 0.7053143953231137, "320": 0.7446596070964804, "321": 0.7691747502378933, "322": 0.7974452636166333, "323": 0.7748291665113061, "324": 0.7337121182256591, "325": 0.8215827883531602, "326": 0.8405378951163678, "327": 0.9006224438371437, "328": 0.9825466238739243, "329": 1.035824994050374, "330": 1.0862133596350123, "331": 1.1105268444489587, "332": 1.1255006494768165, "333": 1.1331985657657442, "334": 1.114976788213362, "335": 1.1497004744520734, "336": 1.1715666239633613, "337": 1.199276904057196, "338": 1.2449591420922175, "339": 1.2936139091046257, "340": 1.3298227767305404, "341": 1.3696663691918423, "342": 1.4028425540786782, "343": 1.4274942320315505, "344": 1.4744547245686, "345": 1.513778001641861, "346": 1.5443271978045083, "347": 1.5667713255715494, "348": 1.6046821876916841, "349": 1.6407329989435537, "350": 1.6870655238909436, "351": 1.7257771361931988, "352": 1.7753055112320724, "353": 1.8115052276975558, "354": 1.859339754344574, "355": 1.941638499993938, "356": 1.9943835799542984, "357": 2.0749834370201756, "358": 2.146933515127739, "359": 2.248920618333706, "360": 2.3405445941921657, "361": 2.5247101773203973, "362": 2.6990112057530817, "363": 2.814988583769014, "364": 2.984621761729463, "365": 3.0544074030380925, "366": 2.97399436023469, "367": 2.871737785019927, "368": 2.7677099208292906, "369": 2.6630870517389718, "370": 2.5546601804924602, "371": 2.457149718354884, "372": 2.3611358287132225, "373": 2.2852621095333756, "374": 2.1965648353131524, "375": 2.0976278979221914, "376": 2.0007329334579094, "377": 1.9268225464865674, "378": 1.8832161239357297, "379": 1.8614572934669553, "380": 1.8349076791621617, "381": 1.8070923887425092, "382": 1.755067692466423, "383": 1.717141302032829, "384": 1.6882335343693533, "385": 1.6625643291461845, "386": 1.6480697464938971,