{"type": "scs+c", "calc_mask": [["ndi", {"band_1": 850, "band_2": 660, "min": 0.1, "max": 1.0}], ["ancillary", {"name": "slope", "min": 0.08726646259971647, "max": "+inf"}], ["ancillary", {"name": "cosine_i", "min": 0.12, "max": "+inf"}], ["cloud", {"method": "zhai_2018", "cloud": true, "shadow": false, "T1": 2.5, "t2": 0.5, "t3": 0.3333333333333333, "t4": 0.6666666666666666, "T7": 15, "T8": 15}], ["cloud", {"method": "zhai_2018", "cloud": false, "shadow": true, "T1": 2.5, "t2": 0.5, "t3": 0.3333333333333333, "t4": 0.6666666666666666, "T7": 15, "T8": 15}]], "apply_mask": [["ndi", {"band_1": 850, "band_2": 660, "min": 0.1, "max": 1.0}], ["ancillary", {"name": "slope", "min": 0.08726646259971647, "max": "+inf"}], ["ancillary", {"name": "cosine_i", "min": 0.12, "max": "+inf"}]], "c_fit_type": "nnls", "coeffs": {"4": 100000.0, "5": 100000.0, "6": 100000.0, "7": 100000.0, "8": 100000.0, "9": 100000.0, "10": 100000.0, "11": 100000.0, "12": 100000.0, "13": 100000.0, "14": 100000.0, "15": 100000.0, "16": 100000.0, "17": 100000.0, "18": 100000.0, "19": 100000.0, "20": 100000.0, "21": 100000.0, "22": 100000.0, "23": 100000.0, "24": 100000.0, "25": 100000.0, "26": 100000.0, "27": 100000.0, "28": 100000.0, "29": 100000.0, "30": 100000.0, "31": 100000.0, "32": 100000.0, "33": 100000.0, "34": 100000.0, "35": 100000.0, "36": 100000.0, "37": 100000.0, "38": 100000.0, "39": 100000.0, "40": 100000.0, "41": 99.27523866936404, "42": 21.62045882578527, "43": 17.300488464403067, "44": 14.842960342613976, "45": 11.569742033096185, "46": 8.974569636085855, "47": 7.346527536092762, "48": 6.43515751377001, "49": 5.779046266660913, "50": 5.532948566652613, "51": 5.256721787234522, "52": 4.833058622167887, "53": 4.137288861742755, "54": 3.80147634172649, "55": 3.5979792205809296, "56": 3.404435305153567, "57": 3.1141774892926457, "58": 2.9378292533923163, "59": 2.8354521880896715, "60": 3.0579322479044224, "61": 3.1034822840989316, "62": 3.7228394359041705, "63": 5.899515945343741, "64": 14.631977381279802, "65": 100000.0, "66": 100000.0, "67": 100000.0, "68": 100000.0, "69": 100000.0, "70": 100000.0, "71": 100000.0, "72": 100000.0, "73": 100000.0, "74": 100000.0, "75": 100000.0, "76": 100000.0, "77": 100000.0, "78": 100000.0, "79": 100000.0, "80": 100000.0, "81": 100000.0, "82": 100000.0, "83": 100000.0, "84": 100000.0, "85": 100000.0, "86": 100000.0, "87": 100000.0, "88": 100000.0, "89": 100000.0, "90": 100000.0, "91": 100000.0, "92": 100000.0, "93": 100000.0, "94": 100000.0, "95": 100000.0, "96": 100000.0, "97": 100000.0, "98": 100000.0, "99": 100000.0, "100": 100000.0, "101": 100000.0, "102": 100000.0, "103": 100000.0, "104": 100000.0, "105": 100000.0, "106": 100000.0, "107": 100000.0, "108": 100000.0, "109": 100000.0, "110": 100000.0, "111": 100000.0, "112": 100000.0, "113": 100000.0, "114": 100000.0, "115": 100000.0, "116": 100000.0, "117": 100000.0, "118": 100000.0, "119": 100000.0, "120": 100000.0, "121": 100000.0, "122": 100000.0, "123": 100000.0, "124": 100000.0, "125": 100000.0, "126": 100000.0, "127": 100000.0, "128": 100000.0, "129": 100000.0, "130": 100000.0, "131": 100000.0, "132": 100000.0, "133": 100000.0, "134": 100000.0, "135": 100000.0, "136": 100000.0, "137": 100000.0, "138": 100000.0, "139": 100000.0, "140": 100000.0, "141": 100000.0, "142": 100000.0, "143": 100000.0, "144": 100000.0, "145": 100000.0, "146": 100000.0, "147": 100000.0, "148": 100000.0, "149": 100000.0, "150": 100000.0, "151": 100000.0, "152": 100000.0, "153": 100000.0, "154": 100000.0, "155": 100000.0, "156": 100000.0, "157": 100000.0, "158": 100000.0, "159": 100000.0, "160": 100000.0, "161": 100000.0, "162": 100000.0, "163": 100000.0, "164": 100000.0, "165": 100000.0, "166": 100000.0, "167": 100000.0, "168": 100000.0, "169": 100000.0, "170": 100000.0, "171": 100000.0, "172": 100000.0, "173": 100000.0, "174": 100000.0, "175": 100000.0, "176": 100000.0, "177": 100000.0, "178": 100000.0, "179": 100000.0, "180": 100000.0, "181": 100000.0, "182": 100000.0, "183": 100000.0, "184": 100000.0, "185": 100000.0, "186": 100000.0, "187": 100000.0, "188": 100000.0, "189": 100000.0, "190": 100000.0, "210": 2.2902600233875123, "211": 2.4163443982563475, "212": 4.041971425003939, "213": 5.681961586167068, "214": 5.87352142262613, "215": 6.595400844987132, "216": 5.226617672819503, "217": 3.043603501917742, "218": 7.4798229931913385, "219": 7.242838159700998, "220": 14.333458512213374, "221": 184.29168173132354, "222": 100000.0, "223": 100000.0, "224": 100000.0, "225": 100000.0, "226": 100000.0, "227": 100000.0, "228": 100000.0, "229": 100000.0, "230": 100000.0, "231": 100000.0, "232": 100000.0, "233": 100000.0, "234": 100000.0, "235": 100000.0, "236": 100000.0, "237": 100000.0, "238": 100000.0, "239": 100000.0, "240": 100000.0, "241": 100000.0, "242": 100000.0, "243": 100000.0, "244": 100000.0, "245": 100000.0, "246": 100000.0, "247": 100000.0, "248": 100000.0, "249": 100000.0, "250": 100000.0, "251": 100000.0, "252": 100000.0, "253": 100000.0, "254": 100000.0, "255": 100000.0, "256": 100000.0, "257": 100000.0, "258": 100000.0, "259": 100000.0, "260": 100000.0, "261": 100000.0, "262": 100000.0, "263": 100000.0, "264": 100000.0, "265": 100000.0, "266": 100000.0, "267": 100000.0, "268": 100000.0, "269": 100000.0, "270": 100000.0, "271": 100000.0, "272": 100000.0, "273": 100000.0, "274": 100000.0, "275": 100000.0, "276": 100000.0, "277": 100000.0, "278": 100000.0, "279": 100000.0, "280": 100000.0, "281": 100000.0, "282": 100000.0, "283": 100000.0, "316": 3.5211492219632428, "317": 3.7348272865020524, "318": 4.305973129428441, "319": 4.517239446936027, "320": 5.060441316855851, "321": 5.62917342749445, "322": 5.61562526137494, "323": 4.905968101595641, "324": 8.408751365296029, "325": 13.33056195294058, "326": 10.416993300730981, "327": 22.351079792466116, "328": 21.70991985275309, "329": 17.229291149305684, "330": 17.977528358176695, "331": 14.183502374495173, "332": 15.190917752300122, "333": 12.167062806864973, "334": 13.194327565356582, "335": 14.406550025316587, "336": 13.120177540464633, "337": 15.654956958084295, "338": 17.77948402480463, "339": 18.510889701637257, "340": 18.390181475754503, "341": 20.66695868907014, "342": 21.9482157481259, "343": 22.20528176640666, "344": 31.906273215835064, "345": 37.6836761620402, "346": 52.57536580057077, "347": 75.0897450017731, "348": 180.05451510097603, "349": 100000.0, "350": 100000.0, "351": 100000.0, "352": 100000.0, "353": 100000.0, "354": 100000.0, "355": 100000.0, "356": 100000.0, "357": 100000.0, "358": 100000.0, "359": 100000.0, "360": 100000.0, "361": 100000.0, "362": 100000.0, "363": 100000.0, "364": 100000.0, "365": 100000.0, "366": 100000.0, "367": 100000.0, "368": 100000.0, "369": 100000.0, "370": 100000.0, "371": 100000.0, "372": 100000.0, "373": 100000.0, "374": 100000.0, "375": 100000.0, "376": 100000.0, "377": 100000.0, "378": 245.27566350167123, "379": 87.311278838113, "380": 108.6226598121533, "381": 58.046096563183966, "382": 42.43901303528069, "383": 35.202942375652654, "384": 26.098369875273377, "385": 20.740733478789505, "386": 15.55005431361441, "387": 20.557513232595394, "388": 28.527599802704266, "389": 24.55348433233811, "390": 22.22977737442238, "391": 16.83675260590775, "392": 19.428615103501222, "393": 11.799101361551699, "394": 15.212054104947558, "395": 13.521963769498553, "396": 9.6364519506348, "397": 7.669917615013101, "398": 7.80979464278791, "399": 6.28932810089614, "400": 5.6976503606666595, "401": 6.184290105302656, "402": 5.727882597736897, "403": 5.317078464114863, "404": 4.042383297826164, "405": 3.8827357503927677, "406": 2.850288785237825, "407": 3.7064428414890225, "408": 3.534250168402939, "409": 3.088352171544801, "410": 2.285890213224813, "411": 2.794113979461091, "412": 1.6097106007565134, "413": 1.3130923874853855}}