{"type": "scs+c", "calc_mask": [["ndi", {"band_1": 850, "band_2": 660, "min": 0.1, "max": 1.0}], ["ancillary", {"name": "slope", "min": 0.08726646259971647, "max": "+inf"}], ["ancillary", {"name": "cosine_i", "min": 0.12, "max": "+inf"}], ["cloud", {"method": "zhai_2018", "cloud": true, "shadow": false, "T1": 2.5, "t2": 0.5, "t3": 0.3333333333333333, "t4": 0.6666666666666666, "T7": 15, "T8": 15}], ["cloud", {"method": "zhai_2018", "cloud": false, "shadow": true, "T1": 2.5, "t2": 0.5, "t3": 0.3333333333333333, "t4": 0.6666666666666666, "T7": 15, "T8": 15}]], "apply_mask": [["ndi", {"band_1": 850, "band_2": 660, "min": 0.1, "max": 1.0}], ["ancillary", {"name": "slope", "min": 0.08726646259971647, "max": "+inf"}], ["ancillary", {"name": "cosine_i", "min": 0.12, "max": "+inf"}]], "c_fit_type": "nnls", "coeffs": {"4": 100000.0, "5": 100000.0, "6": 100000.0, "7": 100000.0, "8": 100000.0, "9": 258.23956690087067, "10": 43.88511212457951, "11": 23.576746419630773, "12": 15.265963834857015, "13": 10.83775181145389, "14": 8.426347687186245, "15": 6.9413914252754685, "16": 5.84525596965, "17": 4.985954350137856, "18": 4.381459591010028, "19": 3.948959511132287, "20": 3.595960849625551, "21": 3.2578424119084417, "22": 2.9976966579274857, "23": 2.807593199034012, "24": 2.665434000273343, "25": 2.6078814574722062, "26": 2.711495929251878, "27": 2.9267841728579245, "28": 3.1740348800879508, "29": 3.464520022435721, "30": 3.6361387596235457, "31": 3.590128873982663, "32": 3.371007375670634, "33": 3.1316690501775026, "34": 2.8968429863320257, "35": 2.569176606186148, "36": 2.204902177192036, "37": 1.8571207001305845, "38": 1.5640550250584087, "39": 1.3614548338460968, "40": 1.226144608752172, "41": 1.1019115593763686, "42": 0.9930863102608186, "43": 0.9558159513945076, "44": 0.9317245554429421, "45": 0.8902873577861101, "46": 0.8363999463782761, "47": 0.7899206479041944, "48": 0.7538432300077829, "49": 0.7224882161948628, "50": 0.7069198956170845, "51": 0.6942173826688649, "52": 0.6637322653528142, "53": 0.6162427873368829, "54": 0.5860346880743877, "55": 0.5647815543260005, "56": 0.5417252127928581, "57": 0.5156049672291058, "58": 0.4862972683109846, "59": 0.45441671293484265, "60": 0.5007025141940769, "61": 0.4972764374154352, "62": 0.6027166443084958, "63": 0.8328493067125228, "64": 1.1868938858769345, "65": 1.7476822427359104, "66": 2.559490356176125, "67": 3.2670350968305533, "68": 5.0301637788764655, "69": 8.723753556899188, "70": 29.553636611694728, "71": 100000.0, "72": 100000.0, "73": 100000.0, "74": 100000.0, "75": 100000.0, "76": 100000.0, "77": 100000.0, "78": 100000.0, "79": 100000.0, "80": 100000.0, "81": 100000.0, "82": 100000.0, "83": 100000.0, "84": 100000.0, "85": 100000.0, "86": 100000.0, "87": 100000.0, "88": 100000.0, "89": 100000.0, "90": 100000.0, "91": 100000.0, "92": 100000.0, "93": 100000.0, "94": 100000.0, "95": 100000.0, "96": 100000.0, "97": 100000.0, "98": 100000.0, "99": 100000.0, "100": 100000.0, "101": 100000.0, "102": 100000.0, "103": 100000.0, "104": 100000.0, "105": 100000.0, "106": 100000.0, "107": 100000.0, "108": 100000.0, "109": 100000.0, "110": 18.050405974384944, "111": 12.32928137135561, "112": 19.53536638646517, "113": 16.816184075752414, "114": 20.393459756444013, "115": 24.644450560653443, "116": 35.595831552658716, "117": 348.28753174261414, "118": 100000.0, "119": 100000.0, "120": 100000.0, "121": 100000.0, "122": 100000.0, "123": 100000.0, "124": 100000.0, "125": 100000.0, "126": 100000.0, "127": 100000.0, "128": 100000.0, "129": 100000.0, "130": 100000.0, "131": 100000.0, "132": 100000.0, "133": 100000.0, "134": 100000.0, "135": 100000.0, "136": 100000.0, "137": 100000.0, "138": 100000.0, "139": 100000.0, "140": 100000.0, "141": 100000.0, "142": 100000.0, "143": 100000.0, "144": 100000.0, "145": 122.14656473701288, "146": 31.733261027447437, "147": 11.270464779233563, "148": 6.874763190322143, "149": 5.481737890682882, "150": 7.664386503492615, "151": 8.654231442073192, "152": 7.854968666044666, "153": 6.034133889564002, "154": 6.693940676194315, "155": 7.754307311229981, "156": 8.861400463179901, "157": 9.084539088776443, "158": 9.310204664776784, "159": 8.954258286148022, "160": 8.19993583589168, "161": 7.974772329345664, "162": 8.383719718352806, "163": 7.939202538362131, "164": 7.859300690384378, "165": 8.3197496325609, "166": 8.466218267560901, "167": 9.536691982753904, "168": 10.368297203037116, "169": 11.5873850411878, "170": 13.02803129286795, "171": 14.37699145033817, "172": 15.18290970017483, "173": 15.512609858058747, "174": 15.58294711218119, "175": 14.97674137431744, "176": 13.465904464283126, "177": 12.410285090713563, "178": 14.001820385574508, "179": 15.225616997799206, "180": 15.618049936992016, "181": 14.7511723069655, "182": 13.489839753477707, "183": 11.866302557267714, "184": 10.328644469792998, "185": 8.576048540773362, "186": 7.68119836221019, "187": 6.799632978178096, "188": 5.777024560146632, "189": 4.924509570219895, "190": 3.963506440157008, "210": 0.3472703660056251, "211": 0.3255226230056061, "212": 0.4477017276974246, "213": 0.5562078414467821, "214": 0.5256356506849111, "215": 0.5577771574960009, "216": 0.5428673181882239, "217": 0.49627487124468406, "218": 0.5464450948692311, "219": 0.5736586500138127, "220": 0.6190228343803389, "221": 0.6621243164936733, "222": 0.7095352350673659, "223": 0.7522668239606854, "224": 0.7907372577235132, "225": 0.8362978890355942, "226": 0.8763876090872609, "227": 0.9166376863557004, "228": 0.9703005197953517, "229": 1.0080088542859753, "230": 1.0547682152439695, "231": 1.09858749883514, "232": 1.1380807244559261, "233": 1.180219372493249, "234": 1.219427702015401, "235": 1.2566257786314476, "236": 1.292357150404737, "237": 1.3101439002381463, "238": 1.3365837455442153, "239": 1.3780966798754022, "240": 1.4216904636758674, "241": 1.461505367752964, "242": 1.4953084740817213, "243": 1.5145784525196806, "244": 1.5362889196354885, "245": 1.5684300318986086, "246": 1.611060634676329, "247": 1.6584150647361449, "248": 1.688154360977875, "249": 1.7022886708520693, "250": 1.7212358473492395, "251": 1.7337954290914417, "252": 1.7411885197602495, "253": 1.7494823868470213, "254": 1.7482345770259677, "255": 1.7401941812431212, "256": 1.7222240147651853, "257": 1.7119371199312574, "258": 1.702149407379271, "259": 1.676302265934025, "260": 1.65286876921174, "261": 1.6165230672520603, "262": 1.5755261545413635, "263": 1.5428444958983145, "264": 1.49186923237355, "265": 1.4343429434799346, "266": 1.3952745145660204, "267": 1.3663342117665789, "268": 1.3262821310996793, "269": 1.3061722627399812, "270": 1.3027565711871252, "271": 1.302891296103311, "272": 1.2889931998504929, "273": 1.2584322847483966, "274": 1.2459703733760596, "275": 1.2167785634846608, "276": 1.1918164477537612, "277": 1.1742907955600599, "278": 1.1667790328792573, "279": 1.1354091035733884, "280": 1.1317977422428283, "281": 1.1060708601859572, "282": 1.0880729567029725, "283": 1.0198855997716356, "316": 0.18114157049804813, "317": 0.21382761777517648, "318": 0.22892729749064844, "319": 0.24908113603273596, "320": 0.25996876726698664, "321": 0.2704156299110227, "322": 0.2690439992500148, "323": 0.23767495632050128, "324": 0.2254965706546795, "325": 0.25662650985750307, "326": 0.26656988876786897, "327": 0.3040238415834984, "328": 0.3319290841681569, "329": 0.3526443425038568, "330": 0.36580777192974895, "331": 0.37429722550166644, "332": 0.37550677800262555, "333": 0.3714994654625695, "334": 0.3735420012594222, "335": 0.38343308482997013, "336": 0.3901963673923765, "337": 0.40194888431214526, "338": 0.41728214504689437, "339": 0.432818343601968, "340": 0.44427377890009523, "341": 0.45446803801943975, "342": 0.4651311918652048, "343": 0.47446865615018147, "344": 0.4843340592625564, "345": 0.4949848348411051, "346": 0.5027477567099332, "347": 0.5094376339622886, "348": 0.5164818307699589, "349": 0.5258172183660532, "350": 0.5346552594516636, "351": 0.5422890732451763, "352": 0.5535049464101637,