{"type": "scs+c", "calc_mask": [["ndi", {"band_1": 850, "band_2": 660, "min": 0.1, "max": 1.0}], ["ancillary", {"name": "slope", "min": 0.08726646259971647, "max": "+inf"}], ["ancillary", {"name": "cosine_i", "min": 0.12, "max": "+inf"}], ["cloud", {"method": "zhai_2018", "cloud": true, "shadow": false, "T1": 2.5, "t2": 0.5, "t3": 0.3333333333333333, "t4": 0.6666666666666666, "T7": 15, "T8": 15}], ["cloud", {"method": "zhai_2018", "cloud": false, "shadow": true, "T1": 2.5, "t2": 0.5, "t3": 0.3333333333333333, "t4": 0.6666666666666666, "T7": 15, "T8": 15}]], "apply_mask": [["ndi", {"band_1": 850, "band_2": 660, "min": 0.1, "max": 1.0}], ["ancillary", {"name": "slope", "min": 0.08726646259971647, "max": "+inf"}], ["ancillary", {"name": "cosine_i", "min": 0.12, "max": "+inf"}]], "c_fit_type": "nnls", "coeffs": {"4": 100000.0, "5": 100000.0, "6": 100000.0, "7": 100000.0, "8": 100000.0, "9": 100000.0, "10": 100000.0, "11": 100000.0, "12": 100000.0, "13": 100000.0, "14": 100000.0, "15": 100000.0, "16": 100000.0, "17": 100000.0, "18": 100000.0, "19": 100000.0, "20": 100000.0, "21": 100000.0, "22": 100000.0, "23": 100000.0, "24": 100000.0, "25": 100000.0, "26": 100000.0, "27": 100000.0, "28": 100000.0, "29": 100000.0, "30": 100000.0, "31": 100000.0, "32": 100000.0, "33": 100000.0, "34": 100000.0, "35": 100000.0, "36": 100000.0, "37": 100000.0, "38": 100000.0, "39": 100000.0, "40": 100000.0, "41": 100000.0, "42": 100000.0, "43": 100000.0, "44": 100000.0, "45": 100000.0, "46": 100000.0, "47": 100000.0, "48": 100000.0, "49": 100000.0, "50": 100000.0, "51": 100000.0, "52": 100000.0, "53": 100000.0, "54": 100000.0, "55": 100000.0, "56": 100000.0, "57": 100000.0, "58": 100000.0, "59": 100000.0, "60": 100000.0, "61": 100000.0, "62": 100000.0, "63": 100000.0, "64": 100000.0, "65": 100000.0, "66": 100000.0, "67": 31.899022511456245, "68": 2.2880563706320247, "69": 1.2213287073265562, "70": 0.8189028608163692, "71": 0.6769571341777949, "72": 0.6005416620387126, "73": 0.5747780978428381, "74": 0.5600745426596798, "75": 0.5605080161452387, "76": 0.4241130609867935, "77": 0.47948117881559027, "78": 0.639296469992101, "79": 0.6913177951062054, "80": 0.7285261176261993, "81": 0.7568755305651892, "82": 0.7766999005698809, "83": 0.8074275251587651, "84": 0.8392852504416998, "85": 0.8714055499356093, "86": 0.8768665304572089, "87": 0.8404707844131715, "88": 0.880319284298826, "89": 0.9321180219417572, "90": 0.978668568705088, "91": 1.0634377160909823, "92": 1.1571733977697152, "93": 1.200737732762786, "94": 1.2566962872709262, "95": 1.2439073265034628, "96": 1.309916300064181, "97": 1.3543746378936736, "98": 1.3660652941391502, "99": 1.3870791175954864, "100": 1.4136552592407432, "101": 1.4400869739965145, "102": 1.4336887497832258, "103": 1.3683431177972167, "104": 1.2777414151692352, "105": 1.3585418257757047, "106": 1.25392662362057, "107": 1.2900110927824344, "108": 1.4165446520856615, "109": 1.4826255065735303, "110": 1.7110682922321048, "111": 1.2756419029794703, "112": 1.412092867255084, "113": 1.539098347183793, "114": 1.4707759667575502, "115": 1.6394713187208703, "116": 1.797978412349284, "117": 2.0138035715333227, "118": 2.286601574120446, "119": 2.2788925940967006, "120": 2.4505354934949524, "121": 2.647433107682597, "122": 2.8459337592953355, "123": 2.8447862267623796, "124": 2.829264090636995, "125": 2.7942281978471484, "126": 2.78732482344194, "127": 2.730266433628603, "128": 2.7559178191386096, "129": 2.696096325232294, "130": 2.6560662436560576, "131": 2.659094846633736, "132": 2.6180007917831247, "133": 2.5115080397081315, "134": 2.534234164781543, "135": 2.5260237594530235, "136": 2.481356818050095, "137": 2.52119102597299, "138": 2.4730005153113854, "139": 2.496795816764371, "140": 2.501028657220319, "141": 2.4360731186550186, "142": 2.5704869639160073, "143": 2.377044841773129, "144": 2.308080830443824, "145": 2.143923809248626, "146": 2.5735085123719466, "147": 2.5736157724081146, "148": 1.7452495576115672, "149": 2.1811512870788916, "150": 2.3961527120138335, "151": 1.6549832004177836, "152": 2.924061448421915, "153": 1.8919501828682053, "154": 1.7257934025160024, "155": 1.9105040725206013, "156": 2.2993258729360937, "157": 2.513225446595566, "158": 2.8046284198215417, "159": 2.9437718346213915, "160": 2.8233749964976154, "161": 2.636246064625641, "162": 2.708954224745973, "163": 2.8146344968915793, "164": 2.7073847033050735, "165": 2.7110974466348465, "166": 2.6920368169465574, "167": 2.856484763210904, "168": 3.1617057669305924, "169": 3.314914870011222, "170": 3.5800588648082354, "171": 3.6729291569768825, "172": 3.8354546140277512, "173": 3.829624350004272, "174": 3.896955701403773, "175": 3.7219465171527477, "176": 3.6358587884521882, "177": 3.2719045930991713, "178": 3.2738687450383903, "179": 3.8189737262819654, "180": 3.965119185022254, "181": 4.061281580797771, "182": 4.260104811429015, "183": 4.347958641644464, "184": 4.318006281954636, "185": 3.8844957368330295, "186": 5.402418564883742, "187": 5.274300300880627, "188": 5.5417862873405745, "189": 11.027296235455001, "190": 5.52614617026437, "210": 100000.0, "211": 100000.0, "212": 100000.0, "213": 100000.0, "214": 100000.0, "215": 100000.0, "216": 100000.0, "217": 100000.0, "218": 100000.0, "219": 100000.0, "220": 100000.0, "221": 100000.0, "222": 100000.0, "223": 100000.0, "224": 100000.0, "225": 100000.0, "226": 100000.0, "227": 100000.0, "228": 100000.0, "229": 100000.0, "230": 100000.0, "231": 100000.0, "232": 100000.0, "233": 100000.0, "234": 100000.0, "235": 100000.0, "236": 100000.0, "237": 100000.0, "238": 100000.0, "239": 100000.0, "240": 100000.0, "241": 100000.0, "242": 100000.0, "243": 100000.0, "244": 100000.0, "245": 100000.0, "246": 100000.0, "247": 100000.0, "248": 100000.0, "249": 100000.0, "250": 100000.0, "251": 100000.0, "252": 100000.0, "253": 100000.0, "254": 100000.0, "255": 100000.0, "256": 100000.0, "257": 100000.0, "258": 100000.0, "259": 100000.0, "260": 100000.0, "261": 100000.0, "262": 100000.0, "263": 100000.0, "264": 100000.0, "265": 100000.0, "266": 100000.0, "267": 100000.0, "268": 100000.0, "269": 100000.0, "270": 100000.0, "271": 100000.0, "272": 100000.0, "273": 100000.0, "274": 100000.0, "275": 100000.0, "276": 100000.0, "277": 100000.0, "278": 100000.0, "279": 100000.0, "280": 100000.0, "281": 100000.0, "282": 100000.0, "283": 100000.0, "316": 100000.0, "317": 100000.0, "318": 100000.0, "319": 100000.0, "320": 100000.0, "321": 100000.0, "322": 100000.0, "323": 100000.0, "324": 100000.0, "325": 100000.0, "326": 100000.0, "327": 100000.0, "328": 100000.0, "329": 100000.0, "330": 100000.0, "331": 100000.0, "332": 100000.0, "333": 100000.0, "334": 100000.0, "335": 100000.0, "336": 100000.0, "337": 100000.0, "338": 100000.0, "339": 100000.0, "340": 100000.0, "341": 100000.0, "342": 100000.0, "343": 100000.0, "344": 100000.0, "345": 100000.0, "346": 100000.0, "347": 100000.0, "348": 100000.0, "349": 100000.0, "350": 100000.0, "351": 100000.0, "352": 100000.0, "353": 100000.0, "354": 100000.0, "355": 100000.0, "356": 100000.0, "357": 100000.0, "358": 100000.0, "359": 100000.0, "360": 100000.0, "361": 100000.0, "362": 100000.0, "363": 100000.0, "364": 100000.0, "365": 100000.0, "366": 100000.0, "367": 100000.0, "368": 100000.0, "369": 100000.0, "370": 100000.0, "371": 100000.0, "372": 100000.0, "373": 100000.0, "374": 100000.0, "375": 100000.0, "376": 100000.0, "377": 100000.0, "378": 100000.0, "379": 100000.0, "380": 100000.0, "381": 100000.0, "382": 100000.0, "383": 100000.0, "384": 100000.0, "385": 100000.0, "386": 100000.0, "387": 100000.0, "388": 100000.0, "389": 100000.0, "390": 100000.0, "391": 100000.0, "392": 100000.0, "393": 100000.0, "394": 100000.0, "395": 100000.0, "396": 100000.0, "397": 100000.0, "398": 100000.0, "399": 100000.0, "400": 100000.0, "401": 100000.0, "402": 100000.0, "403": 100000.0, "404": 100000.0, "405": 100000.0, "406": 100000.0, "407": 100000.0, "408": 100000.0, "409": 100000.0, "410": 100000.0, "411": 100000.0, "412": 100000.0,