{"type": "scs+c", "calc_mask": [["ndi", {"band_1": 850, "band_2": 660, "min": 0.1, "max": 1.0}], ["ancillary", {"name": "slope", "min": 0.08726646259971647, "max": "+inf"}], ["ancillary", {"name": "cosine_i", "min": 0.12, "max": "+inf"}], ["cloud", {"method": "zhai_2018", "cloud": true, "shadow": false, "T1": 2.5, "t2": 0.5, "t3": 0.3333333333333333, "t4": 0.6666666666666666, "T7": 15, "T8": 15}], ["cloud", {"method": "zhai_2018", "cloud": false, "shadow": true, "T1": 2.5, "t2": 0.5, "t3": 0.3333333333333333, "t4": 0.6666666666666666, "T7": 15, "T8": 15}]], "apply_mask": [["ndi", {"band_1": 850, "band_2": 660, "min": 0.1, "max": 1.0}], ["ancillary", {"name": "slope", "min": 0.08726646259971647, "max": "+inf"}], ["ancillary", {"name": "cosine_i", "min": 0.12, "max": "+inf"}]], "c_fit_type": "nnls", "coeffs": {"4": 100000.0, "5": 100000.0, "6": 100000.0, "7": 100000.0, "8": 100000.0, "9": 100000.0, "10": 100000.0, "11": 100000.0, "12": 100000.0, "13": 100000.0, "14": 100000.0, "15": 100000.0, "16": 100000.0, "17": 100000.0, "18": 100000.0, "19": 100000.0, "20": 100000.0, "21": 100000.0, "22": 100000.0, "23": 100000.0, "24": 100000.0, "25": 100000.0, "26": 100000.0, "27": 100000.0, "28": 100000.0, "29": 100000.0, "30": 100000.0, "31": 100000.0, "32": 100000.0, "33": 100000.0, "34": 100000.0, "35": 100000.0, "36": 100000.0, "37": 100000.0, "38": 100000.0, "39": 100000.0, "40": 100000.0, "41": 100000.0, "42": 100000.0, "43": 100000.0, "44": 100000.0, "45": 100000.0, "46": 100000.0, "47": 100000.0, "48": 100000.0, "49": 100000.0, "50": 100000.0, "51": 100000.0, "52": 100000.0, "53": 100000.0, "54": 100000.0, "55": 100000.0, "56": 100000.0, "57": 100000.0, "58": 100000.0, "59": 100000.0, "60": 100000.0, "61": 100000.0, "62": 100000.0, "63": 100000.0, "64": 100000.0, "65": 100000.0, "66": 100000.0, "67": 100000.0, "68": 71.75958720119652, "69": 6.899311099010382, "70": 3.1239162447317987, "71": 1.9298890174060161, "72": 1.3262857894507971, "73": 1.0018770802893402, "74": 0.8105212071829399, "75": 0.6648061731181976, "76": 0.486224218884108, "77": 0.538624472881188, "78": 0.5647354134460019, "79": 0.5482035998973861, "80": 0.5322904777632599, "81": 0.5203158647428482, "82": 0.5113053868484989, "83": 0.5011553203413756, "84": 0.49543121727466716, "85": 0.4841652865650162, "86": 0.4743263281400666, "87": 0.47099897487385745, "88": 0.4621102072288174, "89": 0.45792590536882666, "90": 0.4575670532247357, "91": 0.4537999855862618, "92": 0.4464507902333228, "93": 0.4399986889983681, "94": 0.4340214876921096, "95": 0.43034475403786987, "96": 0.42422040358675084, "97": 0.4201162726342694, "98": 0.41950790149647543, "99": 0.4156444433350236, "100": 0.4137742112885, "101": 0.4122231153108174, "102": 0.40889831429711465, "103": 0.4152143213311751, "104": 0.42229624148467915, "105": 0.4196298459372938, "106": 0.4303532561597834, "107": 0.4388916446104933, "108": 0.4345571444984715, "109": 0.45319197367353753, "110": 0.5336631144754136, "111": 0.6182677652262784, "112": 0.6189096625950032, "113": 0.6594542931304924, "114": 0.7008276606525802, "115": 0.727845880353426, "116": 0.7255605356620958, "117": 0.7020535468231618, "118": 0.6960252828529927, "119": 0.7022159748153065, "120": 0.6836789259288113, "121": 0.663484569282282, "122": 0.6461202022290179, "123": 0.6299166571387135, "124": 0.6125064588048267, "125": 0.5951298853433777, "126": 0.5788256642349167, "127": 0.5622627634573826, "128": 0.5442061677261939, "129": 0.5274476517914618, "130": 0.5129864325306261, "131": 0.5007495871509994, "132": 0.4900290041004088, "133": 0.48143725869764037, "134": 0.4749983817267557, "135": 0.46952004826759747, "136": 0.46721451153041604, "137": 0.4670318861476709, "138": 0.47278452590678893, "139": 0.477993685570745, "140": 0.48792743574399244, "141": 0.5005748516987161, "142": 0.5141774588017103, "143": 0.5396906391969325, "144": 0.5760708905322879, "145": 0.6020219005357204, "146": 0.6395338673429813, "147": 0.810373876639299, "148": 0.9911256880676343, "149": 1.0733551888919162, "150": 1.1155704758815632, "151": 1.2373237713113956, "152": 1.4312567593284165, "153": 1.7812823483788773, "154": 1.8382360683235068, "155": 1.7058140986695542, "156": 1.611845801078928, "157": 1.58459550439402, "158": 1.5600395211427849, "159": 1.5600751721946797, "160": 1.6152206508804379, "161": 1.6337611141089903, "162": 1.6224586618809904, "163": 1.6302995351324419, "164": 1.6245961458818203, "165": 1.5891940595515426, "166": 1.6011057982793728, "167": 1.5760344479686217, "168": 1.563446363207859, "169": 1.5561044788219054, "170": 1.537741571376404, "171": 1.520720749306071, "172": 1.5153608219338157, "173": 1.5062485944293005, "174": 1.501661523963575, "175": 1.4930707163907753, "176": 1.473320502661689, "177": 1.4658616446957722, "178": 1.5340431684822906, "179": 1.6002024563285588, "180": 1.6626070070866503, "181": 1.7500815536404422, "182": 1.857324519966614, "183": 1.9931754552688201, "184": 2.138670341386361, "185": 2.3209208326921535, "186": 2.7491109876429554, "187": 3.1274515250586057, "188": 3.8013327108538295, "189": 5.0090425898108375, "190": 8.149030030330666, "210": 100000.0, "211": 100000.0, "212": 100000.0, "213": 100000.0, "214": 100000.0, "215": 100000.0, "216": 100000.0, "217": 100000.0, "218": 100000.0, "219": 100000.0, "220": 100000.0, "221": 100000.0, "222": 100000.0, "223": 100000.0, "224": 100000.0, "225": 100000.0, "226": 100000.0, "227": 100000.0, "228": 100000.0, "229": 100000.0, "230": 100000.0, "231": 100000.0, "232": 100000.0, "233": 100000.0, "234": 100000.0, "235": 100000.0, "236": 100000.0, "237": 100000.0, "238": 100000.0, "239": 100000.0, "240": 100000.0, "241": 100000.0, "242": 100000.0, "243": 100000.0, "244": 100000.0, "245": 100000.0, "246": 100000.0, "247": 100000.0, "248": 100000.0, "249": 100000.0, "250": 100000.0, "251": 100000.0, "252": 100000.0, "253": 100000.0, "254": 100000.0, "255": 100000.0, "256": 100000.0, "257": 100000.0, "258": 100000.0, "259": 100000.0, "260": 100000.0, "261": 100000.0, "262": 100000.0, "263": 100000.0, "264": 100000.0, "265": 100000.0, "266": 100000.0, "267": 100000.0, "268": 100000.0, "269": 100000.0, "270": 100000.0, "271": 100000.0, "272": 100000.0, "273": 100000.0, "274": 100000.0, "275": 100000.0, "276": 100000.0, "277": 100000.0, "278": 100000.0, "279": 100000.0, "280": 100000.0, "281": 100000.0, "282": 100000.0, "283": 100000.0, "316": 100000.0, "317": 100000.0, "318": 100000.0, "319": 100000.0, "320": 100000.0, "321": 100000.0, "322": 100000.0, "323": 100000.0, "324": 100000.0, "325": 100000.0, "326": 100000.0, "327": 100000.0, "328": 100000.0, "329": 100000.0, "330": 100000.0, "331": 100000.0, "332": 100000.0, "333": 100000.0, "334": 100000.0, "335": 100000.0, "336": 100000.0, "337": 100000.0, "338": 100000.0, "339": 100000.0, "340": 100000.0, "341": 100000.0, "342": 100000.0, "343": 100000.0, "344": 100000.0, "345": 100000.0, "346": 100000.0, "347": 100000.0, "348": 100000.0, "349": 100000.0, "350": 100000.0, "351": 100000.0, "352": 100000.0, "353": 100000.0, "354": 100000.0, "355": 100000.0, "356": 100000.0, "357": 100000.0, "358": 100000.0, "359": 100000.0, "360": 100000.0, "361": 100000.0, "362": 100000.0, "363": 100000.0, "364": 100000.0, "365": 100000.0, "366": 100000.0, "367": 100000.0, "368": 100000.0, "369": 100000.0, "370": 100000.0, "371": 100000.0, "372": 100000.0, "373": 100000.0, "374": 100000.0, "375": 100000.0, "376": 100000.0, "377": 100000.0, "378": 100000.0, "379": 100000.0, "380": 100000.0, "381": 100000.0, "382": 100000.0, "383": 100000.0, "384": 100000.0, "385": 100000.0, "386": 100000.0, "387": 100000.0, "388": 100000.0, "389": 100000.0, "390": 100000.0, "391": 100000.0, "392": 100000.0, "393": 100000.0, "394": 100000.0, "395": 100000.0, "396": 100000.0, "397": 100000.0, "398": 100000.0, "399": 100000.0, "400": 100000.0, "401": 100000.0, "402": 100000.0, "403": 100000.0, "404": 100000.0, "405": 100000.0, "406": 100000.0, "407": 100000.0, "408": 100000.0, "409": 100000.0, "410": 100000.0,