{"type": "scs+c", "calc_mask": [["ndi", {"band_1": 850, "band_2": 660, "min": 0.1, "max": 1.0}], ["ancillary", {"name": "slope", "min": 0.08726646259971647, "max": "+inf"}], ["ancillary", {"name": "cosine_i", "min": 0.12, "max": "+inf"}], ["cloud", {"method": "zhai_2018", "cloud": true, "shadow": false, "T1": 2.5, "t2": 0.5, "t3": 0.3333333333333333, "t4": 0.6666666666666666, "T7": 15, "T8": 15}], ["cloud", {"method": "zhai_2018", "cloud": false, "shadow": true, "T1": 2.5, "t2": 0.5, "t3": 0.3333333333333333, "t4": 0.6666666666666666, "T7": 15, "T8": 15}]], "apply_mask": [["ndi", {"band_1": 850, "band_2": 660, "min": 0.1, "max": 1.0}], ["ancillary", {"name": "slope", "min": 0.08726646259971647, "max": "+inf"}], ["ancillary", {"name": "cosine_i", "min": 0.12, "max": "+inf"}]], "c_fit_type": "nnls", "coeffs": {"4": 100000.0, "5": 100000.0, "6": 100000.0, "7": 100000.0, "8": 100000.0, "9": 100000.0, "10": 100000.0, "11": 100000.0, "12": 100000.0, "13": 100000.0, "14": 100000.0, "15": 100000.0, "16": 100000.0, "17": 100000.0, "18": 100000.0, "19": 100000.0, "20": 100000.0, "21": 100000.0, "22": 100000.0, "23": 100000.0, "24": 80.42817639423225, "25": 36.83483424026819, "26": 31.19096770854235, "27": 28.384440443713906, "28": 27.664533740307682, "29": 24.718301009571555, "30": 19.517890325826105, "31": 15.135672252283895, "32": 11.429371275873171, "33": 8.932038543231382, "34": 7.373219742654121, "35": 5.828970186807539, "36": 4.668390435567882, "37": 3.8571823156640517, "38": 3.1303730854011533, "39": 2.615744155308393, "40": 2.2920281141185215, "41": 2.000021527592183, "42": 1.7741797262331258, "43": 1.6911675237258825, "44": 1.6339847518553294, "45": 1.5501720411568118, "46": 1.4625395592052497, "47": 1.3865405878741335, "48": 1.3256617688109076, "49": 1.274861652476191, "50": 1.2456519647329514, "51": 1.22314766599342, "52": 1.1733865797265406, "53": 1.0891628949798415, "54": 1.047838380478502, "55": 1.0147491573072214, "56": 0.9892766720713988, "57": 0.9444658732156057, "58": 0.9070474681557058, "59": 0.8557621012528398, "60": 0.9204473778121165, "61": 0.9007902642634477, "62": 1.0834929223516359, "63": 1.4418386778733718, "64": 1.950822343911033, "65": 2.707948429773236, "66": 3.5902628087094612, "67": 3.8646498292220355, "68": 4.777550403313257, "69": 5.645882087764226, "70": 7.557988824239949, "71": 10.294145408464777, "72": 12.743970330518335, "73": 14.575753958933118, "74": 15.079479495970789, "75": 10.786607419146666, "76": 5.909485576617748, "77": 11.232509927687197, "78": 15.933240861116225, "79": 16.272401947515075, "80": 16.46690486641117, "81": 14.951539062034033, "82": 14.416659503481565, "83": 14.404036511367371, "84": 14.306381204550007, "85": 14.84594417446277, "86": 11.198009662207404, "87": 9.222105041741122, "88": 10.178528235215161, "89": 11.653429877671124, "90": 13.0528964918974, "91": 16.61742477569296, "92": 19.408964954096255, "93": 21.88907039235888, "94": 21.894978747113488, "95": 24.33468049522189, "96": 25.114055412027195, "97": 25.544161360414034, "98": 26.356759145197316, "99": 25.600650398872794, "100": 24.681227689654783, "101": 23.108779031256127, "102": 17.43882018596975, "103": 10.431303995907735, "104": 10.864106505100663, "105": 10.214218334880579, "106": 9.242776688679653, "107": 9.937117364210746, "108": 11.162916155386892, "109": 7.85368054321715, "110": 4.604720885668693, "111": 4.904060713680619, "112": 5.5655470924288695, "113": 5.465610153360181, "114": 5.802893625011924, "115": 6.0584799311143005, "116": 6.5149305206359225, "117": 7.637447353342697, "118": 7.937050917796594, "119": 7.9379971066714665, "120": 8.964432216820557, "121": 10.242530342309019, "122": 10.672074607786818, "123": 10.973201439767408, "124": 10.66801090117308, "125": 10.760767146796262, "126": 10.899604871904947, "127": 10.969260673347096, "128": 10.740606598513521, "129": 10.854085302131265, "130": 11.111438477161657, "131": 11.129223413785969, "132": 11.010413563129692, "133": 11.104875224765092, "134": 11.023172647777837, "135": 10.812460919441971, "136": 10.654178182510423, "137": 10.562784777001912, "138": 10.538070580543671, "139": 10.348892312820416, "140": 10.075543296897905, "141": 9.554400415788406, "142": 8.955798466457672, "143": 8.007894486703712, "144": 7.0830971075512865, "145": 6.493511488989382, "146": 5.5280223009561515, "147": 4.202826236119449, "148": 3.98258071408624, "149": 3.7545079018362237, "150": 4.14135299573564, "151": 4.707739458312136, "152": 4.178622101771531, "153": 3.9335865287730485, "154": 4.314159385127673, "155": 4.53001944166395, "156": 4.774897964366515, "157": 4.755554123265468, "158": 4.73903946020149, "159": 4.657392592030564, "160": 4.466010642170423, "161": 4.463372563590111, "162": 4.596016165950061, "163": 4.435113793730576, "164": 4.460917106040358, "165": 4.643698065673473, "166": 4.736075407091703, "167": 5.083723523083905, "168": 5.319906826594208, "169": 5.651293503966851, "170": 6.006615457937595, "171": 6.240518897054009, "172": 6.390008473610765, "173": 6.506967344144201, "174": 6.500668567864569, "175": 6.391737675046084, "176": 6.085641036691569, "177": 5.943795643817751, "178": 6.537962809184173, "179": 6.765713416301378, "180": 6.9840500804034145, "181": 6.90470513827994, "182": 6.714623632053793, "183": 6.444865258169124, "184": 6.060927551438011, "185": 5.502522441760431, "186": 5.287652765661358, "187": 5.068385596399202, "188": 4.639378828018456, "189": 4.034400258624899, "190": 3.6520557777202076, "210": 0.7569671798018638, "211": 0.7460239402276423, "212": 0.8858810280994986, "213": 1.0316392877855332, "214": 0.9985328463662169, "215": 1.0365127545389894, "216": 0.9749828196955408, "217": 0.8618660305414215, "218": 1.0490784897965315, "219": 1.057469943786115, "220": 1.157042205742316, "221": 1.2400306490238349, "222": 1.3064065149217567, "223": 1.394928044134204, "224": 1.4127698284842427, "225": 1.527183684159747, "226": 1.5749990460042573, "227": 1.6346417357954341, "228": 1.7324856486963034, "229": 1.7831438527371533, "230": 1.8632602633015887, "231": 1.9372771657100394, "232": 1.9944356966282097, "233": 2.0587659509613916, "234": 2.1151408680095236, "235": 2.1801620435589175, "236": 2.237713365818332, "237": 2.252116391438419, "238": 2.296526783445845, "239": 2.3759831056092318, "240": 2.4564958788787883, "241": 2.498901398456282, "242": 2.580062266330552, "243": 2.5751098754108908, "244": 2.6076913968542352, "245": 2.662122349907153, "246": 2.7454646378531273, "247": 2.8142369130815355, "248": 2.8688014584234036, "249": 2.8951614595237736, "250": 2.909623112307336, "251": 2.912075335126491, "252": 2.940251336351992, "253": 2.939535947635959, "254": 2.9304894472892484, "255": 2.932881162926757, "256": 2.858008794263833, "257": 2.867513357284889, "258": 2.8208339878446265, "259": 2.770695130977543, "260": 2.737798687116917, "261": 2.6578619608051404, "262": 2.5956641841012784, "263": 2.5139858694488226, "264": 2.4540973093714133, "265": 2.335355888842833, "266": 2.2753100142883715, "267": 2.226500117801456, "268": 2.1179609546892646, "269": 2.1052670794145762, "270": 2.0972623940555613, "271": 2.164260110511095, "272": 2.1571235593572764, "273": 2.1452877591407007, "274": 2.1121360394999105, "275": 2.091614908483714, "276": 2.017113833031756, "277": 2.0342333200803395, "278": 2.0019838502741285, "279": 1.9806911961268394, "280": 1.929002584593718, "281": 1.9552859963690141, "282": 1.7600360961529675, "283": 1.7657742003400712, "316": 0.5143715913432279, "317": 0.5776558176529722, "318": 0.6016440799020537, "319": 0.6267085096651035, "320": 0.659339639570376, "321": 0.6599530277569198, "322": 0.6654149487182667, "323": 0.5702978839313583, "324": 0.5542369928859343, "325": 0.6749918470871795, "326": 0.6540126343106138, "327": 0.758445549339972, "328": 0.8078869196161828, "329": 0.8256533001556433, "330": 0.8581604687008274, "331": 0.8549539599501157, "332": 0.8579893829935861, "333": 0.8373612121707817, "334": 0.8266568268640271, "335": 0.8712648682155357,