{"type": "scs+c", "calc_mask": [["ndi", {"band_1": 850, "band_2": 660, "min": 0.1, "max": 1.0}], ["ancillary", {"name": "slope", "min": 0.08726646259971647, "max": "+inf"}], ["ancillary", {"name": "cosine_i", "min": 0.12, "max": "+inf"}], ["cloud", {"method": "zhai_2018", "cloud": true, "shadow": false, "T1": 2.5, "t2": 0.5, "t3": 0.3333333333333333, "t4": 0.6666666666666666, "T7": 15, "T8": 15}], ["cloud", {"method": "zhai_2018", "cloud": false, "shadow": true, "T1": 2.5, "t2": 0.5, "t3": 0.3333333333333333, "t4": 0.6666666666666666, "T7": 15, "T8": 15}]], "apply_mask": [["ndi", {"band_1": 850, "band_2": 660, "min": 0.1, "max": 1.0}], ["ancillary", {"name": "slope", "min": 0.08726646259971647, "max": "+inf"}], ["ancillary", {"name": "cosine_i", "min": 0.12, "max": "+inf"}]], "c_fit_type": "nnls", "coeffs": {"4": 100000.0, "5": 100000.0, "6": 100000.0, "7": 100000.0, "8": 100000.0, "9": 100000.0, "10": 100000.0, "11": 100000.0, "12": 100000.0, "13": 100000.0, "14": 100000.0, "15": 100000.0, "16": 100000.0, "17": 100000.0, "18": 100000.0, "19": 100000.0, "20": 100000.0, "21": 100000.0, "22": 100000.0, "23": 100000.0, "24": 100000.0, "25": 100000.0, "26": 100000.0, "27": 100000.0, "28": 100000.0, "29": 100000.0, "30": 100000.0, "31": 100000.0, "32": 100000.0, "33": 100000.0, "34": 100000.0, "35": 100000.0, "36": 100000.0, "37": 100000.0, "38": 100000.0, "39": 100000.0, "40": 100000.0, "41": 100000.0, "42": 190.08320213709467, "43": 90.94382151846229, "44": 96.76340390623004, "45": 46.68802227070083, "46": 25.06989669631339, "47": 17.106383310187812, "48": 13.434187185924726, "49": 11.210006668209635, "50": 10.549613151668648, "51": 9.919440554567554, "52": 8.234547273519926, "53": 6.144048379138078, "54": 5.292993832535576, "55": 4.881927901482877, "56": 4.437919707661131, "57": 3.92653173653945, "58": 3.585198037282789, "59": 3.3237612817021778, "60": 3.6672508791131073, "61": 3.7276619945950964, "62": 5.722157984534379, "63": 20.432984834273004, "64": 100000.0, "65": 100000.0, "66": 100000.0, "67": 100000.0, "68": 100000.0, "69": 100000.0, "70": 100000.0, "71": 100000.0, "72": 100000.0, "73": 100000.0, "74": 100000.0, "75": 100000.0, "76": 100000.0, "77": 100000.0, "78": 100000.0, "79": 100000.0, "80": 100000.0, "81": 100000.0, "82": 100000.0, "83": 100000.0, "84": 100000.0, "85": 100000.0, "86": 100000.0, "87": 100000.0, "88": 100000.0, "89": 100000.0, "90": 100000.0, "91": 100000.0, "92": 100000.0, "93": 100000.0, "94": 100000.0, "95": 100000.0, "96": 100000.0, "97": 100000.0, "98": 100000.0, "99": 100000.0, "100": 100000.0, "101": 100000.0, "102": 100000.0, "103": 100000.0, "104": 100000.0, "105": 100000.0, "106": 100000.0, "107": 100000.0, "108": 100000.0, "109": 100000.0, "110": 100000.0, "111": 22.95464897524641, "112": 241.91290920018992, "113": 187.12111774781997, "114": 100000.0, "115": 100000.0, "116": 100000.0, "117": 100000.0, "118": 100000.0, "119": 100000.0, "120": 100000.0, "121": 100000.0, "122": 100000.0, "123": 100000.0, "124": 100000.0, "125": 100000.0, "126": 100000.0, "127": 100000.0, "128": 100000.0, "129": 100000.0, "130": 100000.0, "131": 100000.0, "132": 100000.0, "133": 100000.0, "134": 100000.0, "135": 100000.0, "136": 100000.0, "137": 100000.0, "138": 100000.0, "139": 100000.0, "140": 100000.0, "141": 100000.0, "142": 100000.0, "143": 100000.0, "144": 100000.0, "145": 100000.0, "146": 100000.0, "147": 24.07510811191535, "148": 13.40742987529433, "149": 6.315969608608327, "150": 9.48763405113861, "151": 10.714381059813075, "152": 11.989437586164719, "153": 10.148412436073796, "154": 15.174740285815824, "155": 29.65169338746379, "156": 214.56084870945168, "157": 100000.0, "158": 100000.0, "159": 100000.0, "160": 100000.0, "161": 100000.0, "162": 100000.0, "163": 100000.0, "164": 100000.0, "165": 100000.0, "166": 100000.0, "167": 100000.0, "168": 100000.0, "169": 100000.0, "170": 100000.0, "171": 100000.0, "172": 100000.0, "173": 100000.0, "174": 100000.0, "175": 100000.0, "176": 100000.0, "177": 100000.0, "178": 100000.0, "179": 100000.0, "180": 100000.0, "181": 100000.0, "182": 100000.0, "183": 269.08408320667644, "184": 71.65495595822415, "185": 31.346645618964356, "186": 20.03442247572186, "187": 16.880451815653807, "188": 11.935928177577395, "189": 8.874196216311663, "190": 5.936667869456332, "210": 0.9028843685457554, "211": 0.8431701842959293, "212": 0.8438414097873266, "213": 0.9663807655754139, "214": 0.9600712476925207, "215": 1.0546723533400513, "216": 1.0162154333651863, "217": 0.9255747002171312, "218": 1.0107062890207519, "219": 1.1002458642418227, "220": 1.220772037289149, "221": 1.3434049256340561, "222": 1.5238913655007116, "223": 1.706341203502399, "224": 1.8014924221304904, "225": 1.971578306434226, "226": 2.08325100040149, "227": 2.1878164425263518, "228": 2.3909328821114695, "229": 2.4860204115111713, "230": 2.6474595770466847, "231": 2.777557760019545, "232": 2.878975992352445, "233": 3.0161969834874003, "234": 3.132457388385388, "235": 3.253075344883405, "236": 3.3404644360717306, "237": 3.3918097504154234, "238": 3.459769337057862, "239": 3.5727681346367106, "240": 3.6838279927429913, "241": 3.7877420272486435, "242": 3.883749813047284, "243": 3.942655843601064, "244": 4.005937336058711, "245": 4.101462601052435, "246": 4.241096648728206, "247": 4.414116444740229, "248": 4.513517574202074, "249": 4.583694141233615, "250": 4.625303726051126, "251": 4.656959639774426, "252": 4.663596648789929, "253": 4.690767157562993, "254": 4.681633726087277, "255": 4.702829168532912, "256": 4.675460687421062, "257": 4.716958636174291, "258": 4.714956423702862, "259": 4.640096942525393, "260": 4.599860899212482, "261": 4.5006668937466054, "262": 4.402377601312278, "263": 4.309232708015203, "264": 4.24225914969007, "265": 4.046812941120692, "266": 3.970850136015619, "267": 3.9327968268357507, "268": 3.7178966035079943, "269": 3.6733602909303413, "270": 3.543500150394633, "271": 3.3961306275752503, "272": 3.292175082143799, "273": 3.137806915060617, "274": 3.0952894847846357, "275": 2.941415160039624, "276": 2.7610911262472837, "277": 2.590943049515784, "278": 2.5114396530768817, "279": 2.2747834950686046, "280": 2.174510780315282, "281": 2.078219528619439, "282": 1.9795620630291884, "283": 1.6979324934737934, "316": 0.3623055004706723, "317": 0.4314744225666296, "318": 0.4554371645351728, "319": 0.4848586606923013, "320": 0.5131798400140283, "321": 0.5357945438725208, "322": 0.5569409050403328, "323": 0.5607102690562451, "324": 0.572750202288295, "325": 0.6423031502897496, "326": 0.6589230197857635, "327": 0.7046525264978184, "328": 0.7513859302323964, "329": 0.7706725581941066, "330": 0.7998484347075899, "331": 0.8148753199285468, "332": 0.8248099575951524, "333": 0.8416805695245236, "334": 0.8430156254409449, "335": 0.8515509493548656, "336": 0.8642054977281222, "337": 0.8891648381042704, "338": 0.9146997528104089, "339": 0.9338582450812799, "340": 0.9554844441184408, "341": 0.9800634569261242, "342": 0.9954099933948868, "343": 1.0036578778296694, "344": 1.0361095260153956, "345": 1.0637717520633798, "346": 1.0839183072164644, "347": 1.097204770410107, "348": 1.1289758415146807, "349": 1.1641815008232164, "350": 1.2015038661374364, "351": 1.2355110269452902, "352": 1.2785651320093743, "353": 1.3008822870789722, "354": 1.3327389040773159, "355": 1.3970127763081435, "356": 1.4442202323134623, "357": 1.5040737329142337, "358": 1.5351086818531872, "359": 1.5933010274831012, "360": 1.626851261351564, "361": 1.7278742702739838, "362": 1.8142023957767728, "363": 1.8762554643270084, "364": 1.9918956549949867, "365": 2.0311457635779613, "366": 1.9707482456807162, "367": 1.9044892188418907, "368": 1.8404603284937977, "369": 1.781370264440424, "370": 1.7115033029649578, "371": 1.6480781313114232, "372": 1.5819777104366706, "373": 1.5376493665586985, "374": 1.4887967747221655, "375": 1.4374702761017164, "376": 1.3826317201925002, "377": 1.334320898624328, "378": 1.3103960605632143, "379": 1.2974833832567507,