{"type": "scs+c", "calc_mask": [["ndi", {"band_1": 850, "band_2": 660, "min": 0.1, "max": 1.0}], ["ancillary", {"name": "slope", "min": 0.08726646259971647, "max": "+inf"}], ["ancillary", {"name": "cosine_i", "min": 0.12, "max": "+inf"}], ["cloud", {"method": "zhai_2018", "cloud": true, "shadow": false, "T1": 2.5, "t2": 0.5, "t3": 0.3333333333333333, "t4": 0.6666666666666666, "T7": 15, "T8": 15}], ["cloud", {"method": "zhai_2018", "cloud": false, "shadow": true, "T1": 2.5, "t2": 0.5, "t3": 0.3333333333333333, "t4": 0.6666666666666666, "T7": 15, "T8": 15}]], "apply_mask": [["ndi", {"band_1": 850, "band_2": 660, "min": 0.1, "max": 1.0}], ["ancillary", {"name": "slope", "min": 0.08726646259971647, "max": "+inf"}], ["ancillary", {"name": "cosine_i", "min": 0.12, "max": "+inf"}]], "c_fit_type": "nnls", "coeffs": {"4": 2.4008325144617317, "5": 1.9787955826129786, "6": 1.7448343045673733, "7": 1.448528352212592, "8": 1.247229333003481, "9": 1.0936830427931843, "10": 0.9937633203214643, "11": 0.9096057463331635, "12": 0.8345781477530527, "13": 0.7761400943906127, "14": 0.7188705861461323, "15": 0.6756262124563327, "16": 0.633167243737544, "17": 0.5877293970946778, "18": 0.5553328125212478, "19": 0.5295269029413635, "20": 0.5033721247433144, "21": 0.47508006266593455, "22": 0.4522702830821972, "23": 0.4362437589517519, "24": 0.4271001480171244, "25": 0.4273751185532341, "26": 0.4460117986912481, "27": 0.47702101701578564, "28": 0.5116849124389259, "29": 0.546102234324157, "30": 0.5661098138077828, "31": 0.5676767913452972, "32": 0.5517723167240118, "33": 0.5336696755650268, "34": 0.5094084855142459, "35": 0.4725757463570296, "36": 0.4241420495248265, "37": 0.3673334139482148, "38": 0.31458070484564954, "39": 0.2687215753279128, "40": 0.2354942543764883, "41": 0.20348296416413952, "42": 0.1749700441592799, "43": 0.16362645896080866, "44": 0.15478412845573358, "45": 0.1415677199335767, "46": 0.1250602543005104, "47": 0.11137326464585044, "48": 0.10004542178694478, "49": 0.09220966987543815, "50": 0.0870031338429347, "51": 0.08240358705723005, "52": 0.07227552498568038, "53": 0.05717189742458571, "54": 0.04722254920332373, "55": 0.04087802683224732, "56": 0.03371881264259091, "57": 0.02430755314720456, "58": 0.015856659684510326, "59": 0.0021040499821812445, "60": 0.0226496725392041, "61": 0.02629816081160968, "62": 0.06495930245803722, "63": 0.1307821435056086, "64": 0.21494312849670766, "65": 0.3206290891437155, "66": 0.4364735922793873, "67": 0.5154602223208797, "68": 0.6609582353992185, "69": 0.8310724717051783, "70": 1.0683458932522716, "71": 1.333335748266868, "72": 1.5445613896978454, "73": 1.6977502056146494, "74": 1.7903435751685142, "75": 1.7686329912863263, "76": 1.5966799677858554, "77": 1.8182044349127124, "78": 1.964080725473427, "79": 1.9844122061569875, "80": 2.001555990265983, "81": 1.9953083497520097, "82": 1.9865397769649937, "83": 2.0094926422703807, "84": 2.0206080104735524, "85": 2.059155942237767, "86": 1.918774379352991, "87": 1.7581845601028643, "88": 1.8224935178949746, "89": 1.8979243399312398, "90": 1.9809217954445906, "91": 2.1128689679258135, "92": 2.203369205645288, "93": 2.2504346050607347, "94": 2.270410405513934, "95": 2.2989392659792727, "96": 2.3232876374453335, "97": 2.3401294656090452, "98": 2.3663638292650724, "99": 2.36135314575174, "100": 2.36663703714601, "101": 2.3603611994675227, "102": 2.257383507083614, "103": 1.9366740318435591, "104": 1.929634363619802, "105": 1.9311191338827602, "106": 1.8266171643046858, "107": 1.856253732833869, "108": 1.9932527827509539, "109": 1.7559888123948224, "110": 1.2168091932601006, "111": 1.1042465047304086, "112": 1.238900015238696, "113": 1.184263739587536, "114": 1.2047589570995725, "115": 1.2323686475292406, "116": 1.3015915788362626, "117": 1.4577246769975352, "118": 1.5492165718119575, "119": 1.5355123783273388, "120": 1.6386536817320838, "121": 1.743181659892549, "122": 1.7975796730104123, "123": 1.8358091770593084, "124": 1.8579835570856926, "125": 1.8968004514999566, "126": 1.9380294786138543, "127": 1.9836387981762234, "128": 2.01957936873393, "129": 2.063931406256055, "130": 2.113787171412, "131": 2.158234313299158, "132": 2.1966927039617166, "133": 2.236201724499308, "134": 2.271623861211858, "135": 2.300838468274179, "136": 2.3263546656424996, "137": 2.3444399169038097, "138": 2.3530314589765897, "139": 2.345686088965655, "140": 2.3358352490489023, "141": 2.2948088449189994, "142": 2.2454678780224735, "143": 2.1289641144884333, "144": 1.9705113013183495, "145": 1.8456062540082854, "146": 1.6261104404653772, "147": 1.2225853290256279, "148": 1.0261019686809008, "149": 0.9281059015368612, "150": 1.0362080335707822, "151": 1.1035782736929816, "152": 1.0349811097808712, "153": 0.8759414456913466, "154": 0.9401549638055208, "155": 1.0325848693819901, "156": 1.1192212837865303, "157": 1.1492778258494807, "158": 1.1632278647860563, "159": 1.1501395806866574, "160": 1.118294696080661, "161": 1.1105431129409622, "162": 1.1352570381741893, "163": 1.1179662202606127, "164": 1.1199527904059539, "165": 1.1564900684166748, "166": 1.1776023814425132, "167": 1.243343879077137, "168": 1.2968242385079176, "169": 1.3575183123376153, "170": 1.4176669508234832, "171": 1.4616443239344274, "172": 1.4970866905417417, "173": 1.526997129524263, "174": 1.5530760240031807, "175": 1.5778230580614043, "176": 1.5887942103048622, "177": 1.5883972544295726, "178": 1.6059299805280005, "179": 1.6148551255643055, "180": 1.6108905490651868, "181": 1.5929068045003876, "182": 1.55894248234637, "183": 1.500114241120445, "184": 1.4285082663260356, "185": 1.330744782322386, "186": 1.269254897315972, "187": 1.2090583087217333, "188": 1.1065370222805428, "189": 0.9858496354619593, "190": 0.8396422877728902, "210": 0.04676003533000693, "211": 0.03944018980964537, "212": 0.05623104910623213, "213": 0.09790590799350128, "214": 0.10670472015072682, "215": 0.13799287105967337, "216": 0.12734991209829297, "217": 0.08692828808452632, "218": 0.11473762182957621, "219": 0.13760895147166138, "220": 0.17182334673961894, "221": 0.2009869838456389, "222": 0.24654736778592418, "223": 0.2836820967105062, "224": 0.29753803219352937, "225": 0.3241734221864554, "226": 0.3406747955146368, "227": 0.35548757384858326, "228": 0.3816565013738689, "229": 0.394291952786125, "230": 0.41390779409893136, "231": 0.4285990004266095, "232": 0.4402672465811829, "233": 0.45244078788696795, "234": 0.46433064973538196, "235": 0.475969372402896, "236": 0.48629385579918494, "237": 0.4966362499662834, "238": 0.5058705019821776, "239": 0.516566777131884, "240": 0.5257394296931166, "241": 0.5329906029852477, "242": 0.5432594580132546, "243": 0.5519596410926413, "244": 0.5593485155844157, "245": 0.566695681637489, "246": 0.5738820513128469, "247": 0.5820684745099575, "248": 0.5880407919802071, "249": 0.5926740739003423, "250": 0.5964451650161698, "251": 0.6005575223423524, "252": 0.6023298415461928, "253": 0.6021748192868555, "254": 0.5976435842968848, "255": 0.5938908994350292, "256": 0.5895919055445553, "257": 0.5866598974519481, "258": 0.582491672533863, "259": 0.5764832846796074, "260": 0.5701383294793374, "261": 0.5582800108340712, "262": 0.544704969023563, "263": 0.5292027162625942, "264": 0.5174230503727072, "265": 0.49442562053300265, "266": 0.4825338278927697, "267": 0.4748577152104738, "268": 0.4548970327679285, "269": 0.4532689056404046, "270": 0.4509425874944409, "271": 0.45398357843033166, "272": 0.4496962332723518, "273": 0.44065275129554016, "274": 0.4417862623868907, "275": 0.4327188783248916, "276": 0.4199504045575654, "277": 0.41343815962915037, "278": 0.4027950291271534, "279": 0.3802970666943068, "280": 0.3669363705350682, "281": 0.36041427350639016, "282": 0.2994929928074075, "283": 0.2772155342742284, "316": 0.0, "317": 0.03264353136010254, "318": 0.03997972831728018, "319": 0.05005540435830208, "320": 0.06394853279683227, "321": 0.06789828955508963, "322": 0.0791086026234939, "323": 0.0794203813331235, "324": 0.08405753405861924,