{"type": "scs+c", "calc_mask": [["ndi", {"band_1": 850, "band_2": 660, "min": 0.1, "max": 1.0}], ["ancillary", {"name": "slope", "min": 0.08726646259971647, "max": "+inf"}], ["ancillary", {"name": "cosine_i", "min": 0.12, "max": "+inf"}], ["cloud", {"method": "zhai_2018", "cloud": true, "shadow": false, "T1": 2.5, "t2": 0.5, "t3": 0.3333333333333333, "t4": 0.6666666666666666, "T7": 15, "T8": 15}], ["cloud", {"method": "zhai_2018", "cloud": false, "shadow": true, "T1": 2.5, "t2": 0.5, "t3": 0.3333333333333333, "t4": 0.6666666666666666, "T7": 15, "T8": 15}]], "apply_mask": [["ndi", {"band_1": 850, "band_2": 660, "min": 0.1, "max": 1.0}], ["ancillary", {"name": "slope", "min": 0.08726646259971647, "max": "+inf"}], ["ancillary", {"name": "cosine_i", "min": 0.12, "max": "+inf"}]], "c_fit_type": "nnls", "coeffs": {"4": 100000.0, "5": 100000.0, "6": 100000.0, "7": 100000.0, "8": 100000.0, "9": 100000.0, "10": 100000.0, "11": 100000.0, "12": 100000.0, "13": 100000.0, "14": 100000.0, "15": 100000.0, "16": 100000.0, "17": 100000.0, "18": 100000.0, "19": 1090.4380307787778, "20": 190.516044849118, "21": 92.89346461983206, "22": 62.18689905526802, "23": 52.70052674584876, "24": 48.510191352084135, "25": 55.00605150011574, "26": 167.2492688586047, "27": 100000.0, "28": 100000.0, "29": 100000.0, "30": 100000.0, "31": 100000.0, "32": 100000.0, "33": 100000.0, "34": 100000.0, "35": 100000.0, "36": 100000.0, "37": 100000.0, "38": 57.53611062644889, "39": 27.1166409977121, "40": 20.22970625457542, "41": 14.868152205407128, "42": 11.514409328386815, "43": 11.235598320437791, "44": 11.319579497599491, "45": 10.612872077499167, "46": 9.560387002335816, "47": 8.720540342762009, "48": 8.10923618984008, "49": 7.535855929589502, "50": 7.397839510537073, "51": 7.333393079906969, "52": 6.8535408028555524, "53": 5.967864127208044, "54": 5.567831750268408, "55": 5.355178199242127, "56": 5.111677886768054, "57": 4.790589270373036, "58": 4.521749102813855, "59": 4.210774634234428, "60": 4.632495295783907, "61": 4.379031774665491, "62": 5.769281796419803, "63": 11.071687714418236, "64": 58.25384356903991, "65": 100000.0, "66": 100000.0, "67": 100000.0, "68": 100000.0, "69": 100000.0, "70": 100000.0, "71": 100000.0, "72": 100000.0, "73": 100000.0, "74": 100000.0, "75": 100000.0, "76": 100000.0, "77": 100000.0, "78": 100000.0, "79": 100000.0, "80": 100000.0, "81": 100000.0, "82": 100000.0, "83": 100000.0, "84": 100000.0, "85": 100000.0, "86": 100000.0, "87": 100000.0, "88": 100000.0, "89": 100000.0, "90": 100000.0, "91": 100000.0, "92": 100000.0, "93": 100000.0, "94": 100000.0, "95": 100000.0, "96": 100000.0, "97": 100000.0, "98": 100000.0, "99": 100000.0, "100": 100000.0, "101": 100000.0, "102": 100000.0, "103": 100000.0, "104": 100000.0, "105": 100000.0, "106": 100000.0, "107": 100000.0, "108": 100000.0, "109": 100000.0, "110": 100000.0, "111": 100000.0, "112": 100000.0, "113": 100000.0, "114": 100000.0, "115": 100000.0, "116": 100000.0, "117": 100000.0, "118": 100000.0, "119": 100000.0, "120": 100000.0, "121": 100000.0, "122": 100000.0, "123": 100000.0, "124": 100000.0, "125": 100000.0, "126": 100000.0, "127": 100000.0, "128": 100000.0, "129": 100000.0, "130": 100000.0, "131": 100000.0, "132": 100000.0, "133": 100000.0, "134": 100000.0, "135": 100000.0, "136": 100000.0, "137": 100000.0, "138": 100000.0, "139": 100000.0, "140": 100000.0, "141": 100000.0, "142": 100000.0, "143": 100000.0, "144": 100000.0, "145": 100000.0, "146": 100000.0, "147": 100000.0, "148": 100000.0, "149": 75.26124365335531, "150": 100000.0, "151": 100000.0, "152": 100000.0, "153": 100000.0, "154": 100000.0, "155": 100000.0, "156": 100000.0, "157": 100000.0, "158": 100000.0, "159": 100000.0, "160": 100000.0, "161": 100000.0, "162": 100000.0, "163": 100000.0, "164": 100000.0, "165": 100000.0, "166": 100000.0, "167": 100000.0, "168": 100000.0, "169": 100000.0, "170": 100000.0, "171": 100000.0, "172": 100000.0, "173": 100000.0, "174": 100000.0, "175": 100000.0, "176": 100000.0, "177": 100000.0, "178": 100000.0, "179": 100000.0, "180": 100000.0, "181": 100000.0, "182": 100000.0, "183": 100000.0, "184": 100000.0, "185": 100000.0, "186": 100000.0, "187": 100000.0, "188": 100000.0, "189": 100000.0, "190": 25.765581819718324, "210": 1.5199013869879856, "211": 1.4661868981960828, "212": 1.5200471953642525, "213": 1.7553554467436934, "214": 1.632823098591683, "215": 1.8069705031060956, "216": 1.776706926402812, "217": 1.5765555315664452, "218": 1.6981586486369797, "219": 1.7994113343049958, "220": 1.9580512837622972, "221": 2.161952345673665, "222": 2.4915972690703967, "223": 2.809669567566585, "224": 2.9732280031902434, "225": 3.2112231952933064, "226": 3.3898303584621337, "227": 3.5538744044115824, "228": 3.8591222554672395, "229": 3.99798485370113, "230": 4.222094992652698, "231": 4.419403586827587, "232": 4.542046618869823, "233": 4.751673984706333, "234": 4.905712182800879, "235": 5.0679934826959325, "236": 5.218570084156317, "237": 5.25893288038555, "238": 5.314738799643801, "239": 5.492409318679641, "240": 5.681504980979959, "241": 5.872363250939335, "242": 6.026902296406573, "243": 6.081746564768544, "244": 6.066038685052109, "245": 6.197633547200607, "246": 6.396797619201383, "247": 6.748867034076727, "248": 6.8538410750763, "249": 6.928133610294099, "250": 7.027436063513034, "251": 7.073349091814105, "252": 7.031597838912834, "253": 7.092385586590659, "254": 7.050039733764145, "255": 7.002669123290624, "256": 6.926666320254928, "257": 6.8816877397101575, "258": 6.8841262684592985, "259": 6.746980219940388, "260": 6.655267907661131, "261": 6.466172519181526, "262": 6.262122707287325, "263": 6.071337769146945, "264": 5.926341412498081, "265": 5.570903365021059, "266": 5.430667870928864, "267": 5.381717586441581, "268": 5.0528797966133965, "269": 5.066114875259911, "270": 4.9134360073420815, "271": 4.772209545840929, "272": 4.699367758962482, "273": 4.495927400225546, "274": 4.481753143990208, "275": 4.2913216856956, "276": 4.053643021397672, "277": 3.8407494404523983, "278": 3.6873583802674226, "279": 3.3770921941006957, "280": 3.2362619277282776, "281": 3.1329565081296966, "282": 2.5818193185221436, "283": 2.5138045524553077, "316": 0.8323421097975519, "317": 0.9595376046972036, "318": 1.0105947942975728, "319": 1.0796776600608766, "320": 1.1387164750871275, "321": 1.1712122755218088, "322": 1.196261190308412, "323": 1.118181866647899, "324": 1.0479577363405284, "325": 1.1698958210873225, "326": 1.1828980900145614, "327": 1.2904796043817675, "328": 1.444043481640155, "329": 1.5395014937190519, "330": 1.6273579966922431, "331": 1.6534464367451993, "332": 1.6641254400419818, "333": 1.6509959394821532, "334": 1.601708278032875, "335": 1.6473599461489, "336": 1.6614952675563293, "337": 1.687343672748209, "338": 1.7474405936134922, "339": 1.8085017661382379, "340": 1.8422188828312371, "341": 1.8766453058806523, "342": 1.899918439906322, "343": 1.9054529830099411, "344": 1.9485940073482975, "345": 1.975910768483452, "346": 1.9889916691731029, "347": 1.9942910118050612, "348": 2.021180186042161, "349": 2.049865642795205, "350": 2.088687737693296, "351": 2.116175157024972, "352": 2.152949817507867, "353": 2.1576097244355874, "354": 2.1827271869010283, "355": 2.2441684675756397, "356": 2.2791531378754097, "357": 2.3393203502687108, "358": 2.3789234898521703, "359": 2.4401227189027, "360": 2.468995797223938, "361": 2.5926512551515213, "362": 2.6791059454699795, "363": 2.717623016325752, "364": 2.8172014558506273, "365": 2.882726059202053, "366": 2.8605844652815797, "367": 2.826850128908919, "368": 2.7775469336890186, "369": 2.7264690408258447, "370": 2.65784590313172, "371": 2.5908483533155993, "372": 2.514445593574396, "373": 2.457718437516501, "374": 2.3923851028829723, "375": 2.3229857830835074, "376": 2.256555555460596, "377": 2.1990340577878977, "378": 2.170870302484225, "379": 2.1508540472042337, "380": 2.122156425021871, "381": 2.0808906052084675, "382": 2.020846454931537, "383": 1.9859521960405673,