{"type": "scs+c", "calc_mask": [["ndi", {"band_1": 850, "band_2": 660, "min": 0.1, "max": 1.0}], ["ancillary", {"name": "slope", "min": 0.08726646259971647, "max": "+inf"}], ["ancillary", {"name": "cosine_i", "min": 0.12, "max": "+inf"}], ["cloud", {"method": "zhai_2018", "cloud": true, "shadow": false, "T1": 2.5, "t2": 0.5, "t3": 0.3333333333333333, "t4": 0.6666666666666666, "T7": 15, "T8": 15}], ["cloud", {"method": "zhai_2018", "cloud": false, "shadow": true, "T1": 2.5, "t2": 0.5, "t3": 0.3333333333333333, "t4": 0.6666666666666666, "T7": 15, "T8": 15}]], "apply_mask": [["ndi", {"band_1": 850, "band_2": 660, "min": 0.1, "max": 1.0}], ["ancillary", {"name": "slope", "min": 0.08726646259971647, "max": "+inf"}], ["ancillary", {"name": "cosine_i", "min": 0.12, "max": "+inf"}]], "c_fit_type": "nnls", "coeffs": {"4": 0.07809882606398771, "5": 0.1280306981942627, "6": 0.18885709689273836, "7": 0.2361123389882504, "8": 0.2862169986731458, "9": 0.33834402281856063, "10": 0.36996471717759694, "11": 0.35769523805520753, "12": 0.352533604628036, "13": 0.3656509775867603, "14": 0.37289146830990116, "15": 0.38892770867511983, "16": 0.39498077235384527, "17": 0.39148664947720624, "18": 0.39138657392666526, "19": 0.38063159293671944, "20": 0.3790226600210872, "21": 0.3725113041400209, "22": 0.36947865281586234, "23": 0.377148439365509, "24": 0.3925478638347972, "25": 0.4292168588867969, "26": 0.5290522831055761, "27": 0.6915631506503721, "28": 0.9113587148851259, "29": 1.2285205435284086, "30": 1.5821404469226483, "31": 1.8801464770925507, "32": 2.036403543931808, "33": 2.2598397646238744, "34": 2.464830000949695, "35": 2.6766028678505984, "36": 2.5151145354647886, "37": 2.205400059983788, "38": 1.9839407936324076, "39": 1.8513241524745925, "40": 1.8384553033394266, "41": 1.8340825613826135, "42": 1.744481077431256, "43": 1.8574449452312773, "44": 2.0271244220778293, "45": 2.06807231871698, "46": 1.9778784395487303, "47": 1.868826860131201, "48": 1.8275544906554353, "49": 1.7762091414474355, "50": 1.7749946413506312, "51": 1.7028534247230562, "52": 1.5936824085336985, "53": 1.4134480017490008, "54": 1.3262501901327945, "55": 1.264902262328365, "56": 1.2304058356839236, "57": 1.1614091056501734, "58": 1.1011305604455985, "59": 1.1056630416056128, "60": 1.1538797168682742, "61": 1.3000419733703015, "62": 1.4450141666568534, "63": 2.056034839683822, "64": 3.969841842037742, "65": 15.690772187168704, "66": 100000.0, "67": 100000.0, "68": 100000.0, "69": 100000.0, "70": 100000.0, "71": 100000.0, "72": 100000.0, "73": 100000.0, "74": 100000.0, "75": 100000.0, "76": 100000.0, "77": 100000.0, "78": 100000.0, "79": 100000.0, "80": 100000.0, "81": 100000.0, "82": 100000.0, "83": 100000.0, "84": 100000.0, "85": 100000.0, "86": 100000.0, "87": 100000.0, "88": 100000.0, "89": 100000.0, "90": 100000.0, "91": 100000.0, "92": 100000.0, "93": 100000.0, "94": 100000.0, "95": 100000.0, "96": 100000.0, "97": 100000.0, "98": 100000.0, "99": 100000.0, "100": 100000.0, "101": 100000.0, "102": 100000.0, "103": 100000.0, "104": 100000.0, "105": 100000.0, "106": 100000.0, "107": 100000.0, "108": 100000.0, "109": 100000.0, "110": 100000.0, "111": 100000.0, "112": 100000.0, "113": 100000.0, "114": 100000.0, "115": 100000.0, "116": 100000.0, "117": 100000.0, "118": 100000.0, "119": 100000.0, "120": 100000.0, "121": 100000.0, "122": 100000.0, "123": 100000.0, "124": 100000.0, "125": 100000.0, "126": 100000.0, "127": 100000.0, "128": 100000.0, "129": 100000.0, "130": 100000.0, "131": 100000.0, "132": 100000.0, "133": 100000.0, "134": 100000.0, "135": 100000.0, "136": 100000.0, "137": 100000.0, "138": 100000.0, "139": 100000.0, "140": 100000.0, "141": 100000.0, "142": 100000.0, "143": 100000.0, "144": 100000.0, "145": 100000.0, "146": 100000.0, "147": 100000.0, "148": 100000.0, "149": 31.946229551394477, "150": 100000.0, "151": 100000.0, "152": 203.85371742480743, "153": 25.18825323395982, "154": 641.345250247387, "155": 100000.0, "156": 100000.0, "157": 100000.0, "158": 100000.0, "159": 100000.0, "160": 100000.0, "161": 100000.0, "162": 100000.0, "163": 100000.0, "164": 100000.0, "165": 100000.0, "166": 100000.0, "167": 100000.0, "168": 100000.0, "169": 100000.0, "170": 100000.0, "171": 100000.0, "172": 100000.0, "173": 100000.0, "174": 100000.0, "175": 100000.0, "176": 100000.0, "177": 100000.0, "178": 100000.0, "179": 100000.0, "180": 100000.0, "181": 100000.0, "182": 100000.0, "183": 100000.0, "184": 53.46409754239828, "185": 16.28876817781673, "186": 10.501772791509163, "187": 6.990420915101281, "188": 4.954573367346852, "189": 3.550984427297712, "190": 2.275722216656992, "210": 0.08512979631433232, "211": 0.0659755668240027, "212": 0.007782815160981337, "213": 0.05151895735452235, "214": 0.09996433129546138, "215": 0.1486097976537398, "216": 0.1376489339580952, "217": 0.12009704778840555, "218": 0.13151522257555212, "219": 0.20835519323178728, "220": 0.2653954645354924, "221": 0.32341349766000843, "222": 0.4328995639455796, "223": 0.527453745754529, "224": 0.5988106874741385, "225": 0.6718406812948098, "226": 0.7351117189169257, "227": 0.78472547122317, "228": 0.8782085411080793, "229": 0.9387725665599239, "230": 1.029438278431538, "231": 1.0931520802877437, "232": 1.1643577403523768, "233": 1.2293481043528247, "234": 1.3048706664804453, "235": 1.3767729602299155, "236": 1.4247072005860113, "237": 1.5053094725653653, "238": 1.5732224687065683, "239": 1.614342089677923, "240": 1.6281756669717713, "241": 1.6987041583592604, "242": 1.7082220088126925, "243": 1.7748786055204875, "244": 1.8240444743604451, "245": 1.8335330174051119, "246": 1.84000714121941, "247": 1.849529318071459, "248": 1.8798257014466309, "249": 1.9018079052857597, "250": 1.9164401379418725, "251": 1.9574727638236602, "252": 1.967864970215711, "253": 1.9942682672150518, "254": 2.0142776867156167, "255": 2.059951667287687, "256": 2.188430981140344, "257": 2.308863129092072, "258": 2.3991154827499788, "259": 2.4579449059034606, "260": 2.491107976448591, "261": 2.5458770561151978, "262": 2.5798352461917253, "263": 2.728491519069852, "264": 2.803413874784201, "265": 2.8703944427044807, "266": 2.9406649891112977, "267": 2.9737799091480523, "268": 3.102228968626048, "269": 2.8192770753452927, "270": 2.522719789732348, "271": 2.09579788976708, "272": 1.8765241322164574, "273": 1.6925288351752505, "274": 1.651528260816547, "275": 1.4641893375333188, "276": 1.352305871970791, "277": 1.1297158986140416, "278": 1.0375617000069626, "279": 0.8496782071572688, "280": 0.7859786547827705, "281": 0.6189347236963548, "282": 0.7632571610435537, "283": 0.4199699951907706, "316": 0.0, "317": 0.0, "318": 0.0, "319": 0.0, "320": 0.0, "321": 0.0, "322": 0.0, "323": 0.0, "324": 0.06805687487705321, "325": 0.018937270169167752, "326": 0.07203358065949614, "327": 0.05864603856283707, "328": 0.05045926397414115, "329": 0.05527306350138016, "330": 0.06889920786348368, "331": 0.0953446646651105, "332": 0.10784291740501928, "333": 0.1536757939365978, "334": 0.20267560479072036, "335": 0.17561734906190185, "336": 0.21301656774117192, "337": 0.24695286847111103, "338": 0.24977362353729068, "339": 0.2606034142843254, "340": 0.29241718391239396, "341": 0.30845216235791284, "342": 0.32266345671472524, "343": 0.34538668578197285, "344": 0.36501594167535617, "345": 0.3856802672097583, "346": 0.41026928570952187, "347": 0.4253486619875347, "348": 0.4522315621839581, "349": 0.48219772105549263, "350": 0.5124875119372913, "351": 0.5174346198619252, "352": 0.5217676525311395, "353": 0.5059836174072261, "354": 0.4693708728625765, "355": 0.463264704073064, "356": 0.47352938988767734, "357": 0.46971786235363655, "358": 0.47656477762271376, "359": 0.47661265243944034, "360": 0.5164104159695996, "361": 0.5089739858799563, "362": 0.5293662602742871, "363": 0.5358370535618996, "364": 0.5173863397397235, "365": 0.5173687956965332, "366": 0.6413284578296734, "367": 0.7226629246648141, "368": 0.757651374770384, "369": 0.7632247202217776, "370": 0.7756996137656809,