{"type": "scs+c", "calc_mask": [["ndi", {"band_1": 850, "band_2": 660, "min": 0.1, "max": 1.0}], ["ancillary", {"name": "slope", "min": 0.08726646259971647, "max": "+inf"}], ["ancillary", {"name": "cosine_i", "min": 0.12, "max": "+inf"}], ["cloud", {"method": "zhai_2018", "cloud": true, "shadow": false, "T1": 2.5, "t2": 0.5, "t3": 0.3333333333333333, "t4": 0.6666666666666666, "T7": 15, "T8": 15}], ["cloud", {"method": "zhai_2018", "cloud": false, "shadow": true, "T1": 2.5, "t2": 0.5, "t3": 0.3333333333333333, "t4": 0.6666666666666666, "T7": 15, "T8": 15}]], "apply_mask": [["ndi", {"band_1": 850, "band_2": 660, "min": 0.1, "max": 1.0}], ["ancillary", {"name": "slope", "min": 0.08726646259971647, "max": "+inf"}], ["ancillary", {"name": "cosine_i", "min": 0.12, "max": "+inf"}]], "c_fit_type": "nnls", "coeffs": {"4": 17.31447838863256, "5": 46.59292088478417, "6": 100000.0, "7": 100000.0, "8": 100000.0, "9": 100000.0, "10": 100000.0, "11": 100000.0, "12": 229.2729358272031, "13": 37.84235808783448, "14": 21.603172372513356, "15": 16.47999961923712, "16": 12.613511242304499, "17": 10.819243977173894, "18": 9.583159160561115, "19": 8.826012224305618, "20": 8.292121906985928, "21": 7.532652788131309, "22": 6.692847609493046, "23": 6.410989335368439, "24": 6.497692386489146, "25": 7.080747357083853, "26": 10.132224400805974, "27": 23.590337321631964, "28": 100000.0, "29": 100000.0, "30": 100000.0, "31": 100000.0, "32": 100000.0, "33": 100000.0, "34": 100000.0, "35": 100000.0, "36": 14.967382010923167, "37": 5.69094100362126, "38": 3.365832243270894, "39": 2.3241140740705006, "40": 1.795246257798787, "41": 1.4579618200241566, "42": 1.2018369942554918, "43": 1.1013058334777552, "44": 1.036657557007596, "45": 0.954779262925033, "46": 0.862643207352251, "47": 0.7827238874334965, "48": 0.7312724747397932, "49": 0.7004698594355813, "50": 0.6825231046204847, "51": 0.6609405454899718, "52": 0.6222231180686528, "53": 0.5585641807593492, "54": 0.5215088853773906, "55": 0.48898986771539915, "56": 0.4571866393266907, "57": 0.4256310290372279, "58": 0.4011518246041599, "59": 0.3837162922072772, "60": 0.4254400969779308, "61": 0.45086617125122375, "62": 0.5773653073683215, "63": 0.8774275069166795, "64": 1.4854273643326108, "65": 2.8420885311956856, "66": 7.304223439156655, "67": 153.8130019891125, "68": 100000.0, "69": 100000.0, "70": 100000.0, "71": 100000.0, "72": 100000.0, "73": 100000.0, "74": 100000.0, "75": 100000.0, "76": 100000.0, "77": 100000.0, "78": 100000.0, "79": 100000.0, "80": 100000.0, "81": 100000.0, "82": 100000.0, "83": 100000.0, "84": 100000.0, "85": 100000.0, "86": 100000.0, "87": 100000.0, "88": 100000.0, "89": 100000.0, "90": 100000.0, "91": 100000.0, "92": 100000.0, "93": 100000.0, "94": 100000.0, "95": 100000.0, "96": 100000.0, "97": 100000.0, "98": 100000.0, "99": 100000.0, "100": 100000.0, "101": 100000.0, "102": 100000.0, "103": 100000.0, "104": 100000.0, "105": 100000.0, "106": 100000.0, "107": 100000.0, "108": 100000.0, "109": 100000.0, "110": 100000.0, "111": 100000.0, "112": 100000.0, "113": 100000.0, "114": 100000.0, "115": 100000.0, "116": 100000.0, "117": 100000.0, "118": 100000.0, "119": 100000.0, "120": 100000.0, "121": 100000.0, "122": 100000.0, "123": 100000.0, "124": 100000.0, "125": 100000.0, "126": 100000.0, "127": 100000.0, "128": 100000.0, "129": 100000.0, "130": 100000.0, "131": 100000.0, "132": 100000.0, "133": 100000.0, "134": 100000.0, "135": 100000.0, "136": 100000.0, "137": 100000.0, "138": 100000.0, "139": 100000.0, "140": 100000.0, "141": 100000.0, "142": 100000.0, "143": 100000.0, "144": 100000.0, "145": 100000.0, "146": 100000.0, "147": 100000.0, "148": 100000.0, "149": 100000.0, "150": 100000.0, "151": 100000.0, "152": 100000.0, "153": 100000.0, "154": 100000.0, "155": 100000.0, "156": 100000.0, "157": 100000.0, "158": 100000.0, "159": 100000.0, "160": 100000.0, "161": 100000.0, "162": 100000.0, "163": 100000.0, "164": 100000.0, "165": 100000.0, "166": 100000.0, "167": 100000.0, "168": 100000.0, "169": 100000.0, "170": 100000.0, "171": 100000.0, "172": 100000.0, "173": 100000.0, "174": 100000.0, "175": 100000.0, "176": 100000.0, "177": 100000.0, "178": 100000.0, "179": 100000.0, "180": 100000.0, "181": 100000.0, "182": 100000.0, "183": 100000.0, "184": 100000.0, "185": 100000.0, "186": 100000.0, "187": 100000.0, "188": 100000.0, "189": 100000.0, "190": 100000.0, "210": 3.2569893513694113, "211": 2.4341538795156965, "212": 2.68307846234833, "213": 3.081524130715074, "214": 2.591726178333439, "215": 3.4024083513973826, "216": 3.5381396296265577, "217": 3.4391964702477025, "218": 3.3593286536489106, "219": 4.794359021928513, "220": 6.36345953931273, "221": 8.8032092923043, "222": 24.193178473508176, "223": 100000.0, "224": 100000.0, "225": 100000.0, "226": 100000.0, "227": 100000.0, "228": 100000.0, "229": 100000.0, "230": 100000.0, "231": 100000.0, "232": 100000.0, "233": 100000.0, "234": 100000.0, "235": 100000.0, "236": 100000.0, "237": 100000.0, "238": 100000.0, "239": 100000.0, "240": 100000.0, "241": 100000.0, "242": 100000.0, "243": 100000.0, "244": 100000.0, "245": 100000.0, "246": 100000.0, "247": 100000.0, "248": 100000.0, "249": 100000.0, "250": 100000.0, "251": 100000.0, "252": 100000.0, "253": 100000.0, "254": 100000.0, "255": 100000.0, "256": 100000.0, "257": 100000.0, "258": 100000.0, "259": 100000.0, "260": 100000.0, "261": 100000.0, "262": 100000.0, "263": 100000.0, "264": 100000.0, "265": 100000.0, "266": 100000.0, "267": 100000.0, "268": 100000.0, "269": 100000.0, "270": 100000.0, "271": 100000.0, "272": 100000.0, "273": 100000.0, "274": 100000.0, "275": 100000.0, "276": 100000.0, "277": 100000.0, "278": 100000.0, "279": 100000.0, "280": 100000.0, "281": 100000.0, "282": 100000.0, "283": 100000.0, "316": 0.8163067023098023, "317": 0.9881619299225501, "318": 1.136378836659756, "319": 1.3347873554892975, "320": 1.4605038595552184, "321": 1.7123286661004056, "322": 1.9003154948572785, "323": 2.4167004534213965, "324": 2.7774343661732366, "325": 2.4786676752135115, "326": 2.9938021893945788, "327": 2.7929075383025768, "328": 2.8453156971839837, "329": 2.9197418345176795, "330": 2.8426994161833097, "331": 2.8627889476567994, "332": 2.578221079531062, "333": 2.5557316877610927, "334": 2.384120441156053, "335": 2.1233303580780656, "336": 2.141132904192562, "337": 2.1275050783457283, "338": 2.091175980977104, "339": 2.100318445899384, "340": 2.192027109788433, "341": 2.232391739474257, "342": 2.2890370369191824, "343": 2.383234163599535, "344": 2.4878144035477483, "345": 2.694804873616337, "346": 2.8629865899636813, "347": 3.05983101692584, "348": 3.3147150257108025, "349": 3.6259569745131386, "350": 4.132418011110838, "351": 4.620053145284175, "352": 5.530999432603095, "353": 6.747038577126224, "354": 8.469150331845636, "355": 12.171404281238495, "356": 19.889337955059414, "357": 40.978559328786446, "358": 100000.0, "359": 100000.0, "360": 100000.0, "361": 100000.0, "362": 100000.0, "363": 100000.0, "364": 100000.0, "365": 100000.0, "366": 100000.0, "367": 100000.0, "368": 100000.0, "369": 100000.0, "370": 100000.0, "371": 100000.0, "372": 40.690603941899916, "373": 13.459786642650064, "374": 8.082852854968474, "375": 5.52223768590097, "376": 4.19731138605826, "377": 3.418219386189525, "378": 3.103425440209167, "379": 2.9935908763525103, "380": 3.0101101935379706, "381": 2.9994459393299957, "382": 2.8977576299703296, "383": 2.632927785034915, "384": 2.461989851188806, "385": 2.2243945600324726, "386": 2.2388260476894524, "387": 2.4511911415377634, "388": 2.479192463128333, "389": 2.581872914047516, "390": 2.522977734381906, "391": 2.6360373291780896, "392": 2.3469250835178244, "393": 2.4427019541424793, "394": 2.1515092741770676, "395": 2.1174762861105694, "396": 1.9954737932065725, "397": 2.031626452104263, "398": 1.6995941253243363, "399": 1.6793689291339342, "400": 1.6563467489770467, "401": 1.4878559563835878, "402": 1.4494950445951063, "403": 1.3249410290627948, "404": 1.3532083486238944,