{"type": "scs+c", "calc_mask": [["ndi", {"band_1": 850, "band_2": 660, "min": 0.1, "max": 1.0}], ["ancillary", {"name": "slope", "min": 0.08726646259971647, "max": "+inf"}], ["ancillary", {"name": "cosine_i", "min": 0.12, "max": "+inf"}], ["cloud", {"method": "zhai_2018", "cloud": true, "shadow": false, "T1": 2.5, "t2": 0.5, "t3": 0.3333333333333333, "t4": 0.6666666666666666, "T7": 15, "T8": 15}], ["cloud", {"method": "zhai_2018", "cloud": false, "shadow": true, "T1": 2.5, "t2": 0.5, "t3": 0.3333333333333333, "t4": 0.6666666666666666, "T7": 15, "T8": 15}]], "apply_mask": [["ndi", {"band_1": 850, "band_2": 660, "min": 0.1, "max": 1.0}], ["ancillary", {"name": "slope", "min": 0.08726646259971647, "max": "+inf"}], ["ancillary", {"name": "cosine_i", "min": 0.12, "max": "+inf"}]], "c_fit_type": "nnls", "coeffs": {"4": 1.6145421718774178, "5": 1.5037017094851906, "6": 1.5350933875027504, "7": 1.4842989090277126, "8": 1.4599849332155577, "9": 1.4173284033392968, "10": 1.4025578685699878, "11": 1.3697093100255726, "12": 1.3420465329043916, "13": 1.3115795551767666, "14": 1.27428346602536, "15": 1.2474583920635698, "16": 1.212075517470572, "17": 1.1696944552401891, "18": 1.1406793886551305, "19": 1.1174835416878146, "20": 1.0993851416307692, "21": 1.073506273854323, "22": 1.065915842334776, "23": 1.0606905105466498, "24": 1.061648525473175, "25": 1.09311963346649, "26": 1.1758044577287503, "27": 1.2819000653712553, "28": 1.4155349963718395, "29": 1.5321608460709157, "30": 1.6198946065161253, "31": 1.6523995502167281, "32": 1.6382377699245585, "33": 1.6200352544019705, "34": 1.5947519238201529, "35": 1.5279350812010286, "36": 1.426833022809449, "37": 1.3293423656466021, "38": 1.1934134423296507, "39": 1.0979478782776377, "40": 1.039027681004085, "41": 0.9551017535324778, "42": 0.8786101981174336, "43": 0.8759884988188043, "44": 0.8840799364440437, "45": 0.8634787577766181, "46": 0.828394138892806, "47": 0.7957958864906897, "48": 0.7690622982926498, "49": 0.7429723822386998, "50": 0.7355668916485214, "51": 0.7261014799380048, "52": 0.6951621864419585, "53": 0.6364072295450545, "54": 0.6080701061342849, "55": 0.5935960776051267, "56": 0.5784481504454827, "57": 0.5518063449973293, "58": 0.5291275979096444, "59": 0.5035545500256491, "60": 0.5433864078003287, "61": 0.5412796009119317, "62": 0.644809760046304, "63": 0.8619293385303873, "64": 1.1535502437345955, "65": 1.5571012409714213, "66": 1.986842481786569, "67": 1.9894739666392103, "68": 2.306477497551694, "69": 2.6611981508863507, "70": 3.5694032720028033, "71": 4.926746277941992, "72": 6.419690868673011, "73": 7.373285329320864, "74": 7.769007792202975, "75": 6.397607793359127, "76": 3.660405471162925, "77": 5.82266762840788, "78": 7.845169265617233, "79": 7.902092150891104, "80": 7.751616123862436, "81": 6.899497865976136, "82": 6.490120889342928, "83": 6.370501125456709, "84": 6.128036770104644, "85": 6.314888436662354, "86": 4.773819055290963, "87": 3.674439133783463, "88": 3.906065184357687, "89": 4.281647747232263, "90": 4.647934424414593, "91": 5.475108594842636, "92": 6.0828404774109, "93": 6.441750842697147, "94": 6.375656908381656, "95": 6.543927391779755, "96": 6.608268827267046, "97": 6.464793444164954, "98": 6.47951990594652, "99": 6.267839921563596, "100": 6.021579696218075, "101": 5.729279355334912, "102": 4.843895590613731, "103": 3.2559694941155675, "104": 3.129201628357302, "105": 3.1067631222222287, "106": 2.7902701469942968, "107": 2.8591785131847356, "108": 3.2366513289552117, "109": 2.593084913041504, "110": 1.548050496171335, "111": 1.2839692070360003, "112": 1.5094543597337764, "113": 1.4896091170910912, "114": 1.5739883940799966, "115": 1.6885891871897405, "116": 1.8428413485364303, "117": 2.168455780503476, "118": 2.3644602110871493, "119": 2.3487151161017583, "120": 2.656977249719843, "121": 2.9960814401128695, "122": 3.1446169371141415, "123": 3.205613108925118, "124": 3.189825533101043, "125": 3.1955242485132853, "126": 3.207244309264901, "127": 3.233529061625886, "128": 3.2221532135230087, "129": 3.2355564769694842, "130": 3.280496358069829, "131": 3.2868434172313714, "132": 3.275921853255252, "133": 3.265647251557866, "134": 3.2382250273135207, "135": 3.1906147135649015, "136": 3.1382451390173767, "137": 3.08069895598219, "138": 3.031585103721302, "139": 2.949852325198719, "140": 2.8487856110415986, "141": 2.7201047813370245, "142": 2.547967036714019, "143": 2.2814827040320025, "144": 2.0069283121195047, "145": 1.8548029177605052, "146": 1.593337257847256, "147": 1.1521529779247008, "148": 0.9492551411401519, "149": 0.7708033190027604, "150": 0.9550933774812607, "151": 1.0872416011695887, "152": 1.0350156559272663, "153": 0.9651241227880489, "154": 1.1129362008558035, "155": 1.2740185407139306, "156": 1.4134385592066019, "157": 1.4680070565476824, "158": 1.4906797567492656, "159": 1.4782140999337536, "160": 1.4202147766760855, "161": 1.4208526953014566, "162": 1.472261452484001, "163": 1.4337081453025062, "164": 1.429731836259649, "165": 1.4766493896447244, "166": 1.4586598384408689, "167": 1.5168370871161596, "168": 1.5339627944587182, "169": 1.5665741131676059, "170": 1.6060590444696579, "171": 1.6252221949647974, "172": 1.6299754455239874, "173": 1.6170310235287224, "174": 1.5987916305311292, "175": 1.5699903041706136, "176": 1.5191732342066984, "177": 1.476510087495274, "178": 1.5088195374184024, "179": 1.5168390118975061, "180": 1.5162513446292314, "181": 1.4733280295427436, "182": 1.419255333669511, "183": 1.3479783032418406, "184": 1.283202462420995, "185": 1.1934040931041399, "186": 1.104966061341221, "187": 1.0708730114471117, "188": 0.9835519921363239, "189": 0.8724893712490144, "190": 0.7676804854957145, "210": 0.1178942328596446, "211": 0.11504664958308226, "212": 0.15548949234555576, "213": 0.220384132248259, "214": 0.2277655040105613, "215": 0.2561750741906666, "216": 0.2354574988244452, "217": 0.18464810591560632, "218": 0.2303259997136316, "219": 0.2524866107159714, "220": 0.2935811125639494, "221": 0.3235166852730535, "222": 0.3600623263876719, "223": 0.3946474013881693, "224": 0.40531098596638154, "225": 0.4350508039522875, "226": 0.44834693769823664, "227": 0.46341903547288876, "228": 0.4912421805719579, "229": 0.5026339409349649, "230": 0.5222264594492019, "231": 0.5360327551217883, "232": 0.5467112998875335, "233": 0.561584821229883, "234": 0.5726220681261708, "235": 0.5838003327253527, "236": 0.5919462674236734, "237": 0.5931960833032498, "238": 0.6001900096534402, "239": 0.6126372317315041, "240": 0.6221593827342429, "241": 0.6277274490578496, "242": 0.6350301507037265, "243": 0.6343990788020466, "244": 0.6373818252696506, "245": 0.6408883715128967, "246": 0.6495521065958338, "247": 0.6603043237318748, "248": 0.6644536252664396, "249": 0.663489968054589, "250": 0.6646977008387492, "251": 0.6648796554612942, "252": 0.6640958936028003, "253": 0.6640070106963553, "254": 0.6625510538126411, "255": 0.6621583738184837, "256": 0.6582438268445328, "257": 0.6620266200845406, "258": 0.6595034528210729, "259": 0.6540568115279035, "260": 0.6499999592386145, "261": 0.6415635390377605, "262": 0.6353971618451295, "263": 0.6282986266309699, "264": 0.6251277121526395, "265": 0.6093537654746574, "266": 0.6069440937673094, "267": 0.6065442756389232, "268": 0.5848717535260863, "269": 0.5864310996279132, "270": 0.572691793562127, "271": 0.5609984550514444, "272": 0.5524183988983077, "273": 0.542605550026106, "274": 0.5381120303375558, "275": 0.5296132664850495, "276": 0.5045884897708129, "277": 0.49126388750551614, "278": 0.4769701183889418, "279": 0.45087427982914036, "280": 0.4286361240377144, "281": 0.4288012814952375, "282": 0.3656910944984403, "283": 100000.0, "316": 0.05861360646701273, "317": 0.10550948246809053, "318": 0.10977986169960041, "319": 0.11957508582737178, "320": 0.13369184321584998, "321": 0.13506954250171246, "322": 0.14259628366490085, "323": 0.12160098006729456, "324": 0.10911499869086598, "325": 0.16711455514837004, "326": 0.15316348931283538,