{"type": "scs+c", "calc_mask": [["ndi", {"band_1": 850, "band_2": 660, "min": 0.1, "max": 1.0}], ["ancillary", {"name": "slope", "min": 0.08726646259971647, "max": "+inf"}], ["ancillary", {"name": "cosine_i", "min": 0.12, "max": "+inf"}], ["cloud", {"method": "zhai_2018", "cloud": true, "shadow": false, "T1": 2.5, "t2": 0.5, "t3": 0.3333333333333333, "t4": 0.6666666666666666, "T7": 15, "T8": 15}], ["cloud", {"method": "zhai_2018", "cloud": false, "shadow": true, "T1": 2.5, "t2": 0.5, "t3": 0.3333333333333333, "t4": 0.6666666666666666, "T7": 15, "T8": 15}]], "apply_mask": [["ndi", {"band_1": 850, "band_2": 660, "min": 0.1, "max": 1.0}], ["ancillary", {"name": "slope", "min": 0.08726646259971647, "max": "+inf"}], ["ancillary", {"name": "cosine_i", "min": 0.12, "max": "+inf"}]], "c_fit_type": "nnls", "coeffs": {"4": 100000.0, "5": 100000.0, "6": 100000.0, "7": 100000.0, "8": 100000.0, "9": 100000.0, "10": 100000.0, "11": 100000.0, "12": 100000.0, "13": 100000.0, "14": 100000.0, "15": 100000.0, "16": 100000.0, "17": 100000.0, "18": 100000.0, "19": 100000.0, "20": 100000.0, "21": 100000.0, "22": 100000.0, "23": 100000.0, "24": 100000.0, "25": 100000.0, "26": 100000.0, "27": 100000.0, "28": 100000.0, "29": 100000.0, "30": 100000.0, "31": 100000.0, "32": 100000.0, "33": 100000.0, "34": 53.52300533803499, "35": 21.044304135464387, "36": 16.761605232095043, "37": 20.55870634894609, "38": 13.729309146323612, "39": 10.174459622712378, "40": 9.689820499730976, "41": 7.5469281159507675, "42": 6.824535866549982, "43": 7.067556767977983, "44": 6.603860736428767, "45": 6.753891250940972, "46": 5.859875096848041, "47": 5.7171190668759095, "48": 5.245744596019734, "49": 5.278865012920202, "50": 5.05475516404938, "51": 4.996694047986995, "52": 4.951751328133773, "53": 4.683434081922742, "54": 4.65433393650587, "55": 4.869805743139084, "56": 5.169992118984415, "57": 5.023337345224389, "58": 5.009611488963096, "59": 4.4707697871742855, "60": 5.16124219551327, "61": 4.774442025812217, "62": 4.505785260838922, "63": 4.387310925103262, "64": 4.667140990451199, "65": 6.11415595800057, "66": 8.322076856304335, "67": 8.421423451350426, "68": 79.19934813026705, "69": 100000.0, "70": 100000.0, "71": 100000.0, "72": 100000.0, "73": 100000.0, "74": 100000.0, "75": 100000.0, "76": 100000.0, "77": 100000.0, "78": 100000.0, "79": 100000.0, "80": 100000.0, "81": 100000.0, "82": 100000.0, "83": 100000.0, "84": 100000.0, "85": 100000.0, "86": 100000.0, "87": 100000.0, "88": 100000.0, "89": 100000.0, "90": 100000.0, "91": 100000.0, "92": 100000.0, "93": 100000.0, "94": 100000.0, "95": 100000.0, "96": 100000.0, "97": 100000.0, "98": 100000.0, "99": 100000.0, "100": 100000.0, "101": 100000.0, "102": 100000.0, "103": 100000.0, "104": 100000.0, "105": 100000.0, "106": 100000.0, "107": 100000.0, "108": 100000.0, "109": 100000.0, "110": 10.023664639378556, "111": 100000.0, "112": 301.63982904833904, "113": 100000.0, "114": 100000.0, "115": 100000.0, "116": 100000.0, "117": 100000.0, "118": 100000.0, "119": 100000.0, "120": 100000.0, "121": 100000.0, "122": 100000.0, "123": 100000.0, "124": 100000.0, "125": 100000.0, "126": 100000.0, "127": 100000.0, "128": 100000.0, "129": 100000.0, "130": 100000.0, "131": 100000.0, "132": 100000.0, "133": 100000.0, "134": 100000.0, "135": 100000.0, "136": 100000.0, "137": 100000.0, "138": 100000.0, "139": 100000.0, "140": 100000.0, "141": 100000.0, "142": 100000.0, "143": 100000.0, "144": 100000.0, "145": 100000.0, "146": 10.882620206645422, "147": 4.276206490523926, "148": 4.513965498319791, "149": 7.7116070399298335, "150": 6.45699534076929, "151": 31.60323966687376, "152": 5.0053920982370945, "153": 10.015835705431678, "154": 16.29836838774429, "155": 26.006857315882595, "156": 20.918426073153153, "157": 21.675625021472687, "158": 15.060142184928162, "159": 15.15408530916507, "160": 12.605375841760512, "161": 14.469582022454508, "162": 14.375741481664823, "163": 11.460998348889294, "164": 13.145731862989988, "165": 13.42034172924077, "166": 15.286641763426404, "167": 17.810232455253626, "168": 17.81260087293531, "169": 22.908621433114902, "170": 23.51263134409371, "171": 25.017402951083696, "172": 26.526328145924108, "173": 26.416475545961166, "174": 24.628689090383286, "175": 25.77727745388587, "176": 24.099595214603212, "177": 28.41953369052437, "178": 38.031063532042914, "179": 25.003029153482178, "180": 26.744492712490427, "181": 21.382628678258346, "182": 16.73471522420258, "183": 14.853599623922962, "184": 12.845130360168959, "185": 9.52577638344839, "186": 7.576277920082637, "187": 7.681636939469698, "188": 5.988595985645987, "189": 3.478998528071849, "190": 4.40539095082653, "210": 0.3452354700130182, "211": 0.48475059844510376, "212": 0.6105816174436254, "213": 0.6434460405324947, "214": 0.7695442122421785, "215": 0.6763803629409153, "216": 0.5252630525505712, "217": 0.3590367635973668, "218": 0.7679587539359191, "219": 0.6566235991150728, "220": 0.8453540004339359, "221": 1.057687665758045, "222": 1.0383265154855996, "223": 1.147639104309513, "224": 1.1073553877351983, "225": 1.2805271088130656, "226": 1.2703716644494216, "227": 1.3500868309969325, "228": 1.4116265839384359, "229": 1.4732568051609791, "230": 1.5572019365739838, "231": 1.5991950765737146, "232": 1.654572415469065, "233": 1.6907251076898246, "234": 1.7363547837486037, "235": 1.8066791973663079, "236": 1.845190525464594, "237": 1.8835983742628073, "238": 1.9335302497118994, "239": 2.0698557193548557, "240": 2.094509964127771, "241": 2.0981792718483, "242": 2.160643199764233, "243": 2.15901971391929, "244": 2.253183437523706, "245": 2.244428277953913, "246": 2.3359964309758077, "247": 2.309340314930368, "248": 2.377060534430711, "249": 2.370551099494452, "250": 2.3632097119436417, "251": 2.370594473400381, "252": 2.440825985928399, "253": 2.406142775331078, "254": 2.4187035364200695, "255": 2.423560628077098, "256": 2.385066679276096, "257": 2.432084793677581, "258": 2.376229978601308, "259": 2.362627985800378, "260": 2.2731548816362825, "261": 2.217943445478288, "262": 2.181876749568632, "263": 2.067133019696754, "264": 2.013957756168461, "265": 1.878315759278391, "266": 1.8615652035630044, "267": 1.8224419448311977, "268": 1.6555714582794034, "269": 1.7320867984272441, "270": 1.6443641084877056, "271": 1.703021760896867, "272": 1.621525262207117, "273": 1.6624570405518113, "274": 1.5074405319714654, "275": 1.5819940482789876, "276": 1.3601222874463, "277": 1.4365425325997625, "278": 1.2161500414488537, "279": 1.2617090142298204, "280": 1.0413549772684096, "281": 1.2622838123944355, "282": 0.7526919710305124, "283": 0.9444499303918793, "316": 0.42198371963051406, "317": 0.5223309005564107, "318": 0.46609032258307925, "319": 0.4136441714947557, "320": 0.4775002262979474, "321": 0.4361230820238265, "322": 0.47340406009441266, "323": 0.40019302766855125, "324": 0.47590341706925415, "325": 0.947504798826322, "326": 0.6268334232247033, "327": 0.7447665946341406, "328": 0.7648206339004544, "329": 0.6144420160481264, "330": 0.6355368485464165, "331": 0.5619336454484755, "332": 0.5993870081445918, "333": 0.5685865238608696, "334": 0.5885162887961194, "335": 0.6776844202227517, "336": 0.6269976995581277, "337": 0.6613273893046518, "338": 0.7095538596128883, "339": 0.6957193918553755, "340": 0.6784713594437444, "341": 0.6891478665816967, "342": 0.6773065808998494, "343": 0.6591799367110112, "344": 0.720942989217874, "345": 0.7046905164872718, "346": 0.7206713086629074, "347": 0.727586010037654, "348": 0.7400043994659404, "349": 0.7593754285366958, "350": 0.7572133580972586, "351": 0.7873197228308738, "352": 0.7757481363785029, "353": 0.7298934041106749, "354": 0.762945722902939, "355": 0.759651882953843, "356": 0.7394262029380104, "357": 0.8212724466061672, "358": 0.7736910269969893, "359": 0.81234142213529, "360": 0.7315133599357274, "361": 0.8238387285382343, "362": 0.7751547792701052, "363": 0.7908695819930233, "364": 0.7950057137578572, "365": 0.8342517419005383,