{"type": "scs+c", "calc_mask": [["ndi", {"band_1": 850, "band_2": 660, "min": 0.1, "max": 1.0}], ["ancillary", {"name": "slope", "min": 0.08726646259971647, "max": "+inf"}], ["ancillary", {"name": "cosine_i", "min": 0.12, "max": "+inf"}], ["cloud", {"method": "zhai_2018", "cloud": true, "shadow": false, "T1": 2.5, "t2": 0.5, "t3": 0.3333333333333333, "t4": 0.6666666666666666, "T7": 15, "T8": 15}], ["cloud", {"method": "zhai_2018", "cloud": false, "shadow": true, "T1": 2.5, "t2": 0.5, "t3": 0.3333333333333333, "t4": 0.6666666666666666, "T7": 15, "T8": 15}]], "apply_mask": [["ndi", {"band_1": 850, "band_2": 660, "min": 0.1, "max": 1.0}], ["ancillary", {"name": "slope", "min": 0.08726646259971647, "max": "+inf"}], ["ancillary", {"name": "cosine_i", "min": 0.12, "max": "+inf"}]], "c_fit_type": "nnls", "coeffs": {"4": 4.040402688957405, "5": 4.2009969821254645, "6": 4.948491775416054, "7": 5.35958802239199, "8": 5.990649186699499, "9": 6.380899065293449, "10": 6.639729202780289, "11": 6.369499209220468, "12": 6.090294968325131, "13": 5.801844458208334, "14": 5.488876605606588, "15": 5.293411082414724, "16": 5.10349511535136, "17": 4.874808115886174, "18": 4.727155058919549, "19": 4.642574480090371, "20": 4.604443914470666, "21": 4.495787850486406, "22": 4.408043828480569, "23": 4.390310761317384, "24": 4.418549223265939, "25": 4.626956560620217, "26": 5.356995077836552, "27": 6.776031345448115, "28": 9.370137062759936, "29": 14.12621889481939, "30": 21.179584508495545, "31": 27.63099188185359, "32": 26.988486707345594, "33": 24.595361621587575, "34": 20.985195147632403, "35": 15.21159402600267, "36": 10.34105987448267, "37": 7.037364488399, "38": 5.134916027292402, "39": 4.13961663768923, "40": 3.6084470873774057, "41": 3.139335042164924, "42": 2.7617112270484636, "43": 2.7125518838548826, "44": 2.7137360615224306, "45": 2.6168316539820022, "46": 2.468466649405243, "47": 2.3378642950453843, "48": 2.2435548666105967, "49": 2.1746163580862032, "50": 2.152942386174231, "51": 2.1107111372744733, "52": 1.9691982442215246, "53": 1.777425259812219, "54": 1.6807214279303009, "55": 1.6346475773017726, "56": 1.5777780536309525, "57": 1.5015421180065398, "58": 1.4410773024776158, "59": 1.3785265712243155, "60": 1.5004679455530758, "61": 1.5454419102126438, "62": 2.0050888258673245, "63": 3.3859090958862716, "64": 8.537140099842773, "65": 100000.0, "66": 100000.0, "67": 100000.0, "68": 100000.0, "69": 100000.0, "70": 100000.0, "71": 100000.0, "72": 100000.0, "73": 100000.0, "74": 100000.0, "75": 100000.0, "76": 100000.0, "77": 100000.0, "78": 100000.0, "79": 100000.0, "80": 100000.0, "81": 100000.0, "82": 100000.0, "83": 100000.0, "84": 100000.0, "85": 100000.0, "86": 100000.0, "87": 100000.0, "88": 100000.0, "89": 100000.0, "90": 100000.0, "91": 100000.0, "92": 100000.0, "93": 100000.0, "94": 100000.0, "95": 100000.0, "96": 100000.0, "97": 100000.0, "98": 100000.0, "99": 100000.0, "100": 100000.0, "101": 100000.0, "102": 100000.0, "103": 100000.0, "104": 100000.0, "105": 100000.0, "106": 100000.0, "107": 100000.0, "108": 100000.0, "109": 100000.0, "110": 100000.0, "111": 100000.0, "112": 100000.0, "113": 100000.0, "114": 100000.0, "115": 100000.0, "116": 100000.0, "117": 100000.0, "118": 100000.0, "119": 100000.0, "120": 100000.0, "121": 100000.0, "122": 100000.0, "123": 100000.0, "124": 100000.0, "125": 100000.0, "126": 100000.0, "127": 100000.0, "128": 100000.0, "129": 100000.0, "130": 100000.0, "131": 100000.0, "132": 100000.0, "133": 100000.0, "134": 100000.0, "135": 100000.0, "136": 100000.0, "137": 100000.0, "138": 100000.0, "139": 100000.0, "140": 100000.0, "141": 100000.0, "142": 100000.0, "143": 100000.0, "144": 100000.0, "145": 100000.0, "146": 100000.0, "147": 100000.0, "148": 100000.0, "149": 158.87910328758474, "150": 100000.0, "151": 100000.0, "152": 100000.0, "153": 100000.0, "154": 100000.0, "155": 100000.0, "156": 100000.0, "157": 100000.0, "158": 100000.0, "159": 100000.0, "160": 100000.0, "161": 100000.0, "162": 100000.0, "163": 100000.0, "164": 100000.0, "165": 100000.0, "166": 100000.0, "167": 100000.0, "168": 100000.0, "169": 100000.0, "170": 100000.0, "171": 100000.0, "172": 100000.0, "173": 100000.0, "174": 100000.0, "175": 100000.0, "176": 100000.0, "177": 100000.0, "178": 100000.0, "179": 100000.0, "180": 100000.0, "181": 100000.0, "182": 100000.0, "183": 100000.0, "184": 100000.0, "185": 100000.0, "186": 100000.0, "187": 100000.0, "188": 100000.0, "189": 100000.0, "190": 26.412765184142394, "210": 1.044559147771895, "211": 0.9753782389297156, "212": 0.8918568565680682, "213": 0.9179064298280761, "214": 0.7793123860627192, "215": 0.8797957929661828, "216": 0.8554557336285497, "217": 0.8033317147249186, "218": 0.8204202152332446, "219": 0.9275011646642252, "220": 1.0382398462285296, "221": 1.1135211636228384, "222": 1.2887512029416754, "223": 1.4521369704311662, "224": 1.5454975298923985, "225": 1.686298254393537, "226": 1.795812754009878, "227": 1.8952757507636995, "228": 2.091323758263516, "229": 2.1868806206333913, "230": 2.339953551077551, "231": 2.4786299639296576, "232": 2.569856934863405, "233": 2.7233571523895006, "234": 2.8481972408739353, "235": 2.986635327752359, "236": 3.115042160953791, "237": 3.2107643864206064, "238": 3.3262737116693915, "239": 3.4670859673611587, "240": 3.5789394484121093, "241": 3.702428372111937, "242": 3.8586246418772654, "243": 4.008670510064491, "244": 4.100927709997147, "245": 4.236878808569607, "246": 4.393804380838804, "247": 4.682970913354529, "248": 4.80620892052247, "249": 4.909234605507085, "250": 5.0257603266328355, "251": 5.102273390324363, "252": 5.067846238369631, "253": 5.097330282714793, "254": 5.025388170060224, "255": 4.967508732560372, "256": 4.980342715157245, "257": 5.000401472644755, "258": 4.981179464705909, "259": 4.8596065024518245, "260": 4.78414207106392, "261": 4.67148355808451, "262": 4.510724471516457, "263": 4.36556540119424, "264": 4.290689675045653, "265": 4.020037951196361, "266": 3.887513248070859, "267": 3.8702710069197463, "268": 3.61768903840325, "269": 3.5790456066129916, "270": 3.4424269385821176, "271": 3.2729459968867545, "272": 3.2183498074508488, "273": 3.018206897557939, "274": 3.038204672089098, "275": 2.871961759004301, "276": 2.708741134785608, "277": 2.5322810566441794, "278": 2.5102540355690888, "279": 2.2267619893704005, "280": 2.1637378991396417, "281": 2.0911459007611657, "282": 1.924793156161834, "283": 1.7321244864946272, "316": 0.28333370240229855, "317": 0.34854023988791305, "318": 0.35477572285811626, "319": 0.3759550343576063, "320": 0.4024551884750213, "321": 0.4237124157371799, "322": 0.46700589087889977, "323": 0.5390244832599265, "324": 0.5726738068402889, "325": 0.613593754145467, "326": 0.6334150976328624, "327": 0.614130230726527, "328": 0.6214635940667889, "329": 0.6157428141821658, "330": 0.6232303481084763, "331": 0.6290042433464887, "332": 0.6323270613627693, "333": 0.6577530244042283, "334": 0.6545251758282449, "335": 0.6451653330337618, "336": 0.653663542714979, "337": 0.6660234144567317, "338": 0.6703144508458054, "339": 0.674239265542619, "340": 0.6867209177120668, "341": 0.7003600370400519, "342": 0.7072983432625711, "343": 0.7075708104931944, "344": 0.7291628611329602, "345": 0.7478312192674982, "346": 0.7604712753290829, "347": 0.7657814113116073, "348": 0.7855540641228136, "349": 0.8065621484358888, "350": 0.8340179673336267, "351": 0.8572868748492642, "352": 0.8907857048667371, "353": 0.9099632500601951, "354": 0.9290429284353018, "355": 0.9801234574233666, "356": 1.0089456517974602, "357": 1.055640776283359, "358": 1.0867420663461382, "359": 1.1395346192091136, "360": 1.168961315829762, "361": 1.2495684996163898, "362": 1.3272301817611027, "363": 1.3752912598061247, "364": 1.4512653790500032, "365": 1.4750560395381607, "366": 1.4411384675780792, "367": 1.4008164039971942, "368": 1.3562058884517576, "369": 1.310996858621398, "370": 1.2503369034826122, "371": 1.1862399014687968, "372": 1.119662725729184,