{"type": "scs+c", "calc_mask": [["ndi", {"band_1": 850, "band_2": 660, "min": 0.1, "max": 1.0}], ["ancillary", {"name": "slope", "min": 0.08726646259971647, "max": "+inf"}], ["ancillary", {"name": "cosine_i", "min": 0.12, "max": "+inf"}], ["cloud", {"method": "zhai_2018", "cloud": true, "shadow": false, "T1": 2.5, "t2": 0.5, "t3": 0.3333333333333333, "t4": 0.6666666666666666, "T7": 15, "T8": 15}], ["cloud", {"method": "zhai_2018", "cloud": false, "shadow": true, "T1": 2.5, "t2": 0.5, "t3": 0.3333333333333333, "t4": 0.6666666666666666, "T7": 15, "T8": 15}]], "apply_mask": [["ndi", {"band_1": 850, "band_2": 660, "min": 0.1, "max": 1.0}], ["ancillary", {"name": "slope", "min": 0.08726646259971647, "max": "+inf"}], ["ancillary", {"name": "cosine_i", "min": 0.12, "max": "+inf"}]], "c_fit_type": "nnls", "coeffs": {"4": 1.9830323249207562, "5": 1.7747005339814732, "6": 1.5703084274336745, "7": 1.3379726173251996, "8": 1.235772995509799, "9": 1.1387124763576209, "10": 1.1431024228821183, "11": 1.101809557435725, "12": 1.0419414878876492, "13": 0.9822116667087886, "14": 0.9156354938424403, "15": 0.8462646117153516, "16": 0.7682093774641411, "17": 0.6923315042415502, "18": 0.6396752009922796, "19": 0.5952048710181458, "20": 0.5496875725619521, "21": 0.5075136569445392, "22": 0.47101706136545507, "23": 0.45471973542752536, "24": 0.4612171507015208, "25": 0.49336196585955566, "26": 0.5752427036654648, "27": 0.7184031091696689, "28": 0.9010048036304037, "29": 1.0947639872603354, "30": 1.2283760079469126, "31": 1.2652589072877822, "32": 1.2064482003582442, "33": 1.1213610720410334, "34": 1.0184417058217032, "35": 0.8523420700686732, "36": 0.6670053405321922, "37": 0.4752848206973842, "38": 0.3202597151076095, "39": 0.2028947882376005, "40": 0.12395627211921062, "41": 0.05899348368870698, "42": 0.00841953200732721, "43": 0.0, "44": 0.0, "45": 0.0, "46": 0.0, "47": 0.0, "48": 0.0, "49": 0.0, "50": 0.0, "51": 0.0, "52": 0.0, "53": 0.0, "54": 0.0, "55": 0.0, "56": 0.0, "57": 0.0, "58": 0.0, "59": 0.0, "60": 0.0, "61": 0.0, "62": 0.0, "63": 0.0, "64": 0.16013172543858334, "65": 0.5025558341359078, "66": 1.063409641529543, "67": 1.8736583782787044, "68": 4.650745663540315, "69": 33.70480867441506, "70": 100000.0, "71": 100000.0, "72": 100000.0, "73": 100000.0, "74": 100000.0, "75": 100000.0, "76": 100000.0, "77": 100000.0, "78": 100000.0, "79": 100000.0, "80": 100000.0, "81": 100000.0, "82": 100000.0, "83": 100000.0, "84": 100000.0, "85": 100000.0, "86": 100000.0, "87": 100000.0, "88": 100000.0, "89": 100000.0, "90": 100000.0, "91": 100000.0, "92": 100000.0, "93": 100000.0, "94": 100000.0, "95": 100000.0, "96": 100000.0, "97": 100000.0, "98": 100000.0, "99": 100000.0, "100": 100000.0, "101": 100000.0, "102": 100000.0, "103": 100000.0, "104": 100000.0, "105": 100000.0, "106": 100000.0, "107": 100000.0, "108": 100000.0, "109": 100000.0, "110": 100000.0, "111": 100000.0, "112": 100000.0, "113": 100000.0, "114": 100000.0, "115": 100000.0, "116": 100000.0, "117": 100000.0, "118": 100000.0, "119": 100000.0, "120": 100000.0, "121": 100000.0, "122": 100000.0, "123": 100000.0, "124": 100000.0, "125": 100000.0, "126": 100000.0, "127": 100000.0, "128": 100000.0, "129": 100000.0, "130": 100000.0, "131": 100000.0, "132": 100000.0, "133": 100000.0, "134": 100000.0, "135": 100000.0, "136": 100000.0, "137": 100000.0, "138": 100000.0, "139": 100000.0, "140": 100000.0, "141": 100000.0, "142": 100000.0, "143": 100000.0, "144": 100000.0, "145": 100000.0, "146": 100000.0, "147": 100000.0, "148": 100000.0, "149": 16.70254715967649, "150": 100000.0, "151": 100000.0, "152": 100000.0, "153": 31.365142242465257, "154": 374.69261067132675, "155": 100000.0, "156": 100000.0, "157": 100000.0, "158": 100000.0, "159": 100000.0, "160": 100000.0, "161": 100000.0, "162": 100000.0, "163": 100000.0, "164": 100000.0, "165": 100000.0, "166": 100000.0, "167": 100000.0, "168": 100000.0, "169": 100000.0, "170": 100000.0, "171": 100000.0, "172": 100000.0, "173": 100000.0, "174": 100000.0, "175": 100000.0, "176": 100000.0, "177": 100000.0, "178": 100000.0, "179": 100000.0, "180": 100000.0, "181": 100000.0, "182": 100000.0, "183": 100000.0, "184": 100000.0, "185": 100000.0, "186": 100000.0, "187": 100000.0, "188": 100000.0, "189": 17.802969385819814, "190": 6.490553167535196, "210": 0.0, "211": 0.0, "212": 0.0, "213": 0.0, "214": 0.0, "215": 0.0, "216": 0.0, "217": 0.0, "218": 0.0, "219": 0.0, "220": 0.0, "221": 0.019369081193233956, "222": 0.0743906930794579, "223": 0.132767785674116, "224": 0.1687504996501163, "225": 0.2161469058525588, "226": 0.25655331887276506, "227": 0.29986198887325927, "228": 0.35719140208926436, "229": 0.39813290308839944, "230": 0.4536480743107331, "231": 0.5054759522870125, "232": 0.5528800753497894, "233": 0.6055867912762084, "234": 0.6571137790110292, "235": 0.7061314028177252, "236": 0.7589130738882585, "237": 0.7992426133332126, "238": 0.8507891652391716, "239": 0.9069717380353691, "240": 0.964906792128589, "241": 1.020150462115477, "242": 1.0794626846759006, "243": 1.1244199603360323, "244": 1.1833557119519134, "245": 1.2329222213686026, "246": 1.2936099829940473, "247": 1.3593394127412275, "248": 1.4122619986511942, "249": 1.453690129356051, "250": 1.4989622334082884, "251": 1.5261090143400584, "252": 1.556769905655031, "253": 1.5845923837820453, "254": 1.5984554128896467, "255": 1.5842171309765585, "256": 1.5583554802811281, "257": 1.5351711600707125, "258": 1.50074418129908, "259": 1.4512888283740786, "260": 1.4179424516977233, "261": 1.3448697747149472, "262": 1.2722854989284955, "263": 1.2009492359569456, "264": 1.1358783427357688, "265": 1.0486436894703794, "266": 0.9924908205733087, "267": 0.9485505453742535, "268": 0.8855175226172572, "269": 0.8572970333502618, "270": 0.8501732099351071, "271": 0.8465779175279324, "272": 0.8198731884137319, "273": 0.7764447009785839, "274": 0.7515157446806119, "275": 0.7142942970386266, "276": 0.668867298510641, "277": 0.6363876789277438, "278": 0.6093344397767763, "279": 0.5559219574799777, "280": 0.5284606989907226, "281": 0.4834621324226309, "282": 0.41236746690148773, "283": 0.3263898631249229, "316": 0.0, "317": 0.0, "318": 0.0, "319": 0.0, "320": 0.0, "321": 0.0, "322": 0.0, "323": 0.0, "324": 0.0, "325": 0.0, "326": 0.0, "327": 0.0, "328": 0.0, "329": 0.0, "330": 0.0, "331": 0.0, "332": 0.0, "333": 0.0, "334": 0.0, "335": 0.0, "336": 0.0, "337": 0.0, "338": 0.0, "339": 0.0, "340": 0.0, "341": 0.0, "342": 0.0, "343": 0.0, "344": 0.0, "345": 0.0, "346": 0.0, "347": 0.0, "348": 0.0, "349": 0.0, "350": 0.009532672802271151, "351": 0.016850161540578414, "352": 0.027625102903055854, "353": 0.034210850914613684, "354": 0.04644030521555078, "355": 0.05910015055224935, "356": 0.07433782144762432, "357": 0.08980867925809588, "358": 0.10188101772056993, "359": 0.11271313389509532, "360": 0.13205013960228768, "361": 0.15449353826283777, "362": 0.17841372018354587, "363": 0.208291625193998, "364": 0.24535637603904137, "365": 0.25806855788156857, "366": 0.23665844654752347, "367": 0.21402370571075427, "368": 0.19552034606873675, "369": 0.17420545251384004, "370": 0.15630411915153353, "371": 0.13392524140039175, "372": 0.11224103649645834, "373": 0.08961539194412277, "374": 0.07044732988755482, "375": 0.045547556060430275, "376": 0.024600461237785514, "377": 0.005982690183028029, "378": 0.0, "379": 0.0, "380": 0.0, "381": 0.0, "382": 0.0, "383": 0.0, "384": 0.0, "385": 0.0, "386": 0.0, "387": 0.0, "388": 0.0, "389": 0.0, "390": 0.0, "391": 0.0, "392": 0.0, "393": 0.0, "394": 0.0, "395": 0.0, "396": 0.0, "397": 0.0, "398": 0.0, "399": 0.0, "400": 0.0, "401": 0.0, "402": 0.0, "403": 0.0, "404": 0.0, "405": 0.0, "406": 0.0, "407": 0.0, "408": 0.0, "409": 0.0, "410": 0.0, "411": 0.0, "412": 0.0, "413": 0.0}}