{"type": "scs+c", "calc_mask": [["ndi", {"band_1": 850, "band_2": 660, "min": 0.1, "max": 1.0}], ["ancillary", {"name": "slope", "min": 0.08726646259971647, "max": "+inf"}], ["ancillary", {"name": "cosine_i", "min": 0.12, "max": "+inf"}], ["cloud", {"method": "zhai_2018", "cloud": true, "shadow": false, "T1": 2.5, "t2": 0.5, "t3": 0.3333333333333333, "t4": 0.6666666666666666, "T7": 15, "T8": 15}], ["cloud", {"method": "zhai_2018", "cloud": false, "shadow": true, "T1": 2.5, "t2": 0.5, "t3": 0.3333333333333333, "t4": 0.6666666666666666, "T7": 15, "T8": 15}]], "apply_mask": [["ndi", {"band_1": 850, "band_2": 660, "min": 0.1, "max": 1.0}], ["ancillary", {"name": "slope", "min": 0.08726646259971647, "max": "+inf"}], ["ancillary", {"name": "cosine_i", "min": 0.12, "max": "+inf"}]], "c_fit_type": "nnls", "coeffs": {"4": 100000.0, "5": 100000.0, "6": 100000.0, "7": 100000.0, "8": 100000.0, "9": 100000.0, "10": 100000.0, "11": 100000.0, "12": 100000.0, "13": 100000.0, "14": 100000.0, "15": 100000.0, "16": 100000.0, "17": 100000.0, "18": 100000.0, "19": 100000.0, "20": 100000.0, "21": 162.85082188277278, "22": 65.10532571939495, "23": 45.649086886250196, "24": 38.906717812163976, "25": 49.90529202462963, "26": 5158.8242706439205, "27": 100000.0, "28": 100000.0, "29": 100000.0, "30": 100000.0, "31": 100000.0, "32": 100000.0, "33": 100000.0, "34": 100000.0, "35": 100000.0, "36": 100000.0, "37": 100000.0, "38": 23.8743206734856, "39": 12.313378746466451, "40": 9.051803850744506, "41": 6.904728798033054, "42": 5.5642221385252615, "43": 5.3235116577437624, "44": 5.221846231090728, "45": 4.8433773616273115, "46": 4.358690302125492, "47": 3.962462846352118, "48": 3.6798318692694933, "49": 3.462457421031229, "50": 3.390836485857175, "51": 3.2834375665035735, "52": 3.0331128360036677, "53": 2.6459600090453286, "54": 2.4686811824906583, "55": 2.324380100872122, "56": 2.1915574392930504, "57": 2.0282206936545517, "58": 1.9064277031443717, "59": 1.769242415224408, "60": 1.9771172030861754, "61": 1.9986077973741896, "62": 2.6911948869576547, "63": 5.042142957325086, "64": 19.961310246933447, "65": 100000.0, "66": 100000.0, "67": 100000.0, "68": 100000.0, "69": 100000.0, "70": 100000.0, "71": 100000.0, "72": 100000.0, "73": 100000.0, "74": 100000.0, "75": 100000.0, "76": 100000.0, "77": 100000.0, "78": 100000.0, "79": 100000.0, "80": 100000.0, "81": 100000.0, "82": 100000.0, "83": 100000.0, "84": 100000.0, "85": 100000.0, "86": 100000.0, "87": 100000.0, "88": 100000.0, "89": 100000.0, "90": 100000.0, "91": 100000.0, "92": 100000.0, "93": 100000.0, "94": 100000.0, "95": 100000.0, "96": 100000.0, "97": 100000.0, "98": 100000.0, "99": 100000.0, "100": 100000.0, "101": 100000.0, "102": 100000.0, "103": 100000.0, "104": 100000.0, "105": 100000.0, "106": 100000.0, "107": 100000.0, "108": 100000.0, "109": 100000.0, "110": 100000.0, "111": 100000.0, "112": 100000.0, "113": 100000.0, "114": 100000.0, "115": 100000.0, "116": 100000.0, "117": 100000.0, "118": 100000.0, "119": 100000.0, "120": 100000.0, "121": 100000.0, "122": 100000.0, "123": 100000.0, "124": 100000.0, "125": 100000.0, "126": 100000.0, "127": 100000.0, "128": 100000.0, "129": 100000.0, "130": 100000.0, "131": 100000.0, "132": 100000.0, "133": 100000.0, "134": 100000.0, "135": 100000.0, "136": 100000.0, "137": 100000.0, "138": 100000.0, "139": 100000.0, "140": 100000.0, "141": 100000.0, "142": 100000.0, "143": 100000.0, "144": 100000.0, "145": 100000.0, "146": 100000.0, "147": 100000.0, "148": 100000.0, "149": 100000.0, "150": 100000.0, "151": 100000.0, "152": 100000.0, "153": 100000.0, "154": 100000.0, "155": 100000.0, "156": 100000.0, "157": 100000.0, "158": 100000.0, "159": 100000.0, "160": 100000.0, "161": 100000.0, "162": 100000.0, "163": 100000.0, "164": 100000.0, "165": 100000.0, "166": 100000.0, "167": 100000.0, "168": 100000.0, "169": 100000.0, "170": 100000.0, "171": 100000.0, "172": 100000.0, "173": 100000.0, "174": 100000.0, "175": 100000.0, "176": 100000.0, "177": 100000.0, "178": 100000.0, "179": 100000.0, "180": 100000.0, "181": 100000.0, "182": 100000.0, "183": 100000.0, "184": 100000.0, "185": 100000.0, "186": 100000.0, "187": 100000.0, "188": 100000.0, "189": 100000.0, "190": 100000.0, "210": 0.9547775311627437, "211": 0.9423057271905553, "212": 0.9752473077106373, "213": 1.0868067620306525, "214": 1.0621199894642794, "215": 1.1591413457154445, "216": 1.1142719980848648, "217": 0.9937644510615131, "218": 1.097637571318327, "219": 1.1872599038121319, "220": 1.335434615084608, "221": 1.4764247425098957, "222": 1.6911587424040493, "223": 1.9163040572075232, "224": 2.0365040306217503, "225": 2.2488696978917004, "226": 2.4050447233290067, "227": 2.570514987773446, "228": 2.8544278848354505, "229": 3.0194657245600083, "230": 3.264907147858284, "231": 3.492772298156432, "232": 3.6812478161222533, "233": 3.9409129031661227, "234": 4.170936933740234, "235": 4.411608397979408, "236": 4.64679989867943, "237": 4.75357258067165, "238": 4.935511450652092, "239": 5.25181282593453, "240": 5.534931365711924, "241": 5.794900486762769, "242": 6.070748449326125, "243": 6.191591216636514, "244": 6.280315833447227, "245": 6.484473198201352, "246": 6.852793371586457, "247": 7.34469682533402, "248": 7.560591590309158, "249": 7.6341002413054575, "250": 7.811004497629732, "251": 7.902949815324678, "252": 7.885081387769956, "253": 7.9563247986752135, "254": 7.931690885132767, "255": 7.869214951524981, "256": 7.741290444286638, "257": 7.783263647520767, "258": 7.694004265883483, "259": 7.4265202864676585, "260": 7.2384080685031575, "261": 6.893420391353047, "262": 6.5910913316718815, "263": 6.315410920410636, "264": 6.101629365119642, "265": 5.5648067903015175, "266": 5.416762390965798, "267": 5.321291511608706, "268": 4.8854789545698925, "269": 4.838428962820499, "270": 4.59378828637894, "271": 4.384013806398399, "272": 4.243188975376554, "273": 4.002551515425163, "274": 3.9436427343974003, "275": 3.737989367770883, "276": 3.4589158673100475, "277": 3.2775228993533037, "278": 3.1235033538605945, "279": 2.8424447084267253, "280": 2.720099375098157, "281": 2.6681807559821022, "282": 2.3000655822000855, "283": 2.163557773388981, "316": 0.3738638139181821, "317": 0.44146143493930384, "318": 0.4629599250770583, "319": 0.48797419658795355, "320": 0.5179583774974865, "321": 0.5342877950381978, "322": 0.5545186407424565, "323": 0.531643738145272, "324": 0.5234595031350476, "325": 0.6071988348868469, "326": 0.6101666806320164, "327": 0.6706116994650235, "328": 0.7235948530464037, "329": 0.7485684345611939, "330": 0.7814986852990927, "331": 0.7938549135885696, "332": 0.8099060584342239, "333": 0.8172928579220186, "334": 0.8167491801105652, "335": 0.8445732124777601, "336": 0.8584289457077201, "337": 0.8895812999439294, "338": 0.9243979320090079, "339": 0.9563102188039689, "340": 0.9796479928413776, "341": 1.0097735162977362, "342": 1.032051223492524, "343": 1.0440232221902506, "344": 1.0834956231662833, "345": 1.1110759989231982, "346": 1.1320996039868763, "347": 1.1460369397321801, "348": 1.1734066885190206, "349": 1.205696567397295, "350": 1.2376836106025952, "351": 1.266108498415088, "352": 1.3020125802946845, "353": 1.3160762844013203, "354": 1.348464351296618, "355": 1.4026339104515917, "356": 1.4351753558806377, "357": 1.4954696938520782, "358": 1.5325046495654044, "359": 1.5979459200556372, "360": 1.6316911306507966, "361": 1.7516933359553084, "362": 1.8316668594105552, "363": 1.8907335980869588, "364": 1.9926161509215532, "365": 2.0428094386193405, "366": 1.982662053978575, "367": 1.9327802209287457, "368": 1.874293185492195, "369": 1.8281236148194857, "370": 1.7660938880667687, "371": 1.71702694433912, "372": 1.6627057141303898, "373": 1.625259283183395, "374": 1.5712897944408541, "375": 1.5124249864776504, "376": 1.4540384006496443, "377": 1.403997797675618, "378": 1.3754674329835619, "379": 1.3583836141366155, "380": 1.3415034131958603, "381": 1.3144086250017486, "382": 1.2812077551262828, "383": 1.2532098652694712,