{"type": "scs+c", "calc_mask": [["ndi", {"band_1": 850, "band_2": 660, "min": 0.1, "max": 1.0}], ["ancillary", {"name": "slope", "min": 0.08726646259971647, "max": "+inf"}], ["ancillary", {"name": "cosine_i", "min": 0.12, "max": "+inf"}], ["cloud", {"method": "zhai_2018", "cloud": true, "shadow": false, "T1": 2.5, "t2": 0.5, "t3": 0.3333333333333333, "t4": 0.6666666666666666, "T7": 15, "T8": 15}], ["cloud", {"method": "zhai_2018", "cloud": false, "shadow": true, "T1": 2.5, "t2": 0.5, "t3": 0.3333333333333333, "t4": 0.6666666666666666, "T7": 15, "T8": 15}]], "apply_mask": [["ndi", {"band_1": 850, "band_2": 660, "min": 0.1, "max": 1.0}], ["ancillary", {"name": "slope", "min": 0.08726646259971647, "max": "+inf"}], ["ancillary", {"name": "cosine_i", "min": 0.12, "max": "+inf"}]], "c_fit_type": "nnls", "coeffs": {"4": 100000.0, "5": 100000.0, "6": 100000.0, "7": 100000.0, "8": 100000.0, "9": 100000.0, "10": 100000.0, "11": 100000.0, "12": 100000.0, "13": 100000.0, "14": 100000.0, "15": 100000.0, "16": 100000.0, "17": 100000.0, "18": 100000.0, "19": 100000.0, "20": 100000.0, "21": 100000.0, "22": 100000.0, "23": 100000.0, "24": 100000.0, "25": 100000.0, "26": 100000.0, "27": 100000.0, "28": 100000.0, "29": 100000.0, "30": 100000.0, "31": 100000.0, "32": 100000.0, "33": 100000.0, "34": 100000.0, "35": 100000.0, "36": 100000.0, "37": 100000.0, "38": 100000.0, "39": 100000.0, "40": 100000.0, "41": 100000.0, "42": 360.01995585758283, "43": 215.96303709308643, "44": 224.8100002424132, "45": 107.75984470680133, "46": 59.781381450936685, "47": 42.18161857954362, "48": 33.69742451470575, "49": 27.27669582769028, "50": 25.982444534774334, "51": 25.319288633913725, "52": 21.492996742501468, "53": 16.17116969411825, "54": 14.514013838158906, "55": 14.009657037706681, "56": 13.409550034676087, "57": 12.085900280283191, "58": 11.0297839964074, "59": 9.946269914135506, "60": 11.864953148293196, "61": 10.704809781023876, "62": 16.925003049843884, "63": 375.12458514903375, "64": 100000.0, "65": 100000.0, "66": 100000.0, "67": 100000.0, "68": 100000.0, "69": 100000.0, "70": 100000.0, "71": 100000.0, "72": 100000.0, "73": 100000.0, "74": 100000.0, "75": 100000.0, "76": 100000.0, "77": 100000.0, "78": 100000.0, "79": 100000.0, "80": 100000.0, "81": 100000.0, "82": 100000.0, "83": 100000.0, "84": 100000.0, "85": 100000.0, "86": 100000.0, "87": 100000.0, "88": 100000.0, "89": 100000.0, "90": 100000.0, "91": 100000.0, "92": 100000.0, "93": 100000.0, "94": 100000.0, "95": 100000.0, "96": 100000.0, "97": 100000.0, "98": 100000.0, "99": 100000.0, "100": 100000.0, "101": 100000.0, "102": 100000.0, "103": 100000.0, "104": 100000.0, "105": 100000.0, "106": 100000.0, "107": 100000.0, "108": 100000.0, "109": 100000.0, "110": 100000.0, "111": 100000.0, "112": 100000.0, "113": 100000.0, "114": 100000.0, "115": 100000.0, "116": 100000.0, "117": 100000.0, "118": 100000.0, "119": 100000.0, "120": 100000.0, "121": 100000.0, "122": 100000.0, "123": 100000.0, "124": 100000.0, "125": 100000.0, "126": 100000.0, "127": 100000.0, "128": 100000.0, "129": 100000.0, "130": 100000.0, "131": 100000.0, "132": 100000.0, "133": 100000.0, "134": 100000.0, "135": 100000.0, "136": 100000.0, "137": 100000.0, "138": 100000.0, "139": 100000.0, "140": 100000.0, "141": 100000.0, "142": 100000.0, "143": 100000.0, "144": 100000.0, "145": 100000.0, "146": 100000.0, "147": 100000.0, "148": 100000.0, "149": 100000.0, "150": 100000.0, "151": 100000.0, "152": 100000.0, "153": 100000.0, "154": 100000.0, "155": 100000.0, "156": 100000.0, "157": 100000.0, "158": 100000.0, "159": 100000.0, "160": 100000.0, "161": 100000.0, "162": 100000.0, "163": 100000.0, "164": 100000.0, "165": 100000.0, "166": 100000.0, "167": 100000.0, "168": 100000.0, "169": 100000.0, "170": 100000.0, "171": 100000.0, "172": 100000.0, "173": 100000.0, "174": 100000.0, "175": 100000.0, "176": 100000.0, "177": 100000.0, "178": 100000.0, "179": 100000.0, "180": 100000.0, "181": 100000.0, "182": 100000.0, "183": 100000.0, "184": 100000.0, "185": 100000.0, "186": 100000.0, "187": 100000.0, "188": 100000.0, "189": 100000.0, "190": 100000.0, "210": 2.4135817266150275, "211": 2.339718549734258, "212": 2.3907168851391125, "213": 2.717051390518378, "214": 2.2281784404163836, "215": 2.5090307856970444, "216": 2.419950964475959, "217": 2.0665605950912718, "218": 2.284769393364337, "219": 2.437100359578582, "220": 2.7271910555452306, "221": 3.048992653013723, "222": 3.601433386377175, "223": 4.188219909307561, "224": 4.433626135274339, "225": 4.9028330672352, "226": 5.192656302991526, "227": 5.484010399968649, "228": 6.129857588787777, "229": 6.373625614574451, "230": 6.83780664991915, "231": 7.23952714386505, "232": 7.448879101180837, "233": 7.932763597483886, "234": 8.232125245862756, "235": 8.567052142993978, "236": 8.900289512071215, "237": 8.859239542509625, "238": 9.050265858287043, "239": 9.523458725686258, "240": 9.93769916326677, "241": 10.230456299582345, "242": 10.6214450290938, "243": 10.606717008306456, "244": 10.523260529331077, "245": 10.658432167821228, "246": 11.16614600226513, "247": 12.015100720155147, "248": 12.168531570554027, "249": 12.121482387421723, "250": 12.224340391812568, "251": 12.225868131385825, "252": 11.979852082671805, "253": 11.974962072201917, "254": 11.71208742153967, "255": 11.428305825600647, "256": 11.104456379817353, "257": 11.028452505073572, "258": 10.864242037798604, "259": 10.446554003468743, "260": 10.144127464177874, "261": 9.590676539201906, "262": 9.080121273946148, "263": 8.523923991645404, "264": 8.123509817121104, "265": 7.353412419441497, "266": 7.034348431927942, "267": 6.9216749173683665, "268": 6.272950991281005, "269": 6.314922497193503, "270": 6.098213587426155, "271": 5.967064454966307, "272": 5.9160938618973695, "273": 5.646301566309759, "274": 5.61637347383755, "275": 5.40340425584557, "276": 5.002849261820999, "277": 4.781528777133608, "278": 4.563067650396059, "279": 4.149708242132384, "280": 3.8989507876877325, "281": 3.837833246480973, "282": 2.9742271575946257, "283": 2.8898298664170445, "316": 1.1626131322938973, "317": 1.3657555288673708, "318": 1.414271302353396, "319": 1.4789029878180744, "320": 1.5655848453011425, "321": 1.5893024990729419, "322": 1.6510292484258855, "323": 1.5713058846234322, "324": 1.5015122084177777, "325": 1.7181328569299261, "326": 1.6873556153116118, "327": 1.80858327912994, "328": 2.0053948860561954, "329": 2.0974369263271058, "330": 2.2222093134233165, "331": 2.2385641018196885, "332": 2.2701629148760865, "333": 2.271691378663048, "334": 2.205093310377423, "335": 2.2858955369253597, "336": 2.292281495585943, "337": 2.3420447422757014, "338": 2.4289426946119237, "339": 2.512986338665124, "340": 2.547892559792876, "341": 2.605720618764891, "342": 2.6324796930032073, "343": 2.617302489214682, "344": 2.7052623590836116, "345": 2.7419508628547096, "346": 2.751309905913305, "347": 2.7377584812329663, "348": 2.7715697432596165, "349": 2.8157660473801083, "350": 2.8624235114752876, "351": 2.901973329738332, "352": 2.958428956527244, "353": 2.941834805918815, "354": 2.9852531489403953, "355": 3.0956867330027693, "356": 3.1482666494271876, "357": 3.2824864810949186, "358": 3.3322801286288417, "359": 3.46968851859575, "360": 3.4857217566214946, "361": 3.7798894844209054, "362": 3.948596430288477, "363": 4.060375487002599, "364": 4.328627103561568, "365": 4.518052205270818, "366": 4.412776593301259, "367": 4.349153847275867, "368": 4.214967516413322, "369": 4.1080830901861365, "370": 3.93771793576498, "371": 3.8233199079975604, "372": 3.677872537973682, "373": 3.582529422623246, "374": 3.439879105192238, "375": 3.297764435071731, "376": 3.162513848390538, "377": 3.0444047284989457, "378": 2.9831981240941534, "379": 2.9368616753284478, "380": 2.865887553512351, "381": 2.77505628143299, "382": 2.65638576423899, "383": 2.6155672862142834, "384": 2.589980995985493, "385": 2.5832878268155897, "386": 2.6034303500013456, "387": 2.65811872622155, "388": 2.7524543442431937,