{"type": "scs+c", "calc_mask": [["ndi", {"band_1": 850, "band_2": 660, "min": 0.1, "max": 1.0}], ["ancillary", {"name": "slope", "min": 0.08726646259971647, "max": "+inf"}], ["ancillary", {"name": "cosine_i", "min": 0.12, "max": "+inf"}], ["cloud", {"method": "zhai_2018", "cloud": true, "shadow": false, "T1": 2.5, "t2": 0.5, "t3": 0.3333333333333333, "t4": 0.6666666666666666, "T7": 15, "T8": 15}], ["cloud", {"method": "zhai_2018", "cloud": false, "shadow": true, "T1": 2.5, "t2": 0.5, "t3": 0.3333333333333333, "t4": 0.6666666666666666, "T7": 15, "T8": 15}]], "apply_mask": [["ndi", {"band_1": 850, "band_2": 660, "min": 0.1, "max": 1.0}], ["ancillary", {"name": "slope", "min": 0.08726646259971647, "max": "+inf"}], ["ancillary", {"name": "cosine_i", "min": 0.12, "max": "+inf"}]], "c_fit_type": "nnls", "coeffs": {"4": 2.719098065585593, "5": 3.0700573711951322, "6": 3.86789248366022, "7": 4.782250587338335, "8": 6.217159253965486, "9": 7.940557991008867, "10": 10.400088526294178, "11": 16.24636901191351, "12": 14.799830889924648, "13": 17.38921564085253, "14": 20.221340285411966, "15": 23.302965914329512, "16": 25.000733627550748, "17": 25.377494234989626, "18": 26.248949776749328, "19": 27.309927095050615, "20": 28.787790518947013, "21": 28.62127220024761, "22": 31.261421885365312, "23": 39.203884930315695, "24": 63.34739370305219, "25": 100000.0, "26": 100000.0, "27": 100000.0, "28": 100000.0, "29": 100000.0, "30": 100000.0, "31": 100000.0, "32": 100000.0, "33": 100000.0, "34": 100000.0, "35": 100000.0, "36": 100000.0, "37": 100000.0, "38": 100000.0, "39": 100000.0, "40": 100000.0, "41": 63.763930844331796, "42": 18.313626067166762, "43": 16.78937127115883, "44": 17.753132642828245, "45": 14.732799058371656, "46": 11.272695295422363, "47": 9.05808716830149, "48": 7.805520954318913, "49": 6.965785755669907, "50": 6.5748608963374435, "51": 6.292814466928024, "52": 6.634346020128754, "53": 4.157114509223922, "54": 4.175007321148697, "55": 3.3810217696738345, "56": 3.0980478985397033, "57": 3.4047089268893, "58": 3.062886266254902, "59": 2.3621189998899688, "60": 2.5639919464066514, "61": 2.747568761779466, "62": 4.115959427784031, "63": 10.715664447436586, "64": 100000.0, "65": 100000.0, "66": 100000.0, "67": 100000.0, "68": 100000.0, "69": 100000.0, "70": 100000.0, "71": 100000.0, "72": 100000.0, "73": 100000.0, "74": 100000.0, "75": 66.47119661929442, "76": 11.138279087449071, "77": 18.496403966343095, "78": 28.112447400380233, "79": 24.078047566513035, "80": 21.340888190089604, "81": 17.190695920708112, "82": 14.792646700067168, "83": 13.827111560214378, "84": 12.574859327007463, "85": 22.01225556266633, "86": 9.682009288647635, "87": 6.722288077696846, "88": 6.802961980489912, "89": 7.638943191685284, "90": 7.904418221883313, "91": 9.131688560207447, "92": 9.754853305715402, "93": 10.079974619811086, "94": 9.734521562501246, "95": 9.732064682649822, "96": 10.154417951952485, "97": 10.90045611112329, "98": 8.555134732455413, "99": 9.834196782106472, "100": 8.272436506909107, "101": 7.895716899409346, "102": 7.081667873787192, "103": 4.917743927243742, "104": 4.57927771355718, "105": 4.747033454784047, "106": 4.298417944531338, "107": 4.346906150909539, "108": 4.96789977978759, "109": 4.413829561906798, "110": 3.503610089730783, "111": 2.658511524953976, "112": 3.127154508330803, "113": 3.214036264429829, "114": 3.479601937527612, "115": 3.5404107078059743, "116": 3.636068974097975, "117": 3.8662822646585027, "118": 4.305198659059023, "119": 4.205143161944001, "120": 4.622358048803062, "121": 5.080518111047213, "122": 5.190760222870571, "123": 5.195382382724083, "124": 5.040112643608682, "125": 4.959988381152968, "126": 4.880690355407895, "127": 4.837730732207198, "128": 4.726695140718522, "129": 4.665103946136426, "130": 4.646509568124089, "131": 4.603818897371725, "132": 4.545682092531824, "133": 4.497501046513187, "134": 4.442319375372106, "135": 4.37635949310418, "136": 4.313509399505781, "137": 4.253409282033244, "138": 4.203687766811809, "139": 4.118202644960155, "140": 4.031722707959822, "141": 3.875242073883474, "142": 3.7644373901449018, "143": 3.5430693946777825, "144": 3.288819600102477, "145": 3.261937499470484, "146": 3.1572400250934067, "147": 3.081596287030255, "148": 3.9782661082442754, "149": 2.25609249708983, "150": 2.5771095674338382, "151": 2.6996430367526583, "152": 2.8438383624699943, "153": 3.017871526900389, "154": 3.5124896121755715, "155": 3.7006714554505473, "156": 3.9344480485588287, "157": 3.9928115659756713, "158": 3.997610581562698, "159": 3.959965225844994, "160": 3.847192834873305, "161": 3.8492352902088753, "162": 4.0263756906695205, "163": 3.9221552890051896, "164": 3.8618680461036985, "165": 4.060210474724339, "166": 3.947643569773158, "167": 4.073620556211284, "168": 4.063322180712614, "169": 4.071262142668643, "170": 4.161554246766147, "171": 4.276007373576001, "172": 4.185627786992491, "173": 4.156106853936847, "174": 4.131545469019467, "175": 4.125085529943754, "176": 4.176099782080162, "177": 3.9963544804269624, "178": 3.999155359279792, "179": 4.008035898604257, "180": 4.0067888413636945, "181": 3.9592236592837478, "182": 3.891714263726775, "183": 3.7473885305535024, "184": 3.6445020420836443, "185": 3.452070415036997, "186": 3.2795259490403876, "187": 3.2331425965471245, "188": 3.001628443117435, "189": 2.810842305983729, "190": 2.4998383984257, "210": 1.0482435262653123, "211": 1.049628209281863, "212": 0.9137661938395503, "213": 1.0042324355007552, "214": 0.9124480232546281, "215": 0.9800013689077822, "216": 0.9135782910444508, "217": 0.9402930984834137, "218": 0.8962240361705555, "219": 1.042926139810192, "220": 1.1521990982298418, "221": 1.1774480844781454, "222": 1.2945974148278423, "223": 1.3949814324421006, "224": 1.4382651570707499, "225": 1.5420613746504745, "226": 1.6011819980304491, "227": 1.6451262810320177, "228": 1.7692319867602395, "229": 1.8120829185519374, "230": 1.8959508056915912, "231": 1.9574924413477741, "232": 1.9987667049507278, "233": 2.056351192536502, "234": 2.102942128577565, "235": 2.161580339636182, "236": 2.201824633384731, "237": 2.242495064240964, "238": 2.284379510563286, "239": 2.3817925198476004, "240": 2.348683973601693, "241": 2.412577477046461, "242": 2.4123456490862134, "243": 2.456317947396996, "244": 2.5153534757157696, "245": 2.5343694619555985, "246": 2.5445974569716676, "247": 2.6214856281863232, "248": 2.6574335558668434, "249": 2.6921229216560913, "250": 2.7278189226756213, "251": 2.7222993268144244, "252": 2.7304015826467407, "253": 2.7446047244360208, "254": 2.8040705685821803, "255": 2.759717638943765, "256": 2.7743556778344787, "257": 2.8069218747594995, "258": 2.7962796794757985, "259": 2.77009747252188, "260": 2.8013553887574623, "261": 2.749796716884388, "262": 2.727313910451694, "263": 2.7439930303267044, "264": 2.710629105562794, "265": 2.6738789488028214, "266": 2.6277760688024765, "267": 2.6153910518853816, "268": 2.554045835807916, "269": 2.6358665239005625, "270": 2.4614710012015064, "271": 2.3753012812914944, "272": 2.314881137502915, "273": 2.2264326835072765, "274": 2.2287413508822786, "275": 2.130321957647979, "276": 2.0566374207562226, "277": 1.9692322888097786, "278": 1.953055674442316, "279": 1.8098069222440758, "280": 1.7456733883354993, "281": 1.643747598895232, "282": 1.9045888432217055, "283": 1.6117159838204076, "316": 0.34188072293209243, "317": 0.42080514695383164, "318": 0.5022246904405556, "319": 0.44901170212101765, "320": 0.47170780281634167, "321": 0.4914590534753602, "322": 0.5252280193352643, "323": 0.5860096402120554, "324": 0.6390888379723753, "325": 0.7131254940292541, "326": 0.7413523842928915, "327": 0.7343155055248605, "328": 0.7279792820512135, "329": 0.7078500110067036, "330": 0.7104851208998157, "331": 0.7222431882066536, "332": 0.7322121646247581, "333": 0.8060927701061492, "334": 0.7877440656588636, "335": 0.7730660020854031, "336": 0.781715176848314, "337": 0.8058501799407607, "338": 0.8071032503820741,