{"type": "scs+c", "calc_mask": [["ndi", {"band_1": 850, "band_2": 660, "min": 0.1, "max": 1.0}], ["ancillary", {"name": "slope", "min": 0.08726646259971647, "max": "+inf"}], ["ancillary", {"name": "cosine_i", "min": 0.12, "max": "+inf"}], ["cloud", {"method": "zhai_2018", "cloud": true, "shadow": false, "T1": 2.5, "t2": 0.5, "t3": 0.3333333333333333, "t4": 0.6666666666666666, "T7": 15, "T8": 15}], ["cloud", {"method": "zhai_2018", "cloud": false, "shadow": true, "T1": 2.5, "t2": 0.5, "t3": 0.3333333333333333, "t4": 0.6666666666666666, "T7": 15, "T8": 15}]], "apply_mask": [["ndi", {"band_1": 850, "band_2": 660, "min": 0.1, "max": 1.0}], ["ancillary", {"name": "slope", "min": 0.08726646259971647, "max": "+inf"}], ["ancillary", {"name": "cosine_i", "min": 0.12, "max": "+inf"}]], "c_fit_type": "nnls", "coeffs": {"4": 100000.0, "5": 100000.0, "6": 100000.0, "7": 100000.0, "8": 100000.0, "9": 100000.0, "10": 100000.0, "11": 100000.0, "12": 100000.0, "13": 100000.0, "14": 100000.0, "15": 100000.0, "16": 100000.0, "17": 100000.0, "18": 100000.0, "19": 100000.0, "20": 100000.0, "21": 100000.0, "22": 100000.0, "23": 100000.0, "24": 100000.0, "25": 100000.0, "26": 100000.0, "27": 100000.0, "28": 100000.0, "29": 100000.0, "30": 100000.0, "31": 100000.0, "32": 100000.0, "33": 100000.0, "34": 100000.0, "35": 100000.0, "36": 100000.0, "37": 217.44408028080002, "38": 86.45325495218452, "39": 57.34417480003025, "40": 45.923499561609354, "41": 33.95853566870455, "42": 22.811950757948537, "43": 21.75698816441038, "44": 21.53863172028702, "45": 20.99336930643049, "46": 19.46272165747504, "47": 18.716548970025674, "48": 17.331738189176, "49": 15.67937231553511, "50": 14.780671342925014, "51": 14.793769646902051, "52": 14.979608991312354, "53": 13.332192274726504, "54": 12.459423651286862, "55": 11.848293892690643, "56": 11.661467720759923, "57": 10.401152645714706, "58": 8.429389102833843, "59": 10.234204776870042, "60": 8.604304348809546, "61": 7.678413929693063, "62": 7.77585579710223, "63": 7.63798012826418, "64": 6.91418794776576, "65": 6.359670316900203, "66": 5.52728331824331, "67": 4.289968661784476, "68": 3.4731492510325643, "69": 3.0418051737912752, "70": 2.780738283322128, "71": 2.7115661498177994, "72": 2.569475224413478, "73": 2.454027746092711, "74": 2.349659977789272, "75": 2.2014632407825485, "76": 1.754639852517449, "77": 1.987108912839781, "78": 2.189703290151018, "79": 2.183063757419571, "80": 2.1741928120328926, "81": 2.1385354352142705, "82": 2.1123840442596156, "83": 2.0987877068397895, "84": 2.090331518759382, "85": 2.096709174469958, "86": 2.0242095182539663, "87": 1.913518384891732, "88": 1.9244252540740168, "89": 1.981065901544651, "90": 2.0233755357010783, "91": 2.0986726818067103, "92": 2.1475484117663695, "93": 2.1797081589733147, "94": 2.1876111501344777, "95": 2.1828704898657127, "96": 2.205783080496122, "97": 2.203965097955349, "98": 2.2161396956527843, "99": 2.2242474781765695, "100": 2.224777785753402, "101": 2.2261672135512134, "102": 2.206037947907402, "103": 2.0608942136670216, "104": 2.037610270230534, "105": 2.081645528384188, "106": 2.0382470853205743, "107": 2.062773660342455, "108": 2.1742152582151837, "109": 2.157648116468572, "110": 2.092970825644275, "111": 1.9532016155450016, "112": 2.162233881155684, "113": 2.204562826205566, "114": 2.3807407188790335, "115": 2.5001425660714154, "116": 2.604564383364257, "117": 2.7207757045791148, "118": 2.9247824002300815, "119": 2.8939298856810343, "120": 2.9801885325745996, "121": 3.0931009877389406, "122": 3.1082897266071456, "123": 3.116909810903299, "124": 3.0516725323616414, "125": 3.0153242164372855, "126": 2.9690283091169607, "127": 2.9376243484439497, "128": 2.879301971395702, "129": 2.8387033127181205, "130": 2.8227993721971947, "131": 2.785621373433507, "132": 2.7694344777652775, "133": 2.746482882573356, "134": 2.7298800037016187, "135": 2.713391356659253, "136": 2.7009756691930393, "137": 2.7119213284358583, "138": 2.735460409785797, "139": 2.753220491750342, "140": 2.7792493435346683, "141": 2.7775023269345054, "142": 2.8106859217515754, "143": 2.8252250110050134, "144": 2.7979274981756266, "145": 2.839886521217758, "146": 3.006097510757409, "147": 3.1613812402309045, "148": 3.300414469511434, "149": 2.884664725805167, "150": 3.4717818549397625, "151": 3.5263642072637396, "152": 4.667134432546937, "153": 4.676548180495147, "154": 5.145317410696265, "155": 5.338967997945943, "156": 5.807670469132341, "157": 6.033016310828592, "158": 6.3190736599217585, "159": 6.400186464377778, "160": 6.4244919483172325, "161": 6.484022003435598, "162": 6.72019749080891, "163": 6.836360605819367, "164": 6.721354999102561, "165": 6.87598692157977, "166": 6.921471520285209, "167": 7.164044517387477, "168": 7.324069817187822, "169": 7.432956821786188, "170": 7.622343993465617, "171": 7.83458571797834, "172": 7.8439610206044135, "173": 7.917217380287657, "174": 7.857007895187092, "175": 7.968567300004232, "176": 7.774884380927149, "177": 7.474631523498412, "178": 7.945982615653305, "179": 8.722308450478371, "180": 9.123891444124688, "181": 9.833201204864517, "182": 10.45965133922135, "183": 11.243331501333039, "184": 12.00799401878584, "185": 11.783925989760558, "186": 14.869397711977534, "187": 17.579985921228452, "188": 20.737279982172907, "189": 38.0616391736333, "190": 29.614542332530544, "210": 100000.0, "211": 100000.0, "212": 100000.0, "213": 100000.0, "214": 100000.0, "215": 100000.0, "216": 100000.0, "217": 100000.0, "218": 100000.0, "219": 100000.0, "220": 100000.0, "221": 100000.0, "222": 100000.0, "223": 100000.0, "224": 100000.0, "225": 100000.0, "226": 100000.0, "227": 100000.0, "228": 100000.0, "229": 100000.0, "230": 100000.0, "231": 100000.0, "232": 100000.0, "233": 100000.0, "234": 100000.0, "235": 100000.0, "236": 100000.0, "237": 100000.0, "238": 100000.0, "239": 100000.0, "240": 100000.0, "241": 100000.0, "242": 100000.0, "243": 100000.0, "244": 100000.0, "245": 100000.0, "246": 100000.0, "247": 100000.0, "248": 100000.0, "249": 100000.0, "250": 100000.0, "251": 100000.0, "252": 100000.0, "253": 100000.0, "254": 100000.0, "255": 100000.0, "256": 100000.0, "257": 100000.0, "258": 100000.0, "259": 100000.0, "260": 100000.0, "261": 100000.0, "262": 100000.0, "263": 100000.0, "264": 100000.0, "265": 100000.0, "266": 100000.0, "267": 100000.0, "268": 100000.0, "269": 100000.0, "270": 100000.0, "271": 100000.0, "272": 100000.0, "273": 100000.0, "274": 100000.0, "275": 100000.0, "276": 100000.0, "277": 100000.0, "278": 100000.0, "279": 100000.0, "280": 100000.0, "281": 100000.0, "282": 100000.0, "283": 100000.0, "316": 100000.0, "317": 100000.0, "318": 100000.0, "319": 100000.0, "320": 100000.0, "321": 100000.0, "322": 100000.0, "323": 100000.0, "324": 100000.0, "325": 100000.0, "326": 100000.0, "327": 100000.0, "328": 100000.0, "329": 100000.0, "330": 100000.0, "331": 100000.0, "332": 100000.0, "333": 100000.0, "334": 100000.0, "335": 100000.0, "336": 100000.0, "337": 100000.0, "338": 100000.0, "339": 100000.0, "340": 100000.0, "341": 100000.0, "342": 100000.0, "343": 100000.0, "344": 100000.0, "345": 100000.0, "346": 100000.0, "347": 100000.0, "348": 100000.0, "349": 100000.0, "350": 100000.0, "351": 100000.0, "352": 100000.0, "353": 100000.0, "354": 100000.0, "355": 100000.0, "356": 100000.0, "357": 100000.0, "358": 100000.0, "359": 100000.0, "360": 100000.0, "361": 100000.0, "362": 100000.0, "363": 100000.0, "364": 100000.0, "365": 100000.0, "366": 100000.0, "367": 100000.0, "368": 100000.0, "369": 100000.0, "370": 100000.0, "371": 100000.0, "372": 100000.0, "373": 100000.0, "374": 100000.0, "375": 100000.0, "376": 100000.0, "377": 100000.0, "378": 100000.0, "379": 100000.0, "380": 100000.0, "381": 100000.0, "382": 100000.0, "383": 100000.0, "384": 100000.0, "385": 100000.0, "386": 100000.0, "387": 100000.0, "388": 100000.0, "389": 100000.0, "390": 100000.0, "391": 100000.0, "392": 100000.0, "393": 100000.0, "394": 100000.0, "395": 100000.0, "396": 100000.0, "397": 100000.0,