{"type": "scs+c", "calc_mask": [["ndi", {"band_1": 850, "band_2": 660, "min": 0.1, "max": 1.0}], ["ancillary", {"name": "slope", "min": 0.08726646259971647, "max": "+inf"}], ["ancillary", {"name": "cosine_i", "min": 0.12, "max": "+inf"}], ["cloud", {"method": "zhai_2018", "cloud": true, "shadow": false, "T1": 2.5, "t2": 0.5, "t3": 0.3333333333333333, "t4": 0.6666666666666666, "T7": 15, "T8": 15}], ["cloud", {"method": "zhai_2018", "cloud": false, "shadow": true, "T1": 2.5, "t2": 0.5, "t3": 0.3333333333333333, "t4": 0.6666666666666666, "T7": 15, "T8": 15}]], "apply_mask": [["ndi", {"band_1": 850, "band_2": 660, "min": 0.1, "max": 1.0}], ["ancillary", {"name": "slope", "min": 0.08726646259971647, "max": "+inf"}], ["ancillary", {"name": "cosine_i", "min": 0.12, "max": "+inf"}]], "c_fit_type": "nnls", "coeffs": {"4": 1.2725478280901898, "5": 1.7699064130941895, "6": 2.504525785474673, "7": 3.4495268020658827, "8": 4.830301412281442, "9": 6.286193460163983, "10": 7.962792355259526, "11": 6.554355650929092, "12": 6.066309376247812, "13": 6.2634737763272845, "14": 6.651107723082389, "15": 7.152318866296902, "16": 7.71856717528352, "17": 8.080741043318692, "18": 9.286437579222863, "19": 9.931112617031099, "20": 10.923557550528994, "21": 12.552498631971963, "22": 11.529253660392603, "23": 13.374844520467535, "24": 22.215768436921394, "25": 100000.0, "26": 100000.0, "27": 100000.0, "28": 100000.0, "29": 100000.0, "30": 100000.0, "31": 100000.0, "32": 100000.0, "33": 100000.0, "34": 100000.0, "35": 100000.0, "36": 100000.0, "37": 100000.0, "38": 31.078244050940153, "39": 6.1536020496666195, "40": 3.3547958055359115, "41": 2.2626703710838907, "42": 1.6878989274822727, "43": 1.4212149940184666, "44": 1.255100269050755, "45": 1.0805897135660123, "46": 0.8976511389164104, "47": 0.7520885397124274, "48": 0.6515233318601864, "49": 0.6013535856102918, "50": 0.5690731950012393, "51": 0.5159816750699079, "52": 0.42679322634385847, "53": 0.32519771057676655, "54": 0.25986779219506445, "55": 0.21401297654745766, "56": 0.15114705545353882, "57": 0.09862168772113969, "58": 0.06520840324632589, "59": 0.02949308721443818, "60": 0.08551269139235214, "61": 0.15700210381708052, "62": 0.40806428417272145, "63": 1.0186653904826037, "64": 2.6884599170521066, "65": 11.632962967168297, "66": 100000.0, "67": 100000.0, "68": 100000.0, "69": 100000.0, "70": 100000.0, "71": 100000.0, "72": 100000.0, "73": 100000.0, "74": 100000.0, "75": 100000.0, "76": 100000.0, "77": 100000.0, "78": 100000.0, "79": 100000.0, "80": 100000.0, "81": 100000.0, "82": 100000.0, "83": 100000.0, "84": 100000.0, "85": 100000.0, "86": 100000.0, "87": 100000.0, "88": 100000.0, "89": 100000.0, "90": 100000.0, "91": 100000.0, "92": 100000.0, "93": 100000.0, "94": 100000.0, "95": 100000.0, "96": 100000.0, "97": 100000.0, "98": 100000.0, "99": 100000.0, "100": 100000.0, "101": 100000.0, "102": 100000.0, "103": 100000.0, "104": 100000.0, "105": 100000.0, "106": 100000.0, "107": 100000.0, "108": 100000.0, "109": 100000.0, "110": 100000.0, "111": 100000.0, "112": 100000.0, "113": 100000.0, "114": 100000.0, "115": 100000.0, "116": 100000.0, "117": 100000.0, "118": 100000.0, "119": 100000.0, "120": 100000.0, "121": 100000.0, "122": 100000.0, "123": 100000.0, "124": 100000.0, "125": 100000.0, "126": 100000.0, "127": 100000.0, "128": 100000.0, "129": 100000.0, "130": 100000.0, "131": 100000.0, "132": 100000.0, "133": 100000.0, "134": 100000.0, "135": 100000.0, "136": 100000.0, "137": 100000.0, "138": 100000.0, "139": 100000.0, "140": 100000.0, "141": 100000.0, "142": 100000.0, "143": 100000.0, "144": 100000.0, "145": 100000.0, "146": 100000.0, "147": 100000.0, "148": 100000.0, "149": 100000.0, "150": 100000.0, "151": 100000.0, "152": 100000.0, "153": 100000.0, "154": 100000.0, "155": 100000.0, "156": 100000.0, "157": 100000.0, "158": 100000.0, "159": 100000.0, "160": 100000.0, "161": 100000.0, "162": 100000.0, "163": 100000.0, "164": 100000.0, "165": 100000.0, "166": 100000.0, "167": 100000.0, "168": 100000.0, "169": 100000.0, "170": 100000.0, "171": 100000.0, "172": 100000.0, "173": 100000.0, "174": 100000.0, "175": 100000.0, "176": 100000.0, "177": 100000.0, "178": 100000.0, "179": 100000.0, "180": 100000.0, "181": 100000.0, "182": 100000.0, "183": 100000.0, "184": 100000.0, "185": 100000.0, "186": 100000.0, "187": 100000.0, "188": 100000.0, "189": 100000.0, "190": 100000.0, "210": 2.4709932949459716, "211": 1.8946650858485101, "212": 2.2517739069939786, "213": 2.9238340428073784, "214": 3.0913187170008944, "215": 4.3416019733403575, "216": 5.125958866055943, "217": 4.875315674711465, "218": 4.628099629782446, "219": 8.125220394512263, "220": 11.901464809927848, "221": 74.82544418319839, "222": 100000.0, "223": 100000.0, "224": 100000.0, "225": 100000.0, "226": 100000.0, "227": 100000.0, "228": 100000.0, "229": 100000.0, "230": 100000.0, "231": 100000.0, "232": 100000.0, "233": 100000.0, "234": 100000.0, "235": 100000.0, "236": 100000.0, "237": 100000.0, "238": 100000.0, "239": 100000.0, "240": 100000.0, "241": 100000.0, "242": 100000.0, "243": 100000.0, "244": 100000.0, "245": 100000.0, "246": 100000.0, "247": 100000.0, "248": 100000.0, "249": 100000.0, "250": 100000.0, "251": 100000.0, "252": 100000.0, "253": 100000.0, "254": 100000.0, "255": 100000.0, "256": 100000.0, "257": 100000.0, "258": 100000.0, "259": 100000.0, "260": 100000.0, "261": 100000.0, "262": 100000.0, "263": 100000.0, "264": 100000.0, "265": 100000.0, "266": 100000.0, "267": 100000.0, "268": 100000.0, "269": 100000.0, "270": 100000.0, "271": 100000.0, "272": 100000.0, "273": 100000.0, "274": 100000.0, "275": 100000.0, "276": 100000.0, "277": 100000.0, "278": 100000.0, "279": 100000.0, "280": 100000.0, "281": 100000.0, "282": 100000.0, "283": 100000.0, "316": 0.7782899481937517, "317": 0.9648924508956341, "318": 1.2013991974845155, "319": 1.560956798857309, "320": 1.6938354191956437, "321": 2.265476995285722, "322": 2.4035178691030334, "323": 3.285998880764256, "324": 5.097558846496023, "325": 3.401955215946371, "326": 5.425341384849687, "327": 5.235057313798202, "328": 5.822088592820745, "329": 7.162036868037694, "330": 7.6065799003998915, "331": 8.297937018582148, "332": 7.157727559190984, "333": 7.303173317983808, "334": 7.081351118760411, "335": 5.633263622097595, "336": 6.637757653408544, "337": 6.777141536251794, "338": 7.210742108830962, "339": 7.622430614345594, "340": 10.211524656963029, "341": 11.728398970534533, "342": 13.94840403029323, "343": 19.089292801086096, "344": 27.95395556358651, "345": 84.19704891875597, "346": 100000.0, "347": 100000.0, "348": 100000.0, "349": 100000.0, "350": 100000.0, "351": 100000.0, "352": 100000.0, "353": 100000.0, "354": 100000.0, "355": 100000.0, "356": 100000.0, "357": 100000.0, "358": 100000.0, "359": 100000.0, "360": 100000.0, "361": 100000.0, "362": 100000.0, "363": 100000.0, "364": 100000.0, "365": 100000.0, "366": 100000.0, "367": 100000.0, "368": 100000.0, "369": 100000.0, "370": 100000.0, "371": 100000.0, "372": 100000.0, "373": 100000.0, "374": 100000.0, "375": 100000.0, "376": 100000.0, "377": 100000.0, "378": 100000.0, "379": 100000.0, "380": 100000.0, "381": 100000.0, "382": 100000.0, "383": 100000.0, "384": 100000.0, "385": 100000.0, "386": 100000.0, "387": 100000.0, "388": 461.33421337296517, "389": 100000.0, "390": 306.8421586641892, "391": 100000.0, "392": 55.405607851722216, "393": 610.7825015048726, "394": 25.346260157522956, "395": 19.890650030092736, "396": 12.054890943975543, "397": 18.091104284118, "398": 6.531270586083584, "399": 6.243774340343459, "400": 6.659583550827583, "401": 4.656746590211584, "402": 4.555538106515784, "403": 3.5602781221383957, "404": 3.672203917479652, "405": 2.2786737636134458, "406": 2.6010607426082704, "407": 1.8010632656742105, "408": 1.890953859001182, "409": 1.4199852077922925, "410": 2.211333184163518, "411": 0.9418452929503508, "412": 1.0851799107090032, "413": 0.6649698031288055}}