{"type": "scs+c", "calc_mask": [["ndi", {"band_1": 850, "band_2": 660, "min": 0.1, "max": 1.0}], ["ancillary", {"name": "slope", "min": 0.08726646259971647, "max": "+inf"}], ["ancillary", {"name": "cosine_i", "min": 0.12, "max": "+inf"}], ["cloud", {"method": "zhai_2018", "cloud": true, "shadow": false, "T1": 2.5, "t2": 0.5, "t3": 0.3333333333333333, "t4": 0.6666666666666666, "T7": 15, "T8": 15}], ["cloud", {"method": "zhai_2018", "cloud": false, "shadow": true, "T1": 2.5, "t2": 0.5, "t3": 0.3333333333333333, "t4": 0.6666666666666666, "T7": 15, "T8": 15}]], "apply_mask": [["ndi", {"band_1": 850, "band_2": 660, "min": 0.1, "max": 1.0}], ["ancillary", {"name": "slope", "min": 0.08726646259971647, "max": "+inf"}], ["ancillary", {"name": "cosine_i", "min": 0.12, "max": "+inf"}]], "c_fit_type": "nnls", "coeffs": {"4": 6.554708908016007, "5": 6.593053382583976, "6": 7.662719944102888, "7": 8.245364478353943, "8": 9.0457045447405, "9": 9.352475123559532, "10": 9.67203100491718, "11": 9.312375479861156, "12": 8.860878275970675, "13": 8.43040987133862, "14": 7.993304472924987, "15": 7.711618467213669, "16": 7.38943205607815, "17": 7.024902754848002, "18": 6.785542514914405, "19": 6.613386495733278, "20": 6.464378944169479, "21": 6.243755872321441, "22": 6.09508642311371, "23": 5.962978172338137, "24": 5.882075542044935, "25": 6.045412284706266, "26": 6.784670803344454, "27": 8.133430109234327, "28": 10.606503444782692, "29": 14.062536818297556, "30": 17.846190468567013, "31": 19.525246543089008, "32": 18.237905581384208, "33": 16.649449562065616, "34": 14.6774742320489, "35": 11.704265500755449, "36": 8.944616898063218, "37": 6.936339373151914, "38": 5.320691407257895, "39": 4.459025896057063, "40": 3.9684125101814964, "41": 3.5039564950411553, "42": 3.113263137131239, "43": 3.060375893868622, "44": 3.056838292593812, "45": 2.958395967942982, "46": 2.817485963271385, "47": 2.6885118388880667, "48": 2.600083909905152, "49": 2.520593564395562, "50": 2.4978098503163997, "51": 2.455142016366949, "52": 2.319525762732564, "53": 2.1136973630987717, "54": 2.0198237146460722, "55": 1.9815425182917517, "56": 1.934157727396148, "57": 1.8578319488901187, "58": 1.790006434247242, "59": 1.7142278512747795, "60": 1.8533813582417384, "61": 1.8658436214710445, "62": 2.2914182477783456, "63": 3.4701128070261347, "64": 6.560892958598306, "65": 24.394002249286952, "66": 100000.0, "67": 100000.0, "68": 100000.0, "69": 100000.0, "70": 100000.0, "71": 100000.0, "72": 100000.0, "73": 100000.0, "74": 100000.0, "75": 100000.0, "76": 100000.0, "77": 100000.0, "78": 100000.0, "79": 100000.0, "80": 100000.0, "81": 100000.0, "82": 100000.0, "83": 100000.0, "84": 100000.0, "85": 100000.0, "86": 100000.0, "87": 100000.0, "88": 100000.0, "89": 100000.0, "90": 100000.0, "91": 100000.0, "92": 100000.0, "93": 100000.0, "94": 100000.0, "95": 100000.0, "96": 100000.0, "97": 100000.0, "98": 100000.0, "99": 100000.0, "100": 100000.0, "101": 100000.0, "102": 100000.0, "103": 100000.0, "104": 100000.0, "105": 100000.0, "106": 100000.0, "107": 100000.0, "108": 100000.0, "109": 100000.0, "110": 100000.0, "111": 100000.0, "112": 100000.0, "113": 100000.0, "114": 100000.0, "115": 100000.0, "116": 100000.0, "117": 100000.0, "118": 100000.0, "119": 100000.0, "120": 100000.0, "121": 100000.0, "122": 100000.0, "123": 100000.0, "124": 100000.0, "125": 100000.0, "126": 100000.0, "127": 100000.0, "128": 100000.0, "129": 100000.0, "130": 100000.0, "131": 100000.0, "132": 100000.0, "133": 100000.0, "134": 100000.0, "135": 100000.0, "136": 100000.0, "137": 100000.0, "138": 100000.0, "139": 100000.0, "140": 100000.0, "141": 100000.0, "142": 100000.0, "143": 100000.0, "144": 100000.0, "145": 100000.0, "146": 100000.0, "147": 58.010596096528964, "148": 13.525200776815812, "149": 6.0692976539918515, "150": 11.479336695001058, "151": 17.873890349471452, "152": 22.952157080026687, "153": 9.601986541682662, "154": 17.606596428416168, "155": 47.68388093799091, "156": 100000.0, "157": 100000.0, "158": 100000.0, "159": 100000.0, "160": 100000.0, "161": 100000.0, "162": 100000.0, "163": 100000.0, "164": 100000.0, "165": 100000.0, "166": 100000.0, "167": 100000.0, "168": 100000.0, "169": 100000.0, "170": 100000.0, "171": 100000.0, "172": 100000.0, "173": 100000.0, "174": 100000.0, "175": 100000.0, "176": 100000.0, "177": 100000.0, "178": 100000.0, "179": 100000.0, "180": 100000.0, "181": 100000.0, "182": 100000.0, "183": 118.04551596097447, "184": 47.93082683215869, "185": 25.226670371738585, "186": 16.090924242983903, "187": 13.600439994773609, "188": 9.69856021278572, "189": 7.583458560528146, "190": 5.089611328889485, "210": 1.091981983937721, "211": 1.103896534521444, "212": 1.0431151497878715, "213": 1.013415917916677, "214": 0.8040376280325551, "215": 0.8856679191269788, "216": 0.8339263441201418, "217": 0.7710647843313948, "218": 0.7830054138534046, "219": 0.8766216201503872, "220": 0.9802470574776783, "221": 1.0286015281953245, "222": 1.1562160235222807, "223": 1.2687168565625588, "224": 1.3190614611251301, "225": 1.408651525968998, "226": 1.4701013107377972, "227": 1.5282808295992978, "228": 1.6507311704485532, "229": 1.6995925432035757, "230": 1.7780834665906622, "231": 1.8469369022911575, "232": 1.8874889245758095, "233": 1.9599649379107913, "234": 2.0142892586432164, "235": 2.072492722164425, "236": 2.133838350053834, "237": 2.1603200718670577, "238": 2.2098886128797033, "239": 2.278252041278775, "240": 2.317488865387596, "241": 2.352237375972037, "242": 2.4130937583527166, "243": 2.450100086644411, "244": 2.470344094729294, "245": 2.503150219332222, "246": 2.5548813783904483, "247": 2.6533304154983597, "248": 2.681416865673565, "249": 2.6885394044349513, "250": 2.720449359039227, "251": 2.7356413627167813, "252": 2.7223488443415826, "253": 2.73674861848939, "254": 2.7204709474420623, "255": 2.6988384402757113, "256": 2.698278722697953, "257": 2.71296538938648, "258": 2.7025119448574304, "259": 2.6614766903470986, "260": 2.6421200395898063, "261": 2.6092274747969597, "262": 2.5658487898718807, "263": 2.520187412527752, "264": 2.5040943143853234, "265": 2.40085888519006, "266": 2.362027866850821, "267": 2.353655400340345, "268": 2.253632160416607, "269": 2.2501747634332667, "270": 2.1896696940481304, "271": 2.115154094549222, "272": 2.0925018193126386, "273": 2.0129376652568225, "274": 2.039637455805785, "275": 1.9700244758749943, "276": 1.8865460837261927, "277": 1.8266972508945738, "278": 1.7953192211454443, "279": 1.6545904902476845, "280": 1.628672924021603, "281": 1.591851428693135, "282": 1.5080321255855549, "283": 1.3538339743409897, "316": 0.366072769205421, "317": 0.4308686852885075, "318": 0.43029641373495126, "319": 0.44348029586287857, "320": 0.4670344045813514, "321": 0.48170617219344336, "322": 0.5218671434211497, "323": 0.5785613968950801, "324": 0.6173254397924907, "325": 0.6598389131941708, "326": 0.6741301207046648, "327": 0.6638099937883988, "328": 0.6692940819355915, "329": 0.6599291262295892, "330": 0.6649824023008492, "331": 0.6692161766679163, "332": 0.6771590929582334, "333": 0.6982286130154551, "334": 0.7022432544271263, "335": 0.6974591179962496, "336": 0.7039054470266362, "337": 0.722340271218046, "338": 0.7258440979074812, "339": 0.7278562770297025, "340": 0.7376144910898097, "341": 0.7491332976444379, "342": 0.7536504188986036, "343": 0.7502406177748581, "344": 0.770754642320466, "345": 0.7864342311427086, "346": 0.7959910422729326, "347": 0.7987687059165841, "348": 0.8136825925529911, "349": 0.831667032317728, "350": 0.8557821041530715, "351": 0.8752813932448227, "352": 0.9019371052877007, "353": 0.9142519568880448, "354": 0.9302049064463667, "355": 0.9697560918882685, "356": 0.9849620201196376, "357": 1.024301351821928, "358": 1.043287922390078, "359": 1.0787622178248588, "360": 1.0889472419362258, "361": 1.147144604316059, "362": 1.1916980837148001, "363": 1.2202903896772994, "364": 1.2741899888289063, "365": 1.2906697382588406, "366": 1.254215993554566, "367": 1.2242108831482788,