{"type": "scs+c", "calc_mask": [["ndi", {"band_1": 850, "band_2": 660, "min": 0.1, "max": 1.0}], ["ancillary", {"name": "slope", "min": 0.08726646259971647, "max": "+inf"}], ["ancillary", {"name": "cosine_i", "min": 0.12, "max": "+inf"}], ["cloud", {"method": "zhai_2018", "cloud": true, "shadow": false, "T1": 2.5, "t2": 0.5, "t3": 0.3333333333333333, "t4": 0.6666666666666666, "T7": 15, "T8": 15}], ["cloud", {"method": "zhai_2018", "cloud": false, "shadow": true, "T1": 2.5, "t2": 0.5, "t3": 0.3333333333333333, "t4": 0.6666666666666666, "T7": 15, "T8": 15}]], "apply_mask": [["ndi", {"band_1": 850, "band_2": 660, "min": 0.1, "max": 1.0}], ["ancillary", {"name": "slope", "min": 0.08726646259971647, "max": "+inf"}], ["ancillary", {"name": "cosine_i", "min": 0.12, "max": "+inf"}]], "c_fit_type": "nnls", "coeffs": {"4": 6.77996506376839, "5": 6.321179979350237, "6": 6.645597135608421, "7": 6.179282042993588, "8": 6.080807551674685, "9": 5.567094161451894, "10": 5.523173390011136, "11": 2.5762615166389793, "12": 4.804007496883827, "13": 4.565515370184938, "14": 4.245613090685742, "15": 4.013010624291673, "16": 3.7437027394063653, "17": 3.445265640756699, "18": 3.2815530297154867, "19": 3.1611127635960896, "20": 3.050523525143241, "21": 2.8901085652628677, "22": 2.78882671951804, "23": 2.7261598407594905, "24": 2.7310590596121105, "25": 2.7957576177779995, "26": 3.0271896150180084, "27": 3.476823880140736, "28": 4.008752334290479, "29": 4.701799968700035, "30": 5.219323598171367, "31": 5.406217072522747, "32": 6.098042308947724, "33": 4.798457692903042, "34": 4.064827425155621, "35": 3.8853461842256225, "36": 3.2558226910709944, "37": 2.6171535808358053, "38": 2.148675769293999, "39": 1.818794495607745, "40": 1.6173972320720083, "41": 1.4656717267645192, "42": 1.2907836330611582, "43": 1.2396740387551055, "44": 1.2065241091385621, "45": 1.1562825379538169, "46": 1.0913024345015516, "47": 1.0320466448780854, "48": 0.984264586613898, "49": 0.9513948756009849, "50": 0.9440394117714784, "51": 0.911660500680355, "52": 0.8742042964806653, "53": 0.7997688136126475, "54": 0.5487483266496315, "55": 0.7317494223534207, "56": 0.7006199317855237, "57": 0.6702161735266756, "58": 0.6414741793847112, "59": 0.604829061176332, "60": 0.6589763708728643, "61": 0.6470682876909724, "62": 0.818436447477699, "63": 1.1618127765323836, "64": 1.729993938529099, "65": 2.7172834608544703, "66": 4.3783593730020804, "67": 6.19494100789405, "68": 12.741837868347083, "69": 79.94491194306325, "70": 100000.0, "71": 100000.0, "72": 100000.0, "73": 100000.0, "74": 100000.0, "75": 100000.0, "76": 100000.0, "77": 100000.0, "78": 100000.0, "79": 100000.0, "80": 100000.0, "81": 100000.0, "82": 100000.0, "83": 100000.0, "84": 100000.0, "85": 100000.0, "86": 100000.0, "87": 100000.0, "88": 100000.0, "89": 100000.0, "90": 100000.0, "91": 100000.0, "92": 100000.0, "93": 100000.0, "94": 100000.0, "95": 100000.0, "96": 100000.0, "97": 100000.0, "98": 100000.0, "99": 100000.0, "100": 100000.0, "101": 100000.0, "102": 100000.0, "103": 100000.0, "104": 100000.0, "105": 100000.0, "106": 100000.0, "107": 100000.0, "108": 100000.0, "109": 100000.0, "110": 100000.0, "111": 1860.8498326409003, "112": 100000.0, "113": 100000.0, "114": 100000.0, "115": 100000.0, "116": 100000.0, "117": 100000.0, "118": 100000.0, "119": 100000.0, "120": 100000.0, "121": 100000.0, "122": 100000.0, "123": 100000.0, "124": 100000.0, "125": 100000.0, "126": 100000.0, "127": 100000.0, "128": 100000.0, "129": 100000.0, "130": 100000.0, "131": 100000.0, "132": 100000.0, "133": 100000.0, "134": 100000.0, "135": 100000.0, "136": 100000.0, "137": 100000.0, "138": 100000.0, "139": 100000.0, "140": 100000.0, "141": 100000.0, "142": 100000.0, "143": 100000.0, "144": 100000.0, "145": 100000.0, "146": 100000.0, "147": 100000.0, "148": 427.278791513111, "149": 45.29320385107736, "150": 100000.0, "151": 100000.0, "152": 100000.0, "153": 108.41139676662728, "154": 100000.0, "155": 100000.0, "156": 100000.0, "157": 100000.0, "158": 100000.0, "159": 100000.0, "160": 100000.0, "161": 100000.0, "162": 100000.0, "163": 100000.0, "164": 100000.0, "165": 100000.0, "166": 100000.0, "167": 100000.0, "168": 100000.0, "169": 100000.0, "170": 100000.0, "171": 100000.0, "172": 100000.0, "173": 100000.0, "174": 100000.0, "175": 100000.0, "176": 100000.0, "177": 100000.0, "178": 100000.0, "179": 100000.0, "180": 100000.0, "181": 100000.0, "182": 100000.0, "183": 100000.0, "184": 100000.0, "185": 100000.0, "186": 100000.0, "187": 100000.0, "188": 100000.0, "189": 100000.0, "190": 44.41767697422865, "210": 0.6970841600147617, "211": 1.167566839639622, "212": 0.8567024842967678, "213": 0.9013491616039566, "214": 1.0306110417662269, "215": 1.1410131034920332, "216": 1.1352041716828756, "217": 0.7882574550935043, "218": 1.1477315588744237, "219": 1.1821816530659723, "220": 1.2874209336224158, "221": 1.3998146510777572, "222": 1.5279640157926015, "223": 1.6783413585766767, "224": 1.7624593675124334, "225": 1.9150899627796942, "226": 2.0310740333623922, "227": 2.1611698169941485, "228": 2.357426050645208, "229": 2.4709351661933976, "230": 2.628141567982276, "231": 2.8093690886321143, "232": 2.9472062582335834, "233": 3.117686613403661, "234": 3.2806014293188333, "235": 3.4468111958630274, "236": 3.622117122512207, "237": 3.7252145462093056, "238": 3.865013864114139, "239": 4.140818952368679, "240": 4.30177033354707, "241": 4.633243394065503, "242": 4.7697029104536215, "243": 4.966193268695148, "244": 5.137653859207044, "245": 5.3866182259976, "246": 5.652642262509103, "247": 6.166020373298856, "248": 6.443069470244556, "249": 6.497710215265664, "250": 6.721574690804985, "251": 7.10408479130862, "252": 7.200368875898417, "253": 7.358334331700828, "254": 7.40436627822803, "255": 7.348389122248771, "256": 7.158341039262328, "257": 7.148860091814908, "258": 7.148576849843317, "259": 6.9252583757800315, "260": 6.769804337078095, "261": 6.431875546666551, "262": 6.137030374299556, "263": 6.01598200747845, "264": 5.61995102872006, "265": 5.452887789934153, "266": 4.983657411684596, "267": 4.899603787838056, "268": 4.562260901911196, "269": 4.666446092118159, "270": 4.426949983710821, "271": 4.380909004869772, "272": 4.2947622209434995, "273": 4.043673030835123, "274": 3.9969174981526394, "275": 3.807725268879929, "276": 3.611546396665349, "277": 3.497535924683668, "278": 3.4534864357534882, "279": 2.9394525062026626, "280": 3.1489633344557126, "281": 3.1685562235170677, "282": 2.8217543477301104, "283": 2.747011221570191, "316": 0.4259847726945089, "317": 0.48570963981082926, "318": 0.5348328009312961, "319": 0.5537588273382866, "320": 0.5882633819504401, "321": 0.6066951299662345, "322": 0.6228265890766465, "323": 0.5830936501139861, "324": 0.5293964660832085, "325": 0.6131327544748755, "326": 0.6201174024964472, "327": 0.6879104676895405, "328": 0.7396339384715576, "329": 0.7723351789860999, "330": 0.8028480975095909, "331": 0.8139807402232021, "332": 0.8132706811795629, "333": 0.8171320175584879, "334": 0.7900942468859048, "335": 0.8114780095795615, "336": 0.8121355236859547, "337": 0.8246216780544284, "338": 0.8495517497788454, "339": 0.8752475548291658, "340": 0.8899944382989733, "341": 0.9092826532885335, "342": 0.9304934727928271, "343": 0.9394372560645838, "344": 0.9641844600323621, "345": 0.9829160900599105, "346": 1.0015797681148522, "347": 1.0139743830558232, "348": 1.0333937943695963, "349": 1.0583997574664312, "350": 1.045963224147039, "351": 1.1056888542157957, "352": 1.1396859218411246, "353": 1.162726587012757, "354": 1.1988331957094969, "355": 1.244187189623483, "356": 1.284422471017676, "357": 1.3066406529913641, "358": 1.3727987394608592, "359": 1.4329253082676974, "360": 1.492977390960497, "361": 1.588925948240353, "362": 1.6831288766672268, "363": 1.7626775192238984, "364": 1.8631915245921324, "365": 1.9136160585753088, "366": 1.892983754422913, "367": 1.8313901801199048, "368": 1.7752308071885914, "369": 1.6909604256796948, "370": 1.6023406614769111,