{"type": "scs+c", "calc_mask": [["ndi", {"band_1": 850, "band_2": 660, "min": 0.1, "max": 1.0}], ["ancillary", {"name": "slope", "min": 0.08726646259971647, "max": "+inf"}], ["ancillary", {"name": "cosine_i", "min": 0.12, "max": "+inf"}], ["cloud", {"method": "zhai_2018", "cloud": true, "shadow": false, "T1": 2.5, "t2": 0.5, "t3": 0.3333333333333333, "t4": 0.6666666666666666, "T7": 15, "T8": 15}], ["cloud", {"method": "zhai_2018", "cloud": false, "shadow": true, "T1": 2.5, "t2": 0.5, "t3": 0.3333333333333333, "t4": 0.6666666666666666, "T7": 15, "T8": 15}]], "apply_mask": [["ndi", {"band_1": 850, "band_2": 660, "min": 0.1, "max": 1.0}], ["ancillary", {"name": "slope", "min": 0.08726646259971647, "max": "+inf"}], ["ancillary", {"name": "cosine_i", "min": 0.12, "max": "+inf"}]], "c_fit_type": "nnls", "coeffs": {"4": 5.090317025639216, "5": 4.878437199987928, "6": 5.040976977343205, "7": 4.785051531771326, "8": 4.613031489606513, "9": 4.390405937609665, "10": 4.19631453862715, "11": 3.963090999334351, "12": 3.7136896301796827, "13": 3.489957322386, "14": 3.2627645382042525, "15": 3.107871249896915, "16": 2.9154027358757313, "17": 2.745003309911516, "18": 2.5998101202210075, "19": 2.4900631558514323, "20": 2.399635033239564, "21": 2.284066627978817, "22": 2.1900428389547275, "23": 2.154495816112925, "24": 2.1490172300090546, "25": 2.22408432645969, "26": 2.4920988733875062, "27": 2.948713283677561, "28": 3.5693506171194764, "29": 4.369446425751676, "30": 5.091591960729992, "31": 5.421222743931587, "32": 5.2313856178527836, "33": 4.93088836561106, "34": 4.583877228950055, "35": 3.9998450995373434, "36": 3.2911119689728126, "37": 2.5954227268167025, "38": 2.0921018161161347, "39": 1.76145179627319, "40": 1.562747764006083, "41": 1.3837844520884224, "42": 1.2295473591449095, "43": 1.1947532173919917, "44": 1.181028812455166, "45": 1.1301337989955278, "46": 1.0565637700301758, "47": 0.9923681582936674, "48": 0.9448303047456278, "49": 0.9086190968138017, "50": 0.8942210604794564, "51": 0.875178552820955, "52": 0.8248021537293142, "53": 0.7433794782536088, "54": 0.6964064096154489, "55": 0.6654095304371997, "56": 0.631231361593103, "57": 0.5913497953526267, "58": 0.5586551685758873, "59": 0.5193267050183699, "60": 0.582545198964752, "61": 0.6022192661950218, "62": 0.7744828078162579, "63": 1.1817937524121405, "64": 1.9464698426184432, "65": 3.5752640278394465, "66": 7.820802794468852, "67": 15.235585307898253, "68": 100000.0, "69": 100000.0, "70": 100000.0, "71": 100000.0, "72": 100000.0, "73": 100000.0, "74": 100000.0, "75": 100000.0, "76": 100000.0, "77": 100000.0, "78": 100000.0, "79": 100000.0, "80": 100000.0, "81": 100000.0, "82": 100000.0, "83": 100000.0, "84": 100000.0, "85": 100000.0, "86": 100000.0, "87": 100000.0, "88": 100000.0, "89": 100000.0, "90": 100000.0, "91": 100000.0, "92": 100000.0, "93": 100000.0, "94": 100000.0, "95": 100000.0, "96": 100000.0, "97": 100000.0, "98": 100000.0, "99": 100000.0, "100": 100000.0, "101": 100000.0, "102": 100000.0, "103": 100000.0, "104": 100000.0, "105": 100000.0, "106": 100000.0, "107": 100000.0, "108": 100000.0, "109": 100000.0, "110": 100000.0, "111": 100000.0, "112": 100000.0, "113": 100000.0, "114": 100000.0, "115": 100000.0, "116": 100000.0, "117": 100000.0, "118": 100000.0, "119": 100000.0, "120": 100000.0, "121": 100000.0, "122": 100000.0, "123": 100000.0, "124": 100000.0, "125": 100000.0, "126": 100000.0, "127": 100000.0, "128": 100000.0, "129": 100000.0, "130": 100000.0, "131": 100000.0, "132": 100000.0, "133": 100000.0, "134": 100000.0, "135": 100000.0, "136": 100000.0, "137": 100000.0, "138": 100000.0, "139": 100000.0, "140": 100000.0, "141": 100000.0, "142": 100000.0, "143": 100000.0, "144": 100000.0, "145": 100000.0, "146": 100000.0, "147": 100000.0, "148": 17.130165386190097, "149": 10.362312548848283, "150": 27.75943247702259, "151": 49.4231469900819, "152": 52.461787236041964, "153": 17.04523620059609, "154": 33.955747411235215, "155": 100000.0, "156": 100000.0, "157": 100000.0, "158": 100000.0, "159": 100000.0, "160": 100000.0, "161": 100000.0, "162": 100000.0, "163": 100000.0, "164": 100000.0, "165": 100000.0, "166": 100000.0, "167": 100000.0, "168": 100000.0, "169": 100000.0, "170": 100000.0, "171": 100000.0, "172": 100000.0, "173": 100000.0, "174": 100000.0, "175": 100000.0, "176": 100000.0, "177": 100000.0, "178": 100000.0, "179": 100000.0, "180": 100000.0, "181": 100000.0, "182": 100000.0, "183": 100000.0, "184": 100000.0, "185": 100000.0, "186": 100000.0, "187": 100000.0, "188": 102.34711063252094, "189": 22.57794225147982, "190": 8.817183766269281, "210": 0.18712536646005928, "211": 0.1430427695934537, "212": 0.23019632226215062, "213": 0.366050567490988, "214": 0.3960998201912161, "215": 0.4565135547116971, "216": 0.4486467930183235, "217": 0.37966074941830236, "218": 0.4489580188278427, "219": 0.4946491420271524, "220": 0.5614865654619966, "221": 0.6511490046866877, "222": 0.759351239324261, "223": 0.861794984711583, "224": 0.9351396116629018, "225": 1.026947185504598, "226": 1.1035694416774076, "227": 1.1806443482740245, "228": 1.2888345378372346, "229": 1.361571997221902, "230": 1.4629063252952645, "231": 1.5499770508848392, "232": 1.628739010754917, "233": 1.7201942133381976, "234": 1.805784780235473, "235": 1.8917139858203031, "236": 1.9634839979729835, "237": 2.0231867801620864, "238": 2.082222441876316, "239": 2.16580592053218, "240": 2.2578107244859176, "241": 2.356955750292924, "242": 2.432729836305568, "243": 2.505165901241235, "244": 2.572165275855162, "245": 2.6679837058354257, "246": 2.767795232865925, "247": 2.892228925595603, "248": 2.981227675338728, "249": 3.0483703109118294, "250": 3.1019451689045523, "251": 3.1491453556667306, "252": 3.1707308609492735, "253": 3.191371785030408, "254": 3.18781408622625, "255": 3.181855308617243, "256": 3.1626261821896993, "257": 3.1569725287995176, "258": 3.1531246909660617, "259": 3.103181585544239, "260": 3.059512860199524, "261": 2.9685930903538558, "262": 2.8668907861708157, "263": 2.7793506965315244, "264": 2.6982392773244466, "265": 2.555778673819024, "266": 2.4718384346649493, "267": 2.411500517044724, "268": 2.2875386197977132, "269": 2.2389233472336665, "270": 2.180531500317159, "271": 2.1197838453932234, "272": 2.058608089106328, "273": 1.9639858051239119, "274": 1.918349958046329, "275": 1.8205977490901597, "276": 1.7236987510837654, "277": 1.6164570995050604, "278": 1.561399687215956, "279": 1.4303663841631813, "280": 1.3845991846429344, "281": 1.309775410504506, "282": 1.1700544301093763, "283": 1.0173260471119432, "316": 0.028080517611154553, "317": 0.07849846008477986, "318": 0.09739083114041622, "319": 0.12217517877799786, "320": 0.13934350692164452, "321": 0.15666747227720174, "322": 0.16479542214253431, "323": 0.15795878027230253, "324": 0.15485082740387923, "325": 0.1874302337586401, "326": 0.20153088227053303, "327": 0.23302689635728677, "328": 0.2650195337281547, "329": 0.28422838734943345, "330": 0.3017287383471361, "331": 0.31155944461215374, "332": 0.31346843007006037, "333": 0.3183739513346054, "334": 0.3174167462905008, "335": 0.3201094861031023, "336": 0.33067956765441137, "337": 0.3432308320845576, "338": 0.35844141092458665, "339": 0.3729346723273855, "340": 0.3878994780175848, "341": 0.40178581039769734, "342": 0.4134191369055294, "343": 0.42412269978981104, "344": 0.44135249587807, "345": 0.4583533836119178, "346": 0.47018819084190516, "347": 0.4811854859967089, "348": 0.4977802015803387, "349": 0.5149649193181269, "350": 0.533384101514575, "351": 0.5503057748626543, "352": 0.5709105904044005, "353": 0.5846335518432818, "354": 0.6056510945586847, "355": 0.6390674639685199, "356": 0.6686354269674634, "357": 0.7018703303364947, "358": 0.7345666759739816, "359": 0.7743668061002225, "360": 0.8190536327308603, "361": 0.8875434214204421, "362": 0.9527434760324577, "363": 1.002802029750078, "364": 1.0675766477154038, "365": 1.0929947743638575, "366": 1.070090044670445, "367": 1.0263351137061578,