{"type": "scs+c", "calc_mask": [["ndi", {"band_1": 850, "band_2": 660, "min": 0.1, "max": 1.0}], ["ancillary", {"name": "slope", "min": 0.08726646259971647, "max": "+inf"}], ["ancillary", {"name": "cosine_i", "min": 0.12, "max": "+inf"}], ["cloud", {"method": "zhai_2018", "cloud": true, "shadow": false, "T1": 2.5, "t2": 0.5, "t3": 0.3333333333333333, "t4": 0.6666666666666666, "T7": 15, "T8": 15}], ["cloud", {"method": "zhai_2018", "cloud": false, "shadow": true, "T1": 2.5, "t2": 0.5, "t3": 0.3333333333333333, "t4": 0.6666666666666666, "T7": 15, "T8": 15}]], "apply_mask": [["ndi", {"band_1": 850, "band_2": 660, "min": 0.1, "max": 1.0}], ["ancillary", {"name": "slope", "min": 0.08726646259971647, "max": "+inf"}], ["ancillary", {"name": "cosine_i", "min": 0.12, "max": "+inf"}]], "c_fit_type": "nnls", "coeffs": {"4": 18.960507441149417, "5": 6.240409653812144, "6": 9.272826538226875, "7": 4.115935588252196, "8": 3.3633391010246494, "9": 2.746708460100705, "10": 3.13593890546244, "11": 2.8966222583667287, "12": 3.0313130714171272, "13": 3.022757389336141, "14": 2.6623915332121353, "15": 2.611149986598104, "16": 2.4475360552444276, "17": 2.1108382758956976, "18": 2.065293689574549, "19": 2.127787873202471, "20": 2.188442536899532, "21": 2.1031018951763802, "22": 2.1295787842629625, "23": 2.3222175299422876, "24": 2.822289766851369, "25": 3.6769871129079235, "26": 5.9660269710593505, "27": 14.264321253309909, "28": 1141.00793801807, "29": 100000.0, "30": 100000.0, "31": 100000.0, "32": 100000.0, "33": 100000.0, "34": 100000.0, "35": 100000.0, "36": 100000.0, "37": 100000.0, "38": 100000.0, "39": 100000.0, "40": 100000.0, "41": 111.94759792812651, "42": 40.12523482856054, "43": 30.234851623046687, "44": 25.150511534996802, "45": 18.37058799634113, "46": 12.431135556433299, "47": 9.495874879212288, "48": 7.798630254674067, "49": 7.070069138933497, "50": 6.674286563721744, "51": 6.091792040321053, "52": 4.969014883666267, "53": 3.878199092802714, "54": 3.2696573186729374, "55": 2.8234758798478756, "56": 2.4405203106011877, "57": 2.076909268259403, "58": 1.8502408685190468, "59": 1.5306765953433055, "60": 2.4295293059695595, "61": 3.0300107660430045, "62": 8.161532539504158, "63": 100000.0, "64": 100000.0, "65": 100000.0, "66": 100000.0, "67": 100000.0, "68": 100000.0, "69": 100000.0, "70": 100000.0, "71": 100000.0, "72": 100000.0, "73": 100000.0, "74": 100000.0, "75": 100000.0, "76": 100000.0, "77": 100000.0, "78": 100000.0, "79": 100000.0, "80": 100000.0, "81": 100000.0, "82": 100000.0, "83": 100000.0, "84": 100000.0, "85": 100000.0, "86": 100000.0, "87": 100000.0, "88": 100000.0, "89": 100000.0, "90": 100000.0, "91": 100000.0, "92": 100000.0, "93": 100000.0, "94": 100000.0, "95": 100000.0, "96": 100000.0, "97": 100000.0, "98": 100000.0, "99": 100000.0, "100": 100000.0, "101": 100000.0, "102": 100000.0, "103": 100000.0, "104": 100000.0, "105": 100000.0, "106": 100000.0, "107": 100000.0, "108": 100000.0, "109": 100000.0, "110": 100000.0, "111": 100000.0, "112": 100000.0, "113": 100000.0, "114": 100000.0, "115": 100000.0, "116": 100000.0, "117": 100000.0, "118": 100000.0, "119": 100000.0, "120": 100000.0, "121": 100000.0, "122": 100000.0, "123": 100000.0, "124": 100000.0, "125": 100000.0, "126": 100000.0, "127": 100000.0, "128": 100000.0, "129": 100000.0, "130": 100000.0, "131": 100000.0, "132": 100000.0, "133": 100000.0, "134": 100000.0, "135": 100000.0, "136": 100000.0, "137": 100000.0, "138": 100000.0, "139": 100000.0, "140": 100000.0, "141": 100000.0, "142": 100000.0, "143": 100000.0, "144": 100000.0, "145": 100000.0, "146": 100000.0, "147": 100000.0, "148": 100000.0, "149": 100000.0, "150": 100000.0, "151": 100000.0, "152": 100000.0, "153": 100000.0, "154": 100000.0, "155": 100000.0, "156": 100000.0, "157": 100000.0, "158": 100000.0, "159": 100000.0, "160": 100000.0, "161": 100000.0, "162": 100000.0, "163": 100000.0, "164": 100000.0, "165": 100000.0, "166": 100000.0, "167": 100000.0, "168": 100000.0, "169": 100000.0, "170": 100000.0, "171": 100000.0, "172": 100000.0, "173": 100000.0, "174": 100000.0, "175": 100000.0, "176": 100000.0, "177": 100000.0, "178": 100000.0, "179": 100000.0, "180": 100000.0, "181": 100000.0, "182": 100000.0, "183": 100000.0, "184": 100000.0, "185": 100000.0, "186": 100000.0, "187": 100000.0, "188": 100000.0, "189": 100000.0, "190": 100000.0, "210": 4.312879034346344, "211": 4.176515765646858, "212": 4.643941960312777, "213": 5.875790702159867, "214": 6.937105567855339, "215": 8.570261031417216, "216": 7.808728944369454, "217": 5.819330720858312, "218": 6.3998232175890255, "219": 7.232795353168266, "220": 9.58952025687883, "221": 13.406941675239112, "222": 22.831753179115605, "223": 47.14883654535523, "224": 106.77144239295849, "225": 100000.0, "226": 100000.0, "227": 100000.0, "228": 100000.0, "229": 100000.0, "230": 100000.0, "231": 100000.0, "232": 100000.0, "233": 100000.0, "234": 100000.0, "235": 100000.0, "236": 100000.0, "237": 100000.0, "238": 100000.0, "239": 100000.0, "240": 100000.0, "241": 100000.0, "242": 100000.0, "243": 100000.0, "244": 100000.0, "245": 100000.0, "246": 100000.0, "247": 100000.0, "248": 100000.0, "249": 100000.0, "250": 100000.0, "251": 100000.0, "252": 100000.0, "253": 100000.0, "254": 100000.0, "255": 100000.0, "256": 100000.0, "257": 100000.0, "258": 100000.0, "259": 100000.0, "260": 100000.0, "261": 100000.0, "262": 100000.0, "263": 100000.0, "264": 100000.0, "265": 100000.0, "266": 100000.0, "267": 100000.0, "268": 100000.0, "269": 100000.0, "270": 100000.0, "271": 100000.0, "272": 100000.0, "273": 100000.0, "274": 100000.0, "275": 100000.0, "276": 100000.0, "277": 100000.0, "278": 100000.0, "279": 100000.0, "280": 100000.0, "281": 100000.0, "282": 100000.0, "283": 100000.0, "316": 1.2059510904672575, "317": 1.6093462783352244, "318": 1.784501960554151, "319": 1.970174569752401, "320": 2.1680909365185057, "321": 2.248521067217526, "322": 2.307052981894707, "323": 1.816906525459273, "324": 1.3753373578190384, "325": 2.029730998232839, "326": 2.03462707378284, "327": 2.7360623583089425, "328": 3.5253463521685244, "329": 3.978344731551564, "330": 4.463599281199337, "331": 4.734047065045226, "332": 5.012763223816233, "333": 5.010130891372499, "334": 4.9739021347299195, "335": 5.68220551461597, "336": 5.953862726829131, "337": 6.678170628507851, "338": 7.753849987291829, "339": 8.806780773535626, "340": 9.521531336972563, "341": 10.467544701160854, "342": 11.333928559432529, "343": 11.881228415756146, "344": 13.209079656567145, "345": 14.265127961518479, "346": 15.0851556238931, "347": 15.64360540831409, "348": 16.772637835447956, "349": 18.130680698621525, "350": 19.771610047159843, "351": 21.230836336315416, "352": 23.025609751347083, "353": 23.30056401966047, "354": 24.92304663938577, "355": 28.304017246167877, "356": 29.454102742046963, "357": 35.412491518109114, "358": 38.4111677428179, "359": 44.03738709503725, "360": 43.58093571038126, "361": 62.466107619214384, "362": 74.02061374871663, "363": 74.7221469157005, "364": 121.73041839237813, "365": 285.31685067235446, "366": 427.4418788888472, "367": 2238.806635962999, "368": 100000.0, "369": 100000.0, "370": 100000.0, "371": 100000.0, "372": 822.8593203075891, "373": 359.45034813275026, "374": 186.863967901331, "375": 121.00071558415472, "376": 87.39574057237117, "377": 66.42050137941081, "378": 54.217285701253864, "379": 43.42467522626922, "380": 34.906474492817374, "381": 27.72444646355793, "382": 22.625925403636842, "383": 20.503231090171653, "384": 19.018840724028387, "385": 18.066079708089173, "386": 15.892723966028747, "387": 14.232449579809064, "388": 14.345988338382384, "389": 13.988708428737255, "390": 12.435547325535603, "391": 10.128249693445623, "392": 9.381371062147585, "393": 7.903323367463469, "394": 7.901376409722103, "395": 8.172053553109665, "396": 7.362700204136156, "397": 5.954293895232746, "398": 5.968517620403812, "399": 5.2800632752342045, "400": 4.651116988605211, "401": 4.818510011788954, "402": 4.7651285082547306,