{"type": "scs+c", "calc_mask": [["ndi", {"band_1": 850, "band_2": 660, "min": 0.1, "max": 1.0}], ["ancillary", {"name": "slope", "min": 0.08726646259971647, "max": "+inf"}], ["ancillary", {"name": "cosine_i", "min": 0.12, "max": "+inf"}], ["cloud", {"method": "zhai_2018", "cloud": true, "shadow": false, "T1": 2.5, "t2": 0.5, "t3": 0.3333333333333333, "t4": 0.6666666666666666, "T7": 15, "T8": 15}], ["cloud", {"method": "zhai_2018", "cloud": false, "shadow": true, "T1": 2.5, "t2": 0.5, "t3": 0.3333333333333333, "t4": 0.6666666666666666, "T7": 15, "T8": 15}]], "apply_mask": [["ndi", {"band_1": 850, "band_2": 660, "min": 0.1, "max": 1.0}], ["ancillary", {"name": "slope", "min": 0.08726646259971647, "max": "+inf"}], ["ancillary", {"name": "cosine_i", "min": 0.12, "max": "+inf"}]], "c_fit_type": "nnls", "coeffs": {"4": 100000.0, "5": 38.28749814613981, "6": 100000.0, "7": 9.82714218999709, "8": 6.747896010089255, "9": 5.003373101812069, "10": 6.117293956739015, "11": 5.220492171941969, "12": 5.459063315196805, "13": 5.256295828476453, "14": 4.329096124245234, "15": 4.215440442750611, "16": 3.880937020355017, "17": 3.261433215910445, "18": 3.2028823144791283, "19": 3.340734946071193, "20": 3.485516230981387, "21": 3.3515194203673166, "22": 3.356060478669549, "23": 3.6287913743596407, "24": 4.441826140191076, "25": 5.74255854549926, "26": 9.866106073322591, "27": 35.91435895988481, "28": 100000.0, "29": 100000.0, "30": 100000.0, "31": 100000.0, "32": 100000.0, "33": 100000.0, "34": 100000.0, "35": 100000.0, "36": 100000.0, "37": 100000.0, "38": 100000.0, "39": 100000.0, "40": 100000.0, "41": 100000.0, "42": 100000.0, "43": 100000.0, "44": 100000.0, "45": 156.52406383349043, "46": 43.77944742913165, "47": 26.83788596187496, "48": 19.623626189880802, "49": 17.397635944508107, "50": 16.647165348366407, "51": 15.250191152532517, "52": 11.854742558770518, "53": 8.802457330751235, "54": 7.278593173770395, "55": 6.256074265143526, "56": 5.422072148534374, "57": 4.613522396000947, "58": 4.162091202895532, "59": 3.5960679989068547, "60": 6.309785127649049, "61": 8.69132516738491, "62": 639.7206865754674, "63": 100000.0, "64": 100000.0, "65": 100000.0, "66": 100000.0, "67": 100000.0, "68": 100000.0, "69": 100000.0, "70": 100000.0, "71": 100000.0, "72": 100000.0, "73": 100000.0, "74": 100000.0, "75": 100000.0, "76": 100000.0, "77": 100000.0, "78": 100000.0, "79": 100000.0, "80": 100000.0, "81": 100000.0, "82": 100000.0, "83": 100000.0, "84": 100000.0, "85": 100000.0, "86": 100000.0, "87": 100000.0, "88": 100000.0, "89": 100000.0, "90": 100000.0, "91": 100000.0, "92": 100000.0, "93": 100000.0, "94": 100000.0, "95": 100000.0, "96": 100000.0, "97": 100000.0, "98": 100000.0, "99": 100000.0, "100": 100000.0, "101": 100000.0, "102": 100000.0, "103": 100000.0, "104": 100000.0, "105": 100000.0, "106": 100000.0, "107": 100000.0, "108": 100000.0, "109": 100000.0, "110": 100000.0, "111": 100000.0, "112": 100000.0, "113": 100000.0, "114": 100000.0, "115": 100000.0, "116": 100000.0, "117": 100000.0, "118": 100000.0, "119": 100000.0, "120": 100000.0, "121": 100000.0, "122": 100000.0, "123": 100000.0, "124": 100000.0, "125": 100000.0, "126": 100000.0, "127": 100000.0, "128": 100000.0, "129": 100000.0, "130": 100000.0, "131": 100000.0, "132": 100000.0, "133": 100000.0, "134": 100000.0, "135": 100000.0, "136": 100000.0, "137": 100000.0, "138": 100000.0, "139": 100000.0, "140": 100000.0, "141": 100000.0, "142": 100000.0, "143": 100000.0, "144": 100000.0, "145": 100000.0, "146": 100000.0, "147": 100000.0, "148": 100000.0, "149": 100000.0, "150": 100000.0, "151": 100000.0, "152": 100000.0, "153": 100000.0, "154": 100000.0, "155": 100000.0, "156": 100000.0, "157": 100000.0, "158": 100000.0, "159": 100000.0, "160": 100000.0, "161": 100000.0, "162": 100000.0, "163": 100000.0, "164": 100000.0, "165": 100000.0, "166": 100000.0, "167": 100000.0, "168": 100000.0, "169": 100000.0, "170": 100000.0, "171": 100000.0, "172": 100000.0, "173": 100000.0, "174": 100000.0, "175": 100000.0, "176": 100000.0, "177": 100000.0, "178": 100000.0, "179": 100000.0, "180": 100000.0, "181": 100000.0, "182": 100000.0, "183": 100000.0, "184": 100000.0, "185": 100000.0, "186": 100000.0, "187": 100000.0, "188": 100000.0, "189": 100000.0, "190": 100000.0, "210": 100000.0, "211": 100000.0, "212": 100000.0, "213": 100000.0, "214": 100000.0, "215": 100000.0, "216": 100000.0, "217": 100000.0, "218": 100000.0, "219": 100000.0, "220": 100000.0, "221": 100000.0, "222": 100000.0, "223": 100000.0, "224": 100000.0, "225": 100000.0, "226": 100000.0, "227": 100000.0, "228": 100000.0, "229": 100000.0, "230": 100000.0, "231": 100000.0, "232": 100000.0, "233": 100000.0, "234": 100000.0, "235": 100000.0, "236": 100000.0, "237": 100000.0, "238": 100000.0, "239": 100000.0, "240": 100000.0, "241": 100000.0, "242": 100000.0, "243": 100000.0, "244": 100000.0, "245": 100000.0, "246": 100000.0, "247": 100000.0, "248": 100000.0, "249": 100000.0, "250": 100000.0, "251": 100000.0, "252": 100000.0, "253": 100000.0, "254": 100000.0, "255": 100000.0, "256": 100000.0, "257": 100000.0, "258": 100000.0, "259": 100000.0, "260": 100000.0, "261": 100000.0, "262": 100000.0, "263": 100000.0, "264": 100000.0, "265": 100000.0, "266": 100000.0, "267": 100000.0, "268": 100000.0, "269": 100000.0, "270": 100000.0, "271": 100000.0, "272": 100000.0, "273": 100000.0, "274": 100000.0, "275": 100000.0, "276": 100000.0, "277": 100000.0, "278": 100000.0, "279": 100000.0, "280": 100000.0, "281": 100000.0, "282": 100000.0, "283": 100000.0, "316": 4.471103282877542, "317": 7.171782354256604, "318": 8.73275957351826, "319": 10.903228977966577, "320": 14.476185513071702, "321": 16.200977356862232, "322": 18.54409876085315, "323": 10.110701603603966, "324": 6.441715327571523, "325": 14.836939703194233, "326": 14.262768808788115, "327": 47.82455850965302, "328": 100000.0, "329": 100000.0, "330": 100000.0, "331": 100000.0, "332": 100000.0, "333": 100000.0, "334": 100000.0, "335": 100000.0, "336": 100000.0, "337": 100000.0, "338": 100000.0, "339": 100000.0, "340": 100000.0, "341": 100000.0, "342": 100000.0, "343": 100000.0, "344": 100000.0, "345": 100000.0, "346": 100000.0, "347": 100000.0, "348": 100000.0, "349": 100000.0, "350": 100000.0, "351": 100000.0, "352": 100000.0, "353": 100000.0, "354": 100000.0, "355": 100000.0, "356": 100000.0, "357": 100000.0, "358": 100000.0, "359": 100000.0, "360": 100000.0, "361": 100000.0, "362": 100000.0, "363": 100000.0, "364": 100000.0, "365": 100000.0, "366": 100000.0, "367": 100000.0, "368": 100000.0, "369": 100000.0, "370": 100000.0, "371": 100000.0, "372": 100000.0, "373": 100000.0, "374": 100000.0, "375": 100000.0, "376": 100000.0, "377": 100000.0, "378": 100000.0, "379": 100000.0, "380": 100000.0, "381": 100000.0, "382": 100000.0, "383": 100000.0, "384": 100000.0, "385": 100000.0, "386": 100000.0, "387": 100000.0, "388": 100000.0, "389": 100000.0, "390": 100000.0, "391": 100000.0, "392": 100000.0, "393": 100000.0, "394": 100000.0, "395": 100000.0, "396": 100000.0, "397": 100000.0, "398": 100000.0, "399": 100000.0, "400": 100000.0, "401": 100000.0, "402": 100000.0, "403": 100000.0, "404": 100000.0, "405": 100000.0, "406": 42.083297039938195, "407": 59.39995186704731, "408": 392.2104946471885, "409": 100000.0, "410": 17.920986037151582, "411": 77.80698348095798, "412": 13.64345186576636, "413": 6.5703348974221925}}