{"type": "scs+c", "calc_mask": [["ndi", {"band_1": 850, "band_2": 660, "min": 0.1, "max": 1.0}], ["ancillary", {"name": "slope", "min": 0.08726646259971647, "max": "+inf"}], ["ancillary", {"name": "cosine_i", "min": 0.12, "max": "+inf"}], ["cloud", {"method": "zhai_2018", "cloud": true, "shadow": false, "T1": 2.5, "t2": 0.5, "t3": 0.3333333333333333, "t4": 0.6666666666666666, "T7": 15, "T8": 15}], ["cloud", {"method": "zhai_2018", "cloud": false, "shadow": true, "T1": 2.5, "t2": 0.5, "t3": 0.3333333333333333, "t4": 0.6666666666666666, "T7": 15, "T8": 15}]], "apply_mask": [["ndi", {"band_1": 850, "band_2": 660, "min": 0.1, "max": 1.0}], ["ancillary", {"name": "slope", "min": 0.08726646259971647, "max": "+inf"}], ["ancillary", {"name": "cosine_i", "min": 0.12, "max": "+inf"}]], "c_fit_type": "nnls", "coeffs": {"4": 100000.0, "5": 100000.0, "6": 100000.0, "7": 100000.0, "8": 41.28302786942306, "9": 18.629157678693254, "10": 34.03350104057813, "11": 20.417153101369987, "12": 21.408854573597832, "13": 19.87203809097973, "14": 13.415497198557652, "15": 12.928498370090642, "16": 10.979098765327498, "17": 8.181031077484297, "18": 7.786454096276509, "19": 8.118147207208109, "20": 8.584148459233498, "21": 8.089603992479098, "22": 8.160946160629203, "23": 9.597235792348963, "24": 15.631362962403843, "25": 54.92254994780486, "26": 100000.0, "27": 100000.0, "28": 100000.0, "29": 100000.0, "30": 100000.0, "31": 100000.0, "32": 100000.0, "33": 100000.0, "34": 100000.0, "35": 100000.0, "36": 100000.0, "37": 100000.0, "38": 100000.0, "39": 100000.0, "40": 100000.0, "41": 100000.0, "42": 100000.0, "43": 100000.0, "44": 100000.0, "45": 100000.0, "46": 100000.0, "47": 100000.0, "48": 100000.0, "49": 100000.0, "50": 100000.0, "51": 100000.0, "52": 100000.0, "53": 25.761711918115672, "54": 14.108568352953377, "55": 9.98862080275309, "56": 7.27972629316575, "57": 5.5216172115597235, "58": 4.684912963793082, "59": 3.722518086341303, "60": 6.903828607002188, "61": 12.13920258834718, "62": 100000.0, "63": 100000.0, "64": 100000.0, "65": 100000.0, "66": 100000.0, "67": 100000.0, "68": 100000.0, "69": 100000.0, "70": 100000.0, "71": 100000.0, "72": 100000.0, "73": 100000.0, "74": 100000.0, "75": 100000.0, "76": 100000.0, "77": 100000.0, "78": 100000.0, "79": 100000.0, "80": 100000.0, "81": 100000.0, "82": 100000.0, "83": 100000.0, "84": 100000.0, "85": 100000.0, "86": 100000.0, "87": 100000.0, "88": 100000.0, "89": 100000.0, "90": 100000.0, "91": 100000.0, "92": 100000.0, "93": 100000.0, "94": 100000.0, "95": 100000.0, "96": 100000.0, "97": 100000.0, "98": 100000.0, "99": 100000.0, "100": 100000.0, "101": 100000.0, "102": 100000.0, "103": 100000.0, "104": 100000.0, "105": 100000.0, "106": 100000.0, "107": 100000.0, "108": 100000.0, "109": 100000.0, "110": 100000.0, "111": 100000.0, "112": 100000.0, "113": 100000.0, "114": 100000.0, "115": 100000.0, "116": 100000.0, "117": 100000.0, "118": 100000.0, "119": 100000.0, "120": 100000.0, "121": 100000.0, "122": 100000.0, "123": 100000.0, "124": 100000.0, "125": 100000.0, "126": 100000.0, "127": 100000.0, "128": 100000.0, "129": 100000.0, "130": 100000.0, "131": 100000.0, "132": 100000.0, "133": 100000.0, "134": 100000.0, "135": 100000.0, "136": 100000.0, "137": 100000.0, "138": 100000.0, "139": 100000.0, "140": 100000.0, "141": 100000.0, "142": 100000.0, "143": 100000.0, "144": 100000.0, "145": 100000.0, "146": 100000.0, "147": 100000.0, "148": 100000.0, "149": 100000.0, "150": 100000.0, "151": 100000.0, "152": 100000.0, "153": 100000.0, "154": 100000.0, "155": 100000.0, "156": 100000.0, "157": 100000.0, "158": 100000.0, "159": 100000.0, "160": 100000.0, "161": 100000.0, "162": 100000.0, "163": 100000.0, "164": 100000.0, "165": 100000.0, "166": 100000.0, "167": 100000.0, "168": 100000.0, "169": 100000.0, "170": 100000.0, "171": 100000.0, "172": 100000.0, "173": 100000.0, "174": 100000.0, "175": 100000.0, "176": 100000.0, "177": 100000.0, "178": 100000.0, "179": 100000.0, "180": 100000.0, "181": 100000.0, "182": 100000.0, "183": 100000.0, "184": 100000.0, "185": 100000.0, "186": 100000.0, "187": 100000.0, "188": 100000.0, "189": 100000.0, "190": 100000.0, "210": 100000.0, "211": 169.81610945708525, "212": 100000.0, "213": 100000.0, "214": 100000.0, "215": 100000.0, "216": 100000.0, "217": 100000.0, "218": 100000.0, "219": 100000.0, "220": 100000.0, "221": 100000.0, "222": 100000.0, "223": 100000.0, "224": 100000.0, "225": 100000.0, "226": 100000.0, "227": 100000.0, "228": 100000.0, "229": 100000.0, "230": 100000.0, "231": 100000.0, "232": 100000.0, "233": 100000.0, "234": 100000.0, "235": 100000.0, "236": 100000.0, "237": 100000.0, "238": 100000.0, "239": 100000.0, "240": 100000.0, "241": 100000.0, "242": 100000.0, "243": 100000.0, "244": 100000.0, "245": 100000.0, "246": 100000.0, "247": 100000.0, "248": 100000.0, "249": 100000.0, "250": 100000.0, "251": 100000.0, "252": 100000.0, "253": 100000.0, "254": 100000.0, "255": 100000.0, "256": 100000.0, "257": 100000.0, "258": 100000.0, "259": 100000.0, "260": 100000.0, "261": 100000.0, "262": 100000.0, "263": 100000.0, "264": 100000.0, "265": 100000.0, "266": 100000.0, "267": 100000.0, "268": 100000.0, "269": 100000.0, "270": 100000.0, "271": 100000.0, "272": 100000.0, "273": 100000.0, "274": 100000.0, "275": 100000.0, "276": 100000.0, "277": 100000.0, "278": 100000.0, "279": 100000.0, "280": 100000.0, "281": 100000.0, "282": 100000.0, "283": 100000.0, "316": 3.009745820467531, "317": 4.537329702434071, "318": 5.3621470221556855, "319": 6.404620635615102, "320": 7.812901253532953, "321": 8.767744427370411, "322": 9.550761553569693, "323": 7.045104659736354, "324": 5.438410747201615, "325": 9.765246876270458, "326": 10.487998911618908, "327": 23.549829418629887, "328": 1863.3766034756616, "329": 100000.0, "330": 100000.0, "331": 100000.0, "332": 100000.0, "333": 100000.0, "334": 100000.0, "335": 100000.0, "336": 100000.0, "337": 100000.0, "338": 100000.0, "339": 100000.0, "340": 100000.0, "341": 100000.0, "342": 100000.0, "343": 100000.0, "344": 100000.0, "345": 100000.0, "346": 100000.0, "347": 100000.0, "348": 100000.0, "349": 100000.0, "350": 100000.0, "351": 100000.0, "352": 100000.0, "353": 100000.0, "354": 100000.0, "355": 100000.0, "356": 100000.0, "357": 100000.0, "358": 100000.0, "359": 100000.0, "360": 100000.0, "361": 100000.0, "362": 100000.0, "363": 100000.0, "364": 100000.0, "365": 100000.0, "366": 100000.0, "367": 100000.0, "368": 100000.0, "369": 100000.0, "370": 100000.0, "371": 100000.0, "372": 100000.0, "373": 100000.0, "374": 100000.0, "375": 100000.0, "376": 100000.0, "377": 100000.0, "378": 100000.0, "379": 100000.0, "380": 100000.0, "381": 100000.0, "382": 100000.0, "383": 100000.0, "384": 100000.0, "385": 100000.0, "386": 100000.0, "387": 100000.0, "388": 100000.0, "389": 100000.0, "390": 100000.0, "391": 100000.0, "392": 100000.0, "393": 100000.0, "394": 100000.0, "395": 100000.0, "396": 100000.0, "397": 100000.0, "398": 100000.0, "399": 100000.0, "400": 100000.0, "401": 100000.0, "402": 100000.0, "403": 100000.0, "404": 100000.0, "405": 97.9416229958771, "406": 20.765724345069646, "407": 23.33026317038266, "408": 44.84598044209846, "409": 47.1889703953778, "410": 13.1056088010506, "411": 22.428839503168795, "412": 8.635197654406575, "413": 4.441693647862314}}