{"type": "scs+c", "calc_mask": [["ndi", {"band_1": 850, "band_2": 660, "min": 0.1, "max": 1.0}], ["ancillary", {"name": "slope", "min": 0.08726646259971647, "max": "+inf"}], ["ancillary", {"name": "cosine_i", "min": 0.12, "max": "+inf"}], ["cloud", {"method": "zhai_2018", "cloud": true, "shadow": false, "T1": 2.5, "t2": 0.5, "t3": 0.3333333333333333, "t4": 0.6666666666666666, "T7": 15, "T8": 15}], ["cloud", {"method": "zhai_2018", "cloud": false, "shadow": true, "T1": 2.5, "t2": 0.5, "t3": 0.3333333333333333, "t4": 0.6666666666666666, "T7": 15, "T8": 15}]], "apply_mask": [["ndi", {"band_1": 850, "band_2": 660, "min": 0.1, "max": 1.0}], ["ancillary", {"name": "slope", "min": 0.08726646259971647, "max": "+inf"}], ["ancillary", {"name": "cosine_i", "min": 0.12, "max": "+inf"}]], "c_fit_type": "nnls", "coeffs": {"4": 100000.0, "5": 139.53693015778643, "6": 100000.0, "7": 18.578197787902866, "8": 12.501951701079335, "9": 8.85212856297016, "10": 12.480053548227545, "11": 10.005751322155934, "12": 10.983600245283682, "13": 10.932957786222305, "14": 8.839183521661395, "15": 8.753849057785251, "16": 7.9564822338294885, "17": 6.385369688356313, "18": 6.267355857465712, "19": 6.630684011405467, "20": 7.081611936189735, "21": 6.939415111754916, "22": 7.234581542237958, "23": 8.690634333947338, "24": 14.618125387528691, "25": 56.526009075797006, "26": 100000.0, "27": 100000.0, "28": 100000.0, "29": 100000.0, "30": 100000.0, "31": 100000.0, "32": 100000.0, "33": 100000.0, "34": 100000.0, "35": 100000.0, "36": 100000.0, "37": 100000.0, "38": 100000.0, "39": 100000.0, "40": 100000.0, "41": 100000.0, "42": 100000.0, "43": 100000.0, "44": 100000.0, "45": 100000.0, "46": 100000.0, "47": 100000.0, "48": 100000.0, "49": 100000.0, "50": 100000.0, "51": 100000.0, "52": 100000.0, "53": 100000.0, "54": 69.70592380586297, "55": 26.308410112319443, "56": 13.838388480766156, "57": 8.8130499450549, "58": 6.93267165159966, "59": 5.471666542247499, "60": 11.746371474751365, "61": 44.98120762219394, "62": 100000.0, "63": 100000.0, "64": 100000.0, "65": 100000.0, "66": 100000.0, "67": 100000.0, "68": 100000.0, "69": 100000.0, "70": 100000.0, "71": 100000.0, "72": 100000.0, "73": 100000.0, "74": 100000.0, "75": 100000.0, "76": 100000.0, "77": 100000.0, "78": 100000.0, "79": 100000.0, "80": 100000.0, "81": 100000.0, "82": 100000.0, "83": 100000.0, "84": 100000.0, "85": 100000.0, "86": 100000.0, "87": 100000.0, "88": 100000.0, "89": 100000.0, "90": 100000.0, "91": 100000.0, "92": 100000.0, "93": 100000.0, "94": 100000.0, "95": 100000.0, "96": 100000.0, "97": 100000.0, "98": 100000.0, "99": 100000.0, "100": 100000.0, "101": 100000.0, "102": 100000.0, "103": 100000.0, "104": 100000.0, "105": 100000.0, "106": 100000.0, "107": 100000.0, "108": 100000.0, "109": 100000.0, "110": 100000.0, "111": 100000.0, "112": 100000.0, "113": 100000.0, "114": 100000.0, "115": 100000.0, "116": 100000.0, "117": 100000.0, "118": 100000.0, "119": 100000.0, "120": 100000.0, "121": 100000.0, "122": 100000.0, "123": 100000.0, "124": 100000.0, "125": 100000.0, "126": 100000.0, "127": 100000.0, "128": 100000.0, "129": 100000.0, "130": 100000.0, "131": 100000.0, "132": 100000.0, "133": 100000.0, "134": 100000.0, "135": 100000.0, "136": 100000.0, "137": 100000.0, "138": 100000.0, "139": 100000.0, "140": 100000.0, "141": 100000.0, "142": 100000.0, "143": 100000.0, "144": 100000.0, "145": 100000.0, "146": 100000.0, "147": 100000.0, "148": 100000.0, "149": 100000.0, "150": 100000.0, "151": 100000.0, "152": 100000.0, "153": 100000.0, "154": 100000.0, "155": 100000.0, "156": 100000.0, "157": 100000.0, "158": 100000.0, "159": 100000.0, "160": 100000.0, "161": 100000.0, "162": 100000.0, "163": 100000.0, "164": 100000.0, "165": 100000.0, "166": 100000.0, "167": 100000.0, "168": 100000.0, "169": 100000.0, "170": 100000.0, "171": 100000.0, "172": 100000.0, "173": 100000.0, "174": 100000.0, "175": 100000.0, "176": 100000.0, "177": 100000.0, "178": 100000.0, "179": 100000.0, "180": 100000.0, "181": 100000.0, "182": 100000.0, "183": 100000.0, "184": 100000.0, "185": 100000.0, "186": 100000.0, "187": 100000.0, "188": 100000.0, "189": 100000.0, "190": 100000.0, "210": 100000.0, "211": 100000.0, "212": 100000.0, "213": 100000.0, "214": 100000.0, "215": 100000.0, "216": 100000.0, "217": 100000.0, "218": 100000.0, "219": 100000.0, "220": 100000.0, "221": 100000.0, "222": 100000.0, "223": 100000.0, "224": 100000.0, "225": 100000.0, "226": 100000.0, "227": 100000.0, "228": 100000.0, "229": 100000.0, "230": 100000.0, "231": 100000.0, "232": 100000.0, "233": 100000.0, "234": 100000.0, "235": 100000.0, "236": 100000.0, "237": 100000.0, "238": 100000.0, "239": 100000.0, "240": 100000.0, "241": 100000.0, "242": 100000.0, "243": 100000.0, "244": 100000.0, "245": 100000.0, "246": 100000.0, "247": 100000.0, "248": 100000.0, "249": 100000.0, "250": 100000.0, "251": 100000.0, "252": 100000.0, "253": 100000.0, "254": 100000.0, "255": 100000.0, "256": 100000.0, "257": 100000.0, "258": 100000.0, "259": 100000.0, "260": 100000.0, "261": 100000.0, "262": 100000.0, "263": 100000.0, "264": 100000.0, "265": 100000.0, "266": 100000.0, "267": 100000.0, "268": 100000.0, "269": 100000.0, "270": 100000.0, "271": 100000.0, "272": 100000.0, "273": 100000.0, "274": 100000.0, "275": 100000.0, "276": 100000.0, "277": 100000.0, "278": 100000.0, "279": 100000.0, "280": 100000.0, "281": 100000.0, "282": 100000.0, "283": 100000.0, "316": 4.386560438455116, "317": 5.523694121090883, "318": 6.438931499822944, "319": 7.202003028718658, "320": 8.168076144091886, "321": 9.034389246338067, "322": 9.0553339311167, "323": 7.0094245068029215, "324": 6.80731797131418, "325": 9.715252030947212, "326": 10.8685529680597, "327": 19.716945710250023, "328": 41.677695966331356, "329": 120.84254613676465, "330": 100000.0, "331": 100000.0, "332": 100000.0, "333": 100000.0, "334": 100000.0, "335": 100000.0, "336": 100000.0, "337": 100000.0, "338": 100000.0, "339": 100000.0, "340": 100000.0, "341": 100000.0, "342": 100000.0, "343": 100000.0, "344": 100000.0, "345": 100000.0, "346": 100000.0, "347": 100000.0, "348": 100000.0, "349": 100000.0, "350": 100000.0, "351": 100000.0, "352": 100000.0, "353": 100000.0, "354": 100000.0, "355": 100000.0, "356": 100000.0, "357": 100000.0, "358": 100000.0, "359": 100000.0, "360": 100000.0, "361": 100000.0, "362": 100000.0, "363": 100000.0, "364": 100000.0, "365": 100000.0, "366": 100000.0, "367": 100000.0, "368": 100000.0, "369": 100000.0, "370": 100000.0, "371": 100000.0, "372": 100000.0, "373": 100000.0, "374": 100000.0, "375": 100000.0, "376": 100000.0, "377": 100000.0, "378": 100000.0, "379": 100000.0, "380": 100000.0, "381": 100000.0, "382": 100000.0, "383": 100000.0, "384": 100000.0, "385": 100000.0, "386": 100000.0, "387": 100000.0, "388": 100000.0, "389": 100000.0, "390": 100000.0, "391": 100000.0, "392": 100000.0, "393": 100000.0, "394": 100000.0, "395": 100000.0, "396": 100000.0, "397": 100000.0, "398": 100000.0, "399": 100000.0, "400": 100000.0, "401": 100000.0, "402": 100000.0, "403": 100000.0, "404": 100000.0, "405": 364.7842479259615, "406": 42.49924540089417, "407": 58.72157183897425, "408": 96.63774149925582, "409": 63.881384086615526, "410": 27.575013235826752, "411": 35.59537657322328, "412": 14.840814749215834, "413": 9.894399041059588}}