{"type": "scs+c", "calc_mask": [["ndi", {"band_1": 850, "band_2": 660, "min": 0.1, "max": 1.0}], ["ancillary", {"name": "slope", "min": 0.08726646259971647, "max": "+inf"}], ["ancillary", {"name": "cosine_i", "min": 0.12, "max": "+inf"}], ["cloud", {"method": "zhai_2018", "cloud": true, "shadow": false, "T1": 2.5, "t2": 0.5, "t3": 0.3333333333333333, "t4": 0.6666666666666666, "T7": 15, "T8": 15}], ["cloud", {"method": "zhai_2018", "cloud": false, "shadow": true, "T1": 2.5, "t2": 0.5, "t3": 0.3333333333333333, "t4": 0.6666666666666666, "T7": 15, "T8": 15}]], "apply_mask": [["ndi", {"band_1": 850, "band_2": 660, "min": 0.1, "max": 1.0}], ["ancillary", {"name": "slope", "min": 0.08726646259971647, "max": "+inf"}], ["ancillary", {"name": "cosine_i", "min": 0.12, "max": "+inf"}]], "c_fit_type": "nnls", "coeffs": {"4": 217.94690022494117, "5": 13.103591370992529, "6": 31.115756052746363, "7": 7.620972172249191, "8": 5.819631724466477, "9": 4.538735200448507, "10": 5.256877298300677, "11": 4.643575398319157, "12": 4.78803921124238, "13": 4.657891627060937, "14": 3.9690584280004764, "15": 3.8675596649751687, "16": 3.5535319573768946, "17": 3.0286802073217056, "18": 2.9256056778382145, "19": 2.9889007339622786, "20": 3.0589423635098045, "21": 2.9387494882439946, "22": 2.9494217333771315, "23": 3.1892714735441308, "24": 3.8910277115395773, "25": 5.1335567334402805, "26": 9.01630824662685, "27": 37.342675935889964, "28": 100000.0, "29": 100000.0, "30": 100000.0, "31": 100000.0, "32": 100000.0, "33": 100000.0, "34": 100000.0, "35": 100000.0, "36": 100000.0, "37": 100000.0, "38": 100000.0, "39": 100000.0, "40": 100000.0, "41": 100000.0, "42": 100000.0, "43": 167.43688436819085, "44": 80.72116704585244, "45": 37.49877461102589, "46": 19.4994760734721, "47": 13.341001284309868, "48": 10.282991388781891, "49": 9.082079795591005, "50": 8.509510216270398, "51": 7.600685055405381, "52": 6.025605941044666, "53": 4.587481276811073, "54": 3.8241651395423433, "55": 3.332346379985065, "56": 2.8752646704767906, "57": 2.4604564798451345, "58": 2.2077657547350933, "59": 1.8424244994669996, "60": 2.8368893693848745, "61": 3.521480079438052, "62": 10.220849448264667, "63": 100000.0, "64": 100000.0, "65": 100000.0, "66": 100000.0, "67": 100000.0, "68": 100000.0, "69": 100000.0, "70": 100000.0, "71": 100000.0, "72": 100000.0, "73": 100000.0, "74": 100000.0, "75": 100000.0, "76": 100000.0, "77": 100000.0, "78": 100000.0, "79": 100000.0, "80": 100000.0, "81": 100000.0, "82": 100000.0, "83": 100000.0, "84": 100000.0, "85": 100000.0, "86": 100000.0, "87": 100000.0, "88": 100000.0, "89": 100000.0, "90": 100000.0, "91": 100000.0, "92": 100000.0, "93": 100000.0, "94": 100000.0, "95": 100000.0, "96": 100000.0, "97": 100000.0, "98": 100000.0, "99": 100000.0, "100": 100000.0, "101": 100000.0, "102": 100000.0, "103": 100000.0, "104": 100000.0, "105": 100000.0, "106": 100000.0, "107": 100000.0, "108": 100000.0, "109": 100000.0, "110": 100000.0, "111": 100000.0, "112": 100000.0, "113": 100000.0, "114": 100000.0, "115": 100000.0, "116": 100000.0, "117": 100000.0, "118": 100000.0, "119": 100000.0, "120": 100000.0, "121": 100000.0, "122": 100000.0, "123": 100000.0, "124": 100000.0, "125": 100000.0, "126": 100000.0, "127": 100000.0, "128": 100000.0, "129": 100000.0, "130": 100000.0, "131": 100000.0, "132": 100000.0, "133": 100000.0, "134": 100000.0, "135": 100000.0, "136": 100000.0, "137": 100000.0, "138": 100000.0, "139": 100000.0, "140": 100000.0, "141": 100000.0, "142": 100000.0, "143": 100000.0, "144": 100000.0, "145": 100000.0, "146": 100000.0, "147": 100000.0, "148": 100000.0, "149": 100000.0, "150": 100000.0, "151": 100000.0, "152": 100000.0, "153": 100000.0, "154": 100000.0, "155": 100000.0, "156": 100000.0, "157": 100000.0, "158": 100000.0, "159": 100000.0, "160": 100000.0, "161": 100000.0, "162": 100000.0, "163": 100000.0, "164": 100000.0, "165": 100000.0, "166": 100000.0, "167": 100000.0, "168": 100000.0, "169": 100000.0, "170": 100000.0, "171": 100000.0, "172": 100000.0, "173": 100000.0, "174": 100000.0, "175": 100000.0, "176": 100000.0, "177": 100000.0, "178": 100000.0, "179": 100000.0, "180": 100000.0, "181": 100000.0, "182": 100000.0, "183": 100000.0, "184": 100000.0, "185": 100000.0, "186": 100000.0, "187": 100000.0, "188": 100000.0, "189": 100000.0, "190": 100000.0, "210": 4.830292259037826, "211": 4.526378953491665, "212": 5.1999031054076665, "213": 7.241605139551451, "214": 9.36781130256036, "215": 13.34382599488774, "216": 11.750239757564529, "217": 7.596608248346597, "218": 9.191350237558888, "219": 11.532829085654022, "220": 19.347432131149514, "221": 54.30850858717231, "222": 100000.0, "223": 100000.0, "224": 100000.0, "225": 100000.0, "226": 100000.0, "227": 100000.0, "228": 100000.0, "229": 100000.0, "230": 100000.0, "231": 100000.0, "232": 100000.0, "233": 100000.0, "234": 100000.0, "235": 100000.0, "236": 100000.0, "237": 100000.0, "238": 100000.0, "239": 100000.0, "240": 100000.0, "241": 100000.0, "242": 100000.0, "243": 100000.0, "244": 100000.0, "245": 100000.0, "246": 100000.0, "247": 100000.0, "248": 100000.0, "249": 100000.0, "250": 100000.0, "251": 100000.0, "252": 100000.0, "253": 100000.0, "254": 100000.0, "255": 100000.0, "256": 100000.0, "257": 100000.0, "258": 100000.0, "259": 100000.0, "260": 100000.0, "261": 100000.0, "262": 100000.0, "263": 100000.0, "264": 100000.0, "265": 100000.0, "266": 100000.0, "267": 100000.0, "268": 100000.0, "269": 100000.0, "270": 100000.0, "271": 100000.0, "272": 100000.0, "273": 100000.0, "274": 100000.0, "275": 100000.0, "276": 100000.0, "277": 100000.0, "278": 100000.0, "279": 100000.0, "280": 100000.0, "281": 100000.0, "282": 100000.0, "283": 100000.0, "316": 1.2872690854434636, "317": 1.716926676247649, "318": 1.9117001951817896, "319": 2.134361295971926, "320": 2.3575990081144758, "321": 2.4966056025841192, "322": 2.547976362917722, "323": 2.105275500696734, "324": 1.799724619189343, "325": 2.4519776449695243, "326": 2.5754542619303895, "327": 3.493798951030005, "328": 4.614429404380336, "329": 5.411945421920832, "330": 6.388748653773907, "331": 7.077004088938559, "332": 7.7745076026606625, "333": 8.065524115352579, "334": 8.498827760769574, "335": 10.088042855630675, "336": 11.621241046169123, "337": 14.619491967710843, "338": 20.425317896550744, "339": 28.849216198363983, "340": 41.00756667686688, "341": 66.93998211428028, "342": 129.3010445532942, "343": 326.8633168723391, "344": 100000.0, "345": 100000.0, "346": 100000.0, "347": 100000.0, "348": 100000.0, "349": 100000.0, "350": 100000.0, "351": 100000.0, "352": 100000.0, "353": 100000.0, "354": 100000.0, "355": 100000.0, "356": 100000.0, "357": 100000.0, "358": 100000.0, "359": 100000.0, "360": 100000.0, "361": 100000.0, "362": 100000.0, "363": 100000.0, "364": 100000.0, "365": 100000.0, "366": 100000.0, "367": 100000.0, "368": 100000.0, "369": 100000.0, "370": 100000.0, "371": 100000.0, "372": 100000.0, "373": 100000.0, "374": 100000.0, "375": 100000.0, "376": 100000.0, "377": 100000.0, "378": 100000.0, "379": 100000.0, "380": 100000.0, "381": 100000.0, "382": 100000.0, "383": 100000.0, "384": 100000.0, "385": 100000.0, "386": 100000.0, "387": 100000.0, "388": 100000.0, "389": 100000.0, "390": 269.5270362094881, "391": 50.97127710694513, "392": 33.84878001944967, "393": 21.89669257725036, "394": 20.766233907339053, "395": 21.75397911624462, "396": 16.539957193192873, "397": 11.746689811406148, "398": 10.744173249634889, "399": 8.629688745944199, "400": 7.3371740148322075, "401": 7.510928592262666, "402": 7.374828658280172, "403": 6.882867919262637, "404": 5.619230972139992, "405": 4.749602264855151, "406": 3.7789196624170067, "407": 3.9419576626983495, "408": 4.491581446222621, "409": 4.359247623531358, "410": 3.354164834397199, "411": 3.7990412390365553, "412": 2.6797602056158496, "413": 1.8893811139278203}}