{"type": "scs+c", "calc_mask": [["ndi", {"band_1": 850, "band_2": 660, "min": 0.1, "max": 1.0}], ["ancillary", {"name": "slope", "min": 0.08726646259971647, "max": "+inf"}], ["ancillary", {"name": "cosine_i", "min": 0.12, "max": "+inf"}], ["cloud", {"method": "zhai_2018", "cloud": true, "shadow": false, "T1": 2.5, "t2": 0.5, "t3": 0.3333333333333333, "t4": 0.6666666666666666, "T7": 15, "T8": 15}], ["cloud", {"method": "zhai_2018", "cloud": false, "shadow": true, "T1": 2.5, "t2": 0.5, "t3": 0.3333333333333333, "t4": 0.6666666666666666, "T7": 15, "T8": 15}]], "apply_mask": [["ndi", {"band_1": 850, "band_2": 660, "min": 0.1, "max": 1.0}], ["ancillary", {"name": "slope", "min": 0.08726646259971647, "max": "+inf"}], ["ancillary", {"name": "cosine_i", "min": 0.12, "max": "+inf"}]], "c_fit_type": "nnls", "coeffs": {"4": 100000.0, "5": 205.81330310830901, "6": 100000.0, "7": 15.212035857321936, "8": 9.406047624540594, "9": 6.4064150838900735, "10": 7.43561413168768, "11": 5.990605552897371, "12": 6.019595160693315, "13": 5.677546298094758, "14": 4.645496640925872, "15": 4.41280311975366, "16": 3.9617915637607344, "17": 3.245426849107614, "18": 3.085190206016937, "19": 3.1257232279397065, "20": 3.18481708618893, "21": 3.0132446977691236, "22": 3.017316936276881, "23": 3.3413278343230615, "24": 4.336461949077777, "25": 6.607279379125911, "26": 19.834646282202765, "27": 100000.0, "28": 100000.0, "29": 100000.0, "30": 100000.0, "31": 100000.0, "32": 100000.0, "33": 100000.0, "34": 100000.0, "35": 100000.0, "36": 100000.0, "37": 100000.0, "38": 100000.0, "39": 100000.0, "40": 100000.0, "41": 100000.0, "42": 100000.0, "43": 100000.0, "44": 100000.0, "45": 100000.0, "46": 100000.0, "47": 44.08028831897748, "48": 19.96134944664075, "49": 15.063822290823039, "50": 13.067060494005469, "51": 10.20587507199751, "52": 6.741686966901588, "53": 4.474293870970502, "54": 3.469162517861955, "55": 2.852436222060147, "56": 2.295436182503721, "57": 1.8595599059538241, "58": 1.6101371173862071, "59": 1.3087719750886881, "60": 2.121337275968914, "61": 2.9692430859033854, "62": 14.425817972444014, "63": 100000.0, "64": 100000.0, "65": 100000.0, "66": 100000.0, "67": 100000.0, "68": 100000.0, "69": 100000.0, "70": 100000.0, "71": 100000.0, "72": 100000.0, "73": 100000.0, "74": 100000.0, "75": 100000.0, "76": 100000.0, "77": 100000.0, "78": 100000.0, "79": 100000.0, "80": 100000.0, "81": 100000.0, "82": 100000.0, "83": 100000.0, "84": 100000.0, "85": 100000.0, "86": 100000.0, "87": 100000.0, "88": 100000.0, "89": 100000.0, "90": 100000.0, "91": 100000.0, "92": 100000.0, "93": 100000.0, "94": 100000.0, "95": 100000.0, "96": 100000.0, "97": 100000.0, "98": 100000.0, "99": 100000.0, "100": 100000.0, "101": 100000.0, "102": 100000.0, "103": 100000.0, "104": 100000.0, "105": 100000.0, "106": 100000.0, "107": 100000.0, "108": 100000.0, "109": 100000.0, "110": 100000.0, "111": 100000.0, "112": 100000.0, "113": 100000.0, "114": 100000.0, "115": 100000.0, "116": 100000.0, "117": 100000.0, "118": 100000.0, "119": 100000.0, "120": 100000.0, "121": 100000.0, "122": 100000.0, "123": 100000.0, "124": 100000.0, "125": 100000.0, "126": 100000.0, "127": 100000.0, "128": 100000.0, "129": 100000.0, "130": 100000.0, "131": 100000.0, "132": 100000.0, "133": 100000.0, "134": 100000.0, "135": 100000.0, "136": 100000.0, "137": 100000.0, "138": 100000.0, "139": 100000.0, "140": 100000.0, "141": 100000.0, "142": 100000.0, "143": 100000.0, "144": 100000.0, "145": 100000.0, "146": 100000.0, "147": 100000.0, "148": 100000.0, "149": 100000.0, "150": 100000.0, "151": 100000.0, "152": 100000.0, "153": 100000.0, "154": 100000.0, "155": 100000.0, "156": 100000.0, "157": 100000.0, "158": 100000.0, "159": 100000.0, "160": 100000.0, "161": 100000.0, "162": 100000.0, "163": 100000.0, "164": 100000.0, "165": 100000.0, "166": 100000.0, "167": 100000.0, "168": 100000.0, "169": 100000.0, "170": 100000.0, "171": 100000.0, "172": 100000.0, "173": 100000.0, "174": 100000.0, "175": 100000.0, "176": 100000.0, "177": 100000.0, "178": 100000.0, "179": 100000.0, "180": 100000.0, "181": 100000.0, "182": 100000.0, "183": 100000.0, "184": 100000.0, "185": 100000.0, "186": 100000.0, "187": 100000.0, "188": 100000.0, "189": 100000.0, "190": 100000.0, "210": 4.116915420025119, "211": 3.7336832001220825, "212": 4.21686698009241, "213": 5.7768702192887735, "214": 7.43377153565613, "215": 10.685836759268462, "216": 9.813200268637031, "217": 6.460512453514621, "218": 7.656562032702979, "219": 9.909966697633122, "220": 16.459984098988926, "221": 41.69506074699906, "222": 100000.0, "223": 100000.0, "224": 100000.0, "225": 100000.0, "226": 100000.0, "227": 100000.0, "228": 100000.0, "229": 100000.0, "230": 100000.0, "231": 100000.0, "232": 100000.0, "233": 100000.0, "234": 100000.0, "235": 100000.0, "236": 100000.0, "237": 100000.0, "238": 100000.0, "239": 100000.0, "240": 100000.0, "241": 100000.0, "242": 100000.0, "243": 100000.0, "244": 100000.0, "245": 100000.0, "246": 100000.0, "247": 100000.0, "248": 100000.0, "249": 100000.0, "250": 100000.0, "251": 100000.0, "252": 100000.0, "253": 100000.0, "254": 100000.0, "255": 100000.0, "256": 100000.0, "257": 100000.0, "258": 100000.0, "259": 100000.0, "260": 100000.0, "261": 100000.0, "262": 100000.0, "263": 100000.0, "264": 100000.0, "265": 100000.0, "266": 100000.0, "267": 100000.0, "268": 100000.0, "269": 100000.0, "270": 100000.0, "271": 100000.0, "272": 100000.0, "273": 100000.0, "274": 100000.0, "275": 100000.0, "276": 100000.0, "277": 100000.0, "278": 100000.0, "279": 100000.0, "280": 100000.0, "281": 100000.0, "282": 100000.0, "283": 100000.0, "316": 0.8896771780670956, "317": 1.234720150466473, "318": 1.3755508530312897, "319": 1.5460983533661898, "320": 1.7252424837663398, "321": 1.8391941460996974, "322": 1.9250389360955076, "323": 1.6832806520516046, "324": 1.44324261125287, "325": 1.980821321218869, "326": 2.074822516668165, "327": 2.710012738649532, "328": 3.4932262328803, "329": 4.035723250731108, "330": 4.719008206241029, "331": 5.215414477476459, "332": 5.6961815081701745, "333": 6.075347122935255, "334": 6.348794595788176, "335": 7.250970374567811, "336": 8.218252888165088, "337": 9.70991795591428, "338": 12.257033354971389, "339": 15.28558330512906, "340": 18.6831100195657, "341": 23.64693138854606, "342": 29.03394906468011, "343": 34.19612719127688, "344": 51.759894076543056, "345": 80.30395721027004, "346": 125.21906455415582, "347": 177.15970170162475, "348": 1747.6822653825452, "349": 100000.0, "350": 100000.0, "351": 100000.0, "352": 100000.0, "353": 100000.0, "354": 100000.0, "355": 100000.0, "356": 100000.0, "357": 100000.0, "358": 100000.0, "359": 100000.0, "360": 100000.0, "361": 100000.0, "362": 100000.0, "363": 100000.0, "364": 100000.0, "365": 100000.0, "366": 100000.0, "367": 100000.0, "368": 100000.0, "369": 100000.0, "370": 100000.0, "371": 100000.0, "372": 100000.0, "373": 100000.0, "374": 100000.0, "375": 100000.0, "376": 100000.0, "377": 100000.0, "378": 100000.0, "379": 100000.0, "380": 100000.0, "381": 100000.0, "382": 100000.0, "383": 100000.0, "384": 100000.0, "385": 100000.0, "386": 200.64692248972236, "387": 75.4875019093825, "388": 60.47112894339142, "389": 55.325793627466254, "390": 35.52282484442963, "391": 21.147829146015994, "392": 17.003476942600635, "393": 12.923833387548697, "394": 11.99361407537037, "395": 12.415888780178205, "396": 10.38078098185194, "397": 7.933508828213378, "398": 7.3544936127988, "399": 6.065582477198893, "400": 5.190631791330235, "401": 5.2409388655777915, "402": 5.152186238096397, "403": 4.829042111934626, "404": 4.058563940751096, "405": 3.4611725490056164, "406": 2.8011066926773247, "407": 2.8354102832784855, "408": 3.177473872845447, "409": 3.1594593360307077, "410": 2.4109919849767216, "411": 2.7300533972959298, "412": 1.9992733092809718, "413": 1.3564904578473607}}