{"type": "scs+c", "calc_mask": [["ndi", {"band_1": 850, "band_2": 660, "min": 0.1, "max": 1.0}], ["ancillary", {"name": "slope", "min": 0.08726646259971647, "max": "+inf"}], ["ancillary", {"name": "cosine_i", "min": 0.12, "max": "+inf"}], ["cloud", {"method": "zhai_2018", "cloud": true, "shadow": false, "T1": 2.5, "t2": 0.5, "t3": 0.3333333333333333, "t4": 0.6666666666666666, "T7": 15, "T8": 15}], ["cloud", {"method": "zhai_2018", "cloud": false, "shadow": true, "T1": 2.5, "t2": 0.5, "t3": 0.3333333333333333, "t4": 0.6666666666666666, "T7": 15, "T8": 15}]], "apply_mask": [["ndi", {"band_1": 850, "band_2": 660, "min": 0.1, "max": 1.0}], ["ancillary", {"name": "slope", "min": 0.08726646259971647, "max": "+inf"}], ["ancillary", {"name": "cosine_i", "min": 0.12, "max": "+inf"}]], "c_fit_type": "nnls", "coeffs": {"4": 4.5061836308724, "5": 2.8380134426402885, "6": 3.7890366092967835, "7": 2.3149181083734423, "8": 2.031959784628174, "9": 1.7604567317907736, "10": 1.9875846400067052, "11": 1.8662467463327537, "12": 1.955103170441789, "13": 1.9541640905051667, "14": 1.7638412783187654, "15": 1.7421957142634135, "16": 1.6515184089354973, "17": 1.4522752409664448, "18": 1.425193452165853, "19": 1.4670319759497743, "20": 1.5076024147884428, "21": 1.4603816353511223, "22": 1.481644887639937, "23": 1.6055149874030832, "24": 1.904969911795516, "25": 2.3731169085350037, "26": 3.455152921694772, "27": 6.014689795035419, "28": 12.701180389620125, "29": 79.49793701110463, "30": 100000.0, "31": 100000.0, "32": 100000.0, "33": 100000.0, "34": 100000.0, "35": 100000.0, "36": 100000.0, "37": 100000.0, "38": 95.4057046242791, "39": 22.538514389762753, "40": 14.892364499653246, "41": 10.788257348381679, "42": 8.74875988812076, "43": 8.023252741734872, "44": 7.541849098805073, "45": 6.628179104957919, "46": 5.468548284140381, "47": 4.667105701405428, "48": 4.119590800688279, "49": 3.8551838510310765, "50": 3.705764442165973, "51": 3.458982665114118, "52": 2.959135521474882, "53": 2.4243682197460514, "54": 2.1080104175114047, "55": 1.8735693076226183, "56": 1.6516671520660913, "57": 1.433125243942664, "58": 1.2896863294049286, "59": 1.1027603345861736, "60": 1.6374215391949287, "61": 2.018292301097854, "62": 4.301901127342247, "63": 28.445031452177364, "64": 100000.0, "65": 100000.0, "66": 100000.0, "67": 100000.0, "68": 100000.0, "69": 100000.0, "70": 100000.0, "71": 100000.0, "72": 100000.0, "73": 100000.0, "74": 100000.0, "75": 100000.0, "76": 100000.0, "77": 100000.0, "78": 100000.0, "79": 100000.0, "80": 100000.0, "81": 100000.0, "82": 100000.0, "83": 100000.0, "84": 100000.0, "85": 100000.0, "86": 100000.0, "87": 100000.0, "88": 100000.0, "89": 100000.0, "90": 100000.0, "91": 100000.0, "92": 100000.0, "93": 100000.0, "94": 100000.0, "95": 100000.0, "96": 100000.0, "97": 100000.0, "98": 100000.0, "99": 100000.0, "100": 100000.0, "101": 100000.0, "102": 100000.0, "103": 100000.0, "104": 100000.0, "105": 100000.0, "106": 100000.0, "107": 100000.0, "108": 100000.0, "109": 100000.0, "110": 100000.0, "111": 100000.0, "112": 100000.0, "113": 100000.0, "114": 100000.0, "115": 100000.0, "116": 100000.0, "117": 100000.0, "118": 100000.0, "119": 100000.0, "120": 100000.0, "121": 100000.0, "122": 100000.0, "123": 100000.0, "124": 100000.0, "125": 100000.0, "126": 100000.0, "127": 100000.0, "128": 100000.0, "129": 100000.0, "130": 100000.0, "131": 100000.0, "132": 100000.0, "133": 100000.0, "134": 100000.0, "135": 100000.0, "136": 100000.0, "137": 100000.0, "138": 100000.0, "139": 100000.0, "140": 100000.0, "141": 100000.0, "142": 100000.0, "143": 100000.0, "144": 100000.0, "145": 100000.0, "146": 100000.0, "147": 100000.0, "148": 100000.0, "149": 100000.0, "150": 100000.0, "151": 100000.0, "152": 100000.0, "153": 100000.0, "154": 100000.0, "155": 100000.0, "156": 100000.0, "157": 100000.0, "158": 100000.0, "159": 100000.0, "160": 100000.0, "161": 100000.0, "162": 100000.0, "163": 100000.0, "164": 100000.0, "165": 100000.0, "166": 100000.0, "167": 100000.0, "168": 100000.0, "169": 100000.0, "170": 100000.0, "171": 100000.0, "172": 100000.0, "173": 100000.0, "174": 100000.0, "175": 100000.0, "176": 100000.0, "177": 100000.0, "178": 100000.0, "179": 100000.0, "180": 100000.0, "181": 100000.0, "182": 100000.0, "183": 100000.0, "184": 100000.0, "185": 100000.0, "186": 100000.0, "187": 100000.0, "188": 100000.0, "189": 100000.0, "190": 100000.0, "210": 2.003815170852056, "211": 1.9113745914376323, "212": 2.10201567324683, "213": 2.6082642176227764, "214": 2.988790431521971, "215": 3.5291122815540867, "216": 3.3538327218822883, "217": 2.6600002325062944, "218": 2.978015322714047, "219": 3.3115227000345886, "220": 4.075339647719147, "221": 5.138414860815358, "222": 7.0098758412265845, "223": 9.476953797194467, "224": 11.492648147676736, "225": 15.659287462470813, "226": 20.66678129806734, "227": 28.306565207170895, "228": 53.56911325570209, "229": 110.74283054219575, "230": 100000.0, "231": 100000.0, "232": 100000.0, "233": 100000.0, "234": 100000.0, "235": 100000.0, "236": 100000.0, "237": 100000.0, "238": 100000.0, "239": 100000.0, "240": 100000.0, "241": 100000.0, "242": 100000.0, "243": 100000.0, "244": 100000.0, "245": 100000.0, "246": 100000.0, "247": 100000.0, "248": 100000.0, "249": 100000.0, "250": 100000.0, "251": 100000.0, "252": 100000.0, "253": 100000.0, "254": 100000.0, "255": 100000.0, "256": 100000.0, "257": 100000.0, "258": 100000.0, "259": 100000.0, "260": 100000.0, "261": 100000.0, "262": 100000.0, "263": 100000.0, "264": 100000.0, "265": 100000.0, "266": 100000.0, "267": 100000.0, "268": 100000.0, "269": 100000.0, "270": 100000.0, "271": 100000.0, "272": 100000.0, "273": 100000.0, "274": 100000.0, "275": 100000.0, "276": 100000.0, "277": 100000.0, "278": 100000.0, "279": 100000.0, "280": 100000.0, "281": 100000.0, "282": 81.62381768843827, "283": 42.204749315494794, "316": 0.5951981864689359, "317": 0.8227994628902833, "318": 0.9093578334165312, "319": 1.0082085094467401, "320": 1.1123511263397212, "321": 1.159421626957202, "322": 1.207164930719721, "323": 1.014233071134684, "324": 0.8035257220161485, "325": 1.1623091551962985, "326": 1.1742872075092048, "327": 1.5123867550370975, "328": 1.8758555852094814, "329": 2.078052269469783, "330": 2.3107552054316396, "331": 2.4432691590585724, "332": 2.5839229664338697, "333": 2.6501900911518734, "334": 2.6739063509696934, "335": 2.9503970852350823, "336": 3.1114308939250668, "337": 3.4013460776729594, "338": 3.8060568358525337, "339": 4.167114839353683, "340": 4.4449618198227006, "341": 4.767785180554014, "342": 5.042929007070144, "343": 5.222343371553354, "344": 5.65769535732545, "345": 5.986867789893335, "346": 6.224423656021431, "347": 6.403099841316175, "348": 6.741377260063941, "349": 7.108507518291831, "350": 7.499505023404762, "351": 7.810958785162657, "352": 8.152601699525249, "353": 8.16290367480742, "354": 8.417513641485478, "355": 8.922709770216619, "356": 9.135079105208861, "357": 9.826408203989295, "358": 10.110405185511478, "359": 10.560515072177742, "360": 10.45029466031718, "361": 11.638906167287715, "362": 12.102132497302767, "363": 12.160980384513893, "364": 13.229141580539393, "365": 14.398026848434945, "366": 14.593297965353706, "367": 15.052716644966983, "368": 15.132884171289618, "369": 15.45224901412804, "370": 15.34546777188506, "371": 15.153985055056852, "372": 14.62191121985082, "373": 14.201750170830481, "374": 13.54281660512314, "375": 12.764830348436382, "376": 11.987663897527177, "377": 11.201886574682062, "378": 10.60605836022259, "379": 9.88534451650342, "380": 9.130202392495436, "381": 8.363080390169516, "382": 7.615777762244574, "383": 7.258858171396326, "384": 6.964460350653523, "385": 6.721182367360512, "386": 6.325946764669122, "387": 5.844338477189282, "388": 5.775032968495521, "389": 5.707566386138508, "390": 5.294677199914427, "391": 4.614319132587187, "392": 4.3625573688697745, "393": 3.866137383345574, "394": 3.814147575255719, "395": 3.8724294282373535, "396": 3.5655249290956474,