{"type": "scs+c", "calc_mask": [["ndi", {"band_1": 850, "band_2": 660, "min": 0.1, "max": 1.0}], ["ancillary", {"name": "slope", "min": 0.08726646259971647, "max": "+inf"}], ["ancillary", {"name": "cosine_i", "min": 0.12, "max": "+inf"}], ["cloud", {"method": "zhai_2018", "cloud": true, "shadow": false, "T1": 2.5, "t2": 0.5, "t3": 0.3333333333333333, "t4": 0.6666666666666666, "T7": 15, "T8": 15}], ["cloud", {"method": "zhai_2018", "cloud": false, "shadow": true, "T1": 2.5, "t2": 0.5, "t3": 0.3333333333333333, "t4": 0.6666666666666666, "T7": 15, "T8": 15}]], "apply_mask": [["ndi", {"band_1": 850, "band_2": 660, "min": 0.1, "max": 1.0}], ["ancillary", {"name": "slope", "min": 0.08726646259971647, "max": "+inf"}], ["ancillary", {"name": "cosine_i", "min": 0.12, "max": "+inf"}]], "c_fit_type": "nnls", "coeffs": {"4": 13.398734087150107, "5": 5.982351693742406, "6": 8.706555725138353, "7": 4.091423215882046, "8": 3.3367181146021703, "9": 2.722761000736474, "10": 2.999830777452182, "11": 2.636714583106272, "12": 2.644738381779813, "13": 2.5364201526629335, "14": 2.195010967022735, "15": 2.1064310154633428, "16": 1.9336400868946801, "17": 1.6481709262973265, "18": 1.5753502428232256, "19": 1.585271035474929, "20": 1.598047376724346, "21": 1.5179450324539807, "22": 1.5038196280016969, "23": 1.6103181503942778, "24": 1.915558175543229, "25": 2.4492717371897537, "26": 3.8280441733990274, "27": 8.30209575516366, "28": 49.52892716986983, "29": 100000.0, "30": 100000.0, "31": 100000.0, "32": 100000.0, "33": 100000.0, "34": 100000.0, "35": 100000.0, "36": 100000.0, "37": 100000.0, "38": 100000.0, "39": 100000.0, "40": 31.840574455057624, "41": 15.403076246763659, "42": 10.546342613099233, "43": 9.083430222292767, "44": 8.155218855075372, "45": 6.678255510503018, "46": 5.122107341402055, "47": 4.138416394060897, "48": 3.5102289339333286, "49": 3.2202988244805355, "50": 3.047537548392917, "51": 2.7542263972768515, "52": 2.259045977106122, "53": 1.7691587574207397, "54": 1.4872512712992532, "55": 1.286367304205607, "56": 1.0925671185858632, "57": 0.9151529345720402, "58": 0.8021797899682476, "59": 0.6512912315217514, "60": 1.048541695669299, "61": 1.3560689938343855, "62": 3.175618023185754, "63": 33.38958642987687, "64": 100000.0, "65": 100000.0, "66": 100000.0, "67": 100000.0, "68": 100000.0, "69": 100000.0, "70": 100000.0, "71": 100000.0, "72": 100000.0, "73": 100000.0, "74": 100000.0, "75": 100000.0, "76": 100000.0, "77": 100000.0, "78": 100000.0, "79": 100000.0, "80": 100000.0, "81": 100000.0, "82": 100000.0, "83": 100000.0, "84": 100000.0, "85": 100000.0, "86": 100000.0, "87": 100000.0, "88": 100000.0, "89": 100000.0, "90": 100000.0, "91": 100000.0, "92": 100000.0, "93": 100000.0, "94": 100000.0, "95": 100000.0, "96": 100000.0, "97": 100000.0, "98": 100000.0, "99": 100000.0, "100": 100000.0, "101": 100000.0, "102": 100000.0, "103": 100000.0, "104": 100000.0, "105": 100000.0, "106": 100000.0, "107": 100000.0, "108": 100000.0, "109": 100000.0, "110": 100000.0, "111": 100000.0, "112": 100000.0, "113": 100000.0, "114": 100000.0, "115": 100000.0, "116": 100000.0, "117": 100000.0, "118": 100000.0, "119": 100000.0, "120": 100000.0, "121": 100000.0, "122": 100000.0, "123": 100000.0, "124": 100000.0, "125": 100000.0, "126": 100000.0, "127": 100000.0, "128": 100000.0, "129": 100000.0, "130": 100000.0, "131": 100000.0, "132": 100000.0, "133": 100000.0, "134": 100000.0, "135": 100000.0, "136": 100000.0, "137": 100000.0, "138": 100000.0, "139": 100000.0, "140": 100000.0, "141": 100000.0, "142": 100000.0, "143": 100000.0, "144": 100000.0, "145": 100000.0, "146": 100000.0, "147": 100000.0, "148": 100000.0, "149": 100000.0, "150": 100000.0, "151": 100000.0, "152": 100000.0, "153": 100000.0, "154": 100000.0, "155": 100000.0, "156": 100000.0, "157": 100000.0, "158": 100000.0, "159": 100000.0, "160": 100000.0, "161": 100000.0, "162": 100000.0, "163": 100000.0, "164": 100000.0, "165": 100000.0, "166": 100000.0, "167": 100000.0, "168": 100000.0, "169": 100000.0, "170": 100000.0, "171": 100000.0, "172": 100000.0, "173": 100000.0, "174": 100000.0, "175": 100000.0, "176": 100000.0, "177": 100000.0, "178": 100000.0, "179": 100000.0, "180": 100000.0, "181": 100000.0, "182": 100000.0, "183": 100000.0, "184": 100000.0, "185": 100000.0, "186": 100000.0, "187": 100000.0, "188": 100000.0, "189": 100000.0, "190": 100000.0, "210": 1.4906247610152132, "211": 1.3908980397491988, "212": 1.5388322040779534, "213": 1.924551909790106, "214": 2.2830439434623684, "215": 2.74378530891255, "216": 2.6243526596351656, "217": 2.0681523680796214, "218": 2.3598409743124202, "219": 2.6991913883328214, "220": 3.3938440588001098, "221": 4.436966763006237, "222": 6.459341415682998, "223": 9.491557551820128, "224": 12.370793607594923, "225": 19.48838456957089, "226": 31.81414991050036, "227": 68.1198749578839, "228": 100000.0, "229": 100000.0, "230": 100000.0, "231": 100000.0, "232": 100000.0, "233": 100000.0, "234": 100000.0, "235": 100000.0, "236": 100000.0, "237": 100000.0, "238": 100000.0, "239": 100000.0, "240": 100000.0, "241": 100000.0, "242": 100000.0, "243": 100000.0, "244": 100000.0, "245": 100000.0, "246": 100000.0, "247": 100000.0, "248": 100000.0, "249": 100000.0, "250": 100000.0, "251": 100000.0, "252": 100000.0, "253": 100000.0, "254": 100000.0, "255": 100000.0, "256": 100000.0, "257": 100000.0, "258": 100000.0, "259": 100000.0, "260": 100000.0, "261": 100000.0, "262": 100000.0, "263": 100000.0, "264": 100000.0, "265": 100000.0, "266": 100000.0, "267": 100000.0, "268": 100000.0, "269": 100000.0, "270": 100000.0, "271": 100000.0, "272": 100000.0, "273": 100000.0, "274": 100000.0, "275": 100000.0, "276": 100000.0, "277": 100000.0, "278": 100000.0, "279": 100000.0, "280": 100000.0, "281": 100000.0, "282": 197.10859000934315, "283": 44.87999111423101, "316": 0.29551245015049676, "317": 0.45546221314104607, "318": 0.5180753517709118, "319": 0.5905996156857152, "320": 0.6661220425115131, "321": 0.7116438829788856, "322": 0.7486713474026446, "323": 0.6446385629231774, "324": 0.5393130340246007, "325": 0.7796790168970807, "326": 0.8089593748877096, "327": 1.049257087037074, "328": 1.3072020232717816, "329": 1.4582645363509712, "330": 1.641174893758694, "331": 1.7600239268300886, "332": 1.8769174550644971, "333": 1.9706456381974704, "334": 2.0441417474613885, "335": 2.2325536390834197, "336": 2.4005758685541485, "337": 2.64169079238667, "338": 2.965160114017284, "339": 3.2584632008701973, "340": 3.5240522284689995, "341": 3.809465026599577, "342": 4.053712675360426, "343": 4.223914549118602, "344": 4.612369028513538, "345": 4.932441584358042, "346": 5.155013437778972, "347": 5.325513626574942, "348": 5.640702315063142, "349": 5.990857242786243, "350": 6.375649320525771, "351": 6.6873224707992, "352": 7.030983121197507, "353": 7.04673475048489, "354": 7.24069008263373, "355": 7.782579250509535, "356": 8.03998976729451, "357": 8.693542395507615, "358": 8.999605195629721, "359": 9.478559178043499, "360": 9.378136432525633, "361": 10.528078195413304, "362": 11.193006336042389, "363": 11.357114460724278, "364": 12.534002260972974, "365": 13.82512596003049, "366": 14.12498778657995, "367": 14.527956684694447, "368": 14.671159729846492, "369": 15.069272653600814, "370": 14.996461965110525, "371": 14.86257824110318, "372": 14.310860602268896, "373": 13.947794794714762, "374": 13.243474249701636, "375": 12.341949086345734, "376": 11.435919530876289, "377": 10.541132929720801, "378": 9.85328433810362, "379": 8.984943804347784, "380": 8.172264875455896, "381": 7.383608958053469, "382": 6.626884359161449, "383": 6.2973638590035845, "384": 5.994188742522499, "385": 5.678175764695404, "386": 5.347442357734823, "387": 4.941198827116125, "388": 4.79030634752696, "389": 4.730655291637921, "390": 4.3582323238394585, "391": 3.768885167602778, "392": 3.4947856913931674, "393": 3.094956390381615, "394": 2.9940848454889415, "395": 3.0137507094823994, "396": 2.749947272675838, "397": 2.3769160350113654,