{"type": "scs+c", "calc_mask": [["ndi", {"band_1": 850, "band_2": 660, "min": 0.1, "max": 1.0}], ["ancillary", {"name": "slope", "min": 0.08726646259971647, "max": "+inf"}], ["ancillary", {"name": "cosine_i", "min": 0.12, "max": "+inf"}], ["cloud", {"method": "zhai_2018", "cloud": true, "shadow": false, "T1": 2.5, "t2": 0.5, "t3": 0.3333333333333333, "t4": 0.6666666666666666, "T7": 15, "T8": 15}], ["cloud", {"method": "zhai_2018", "cloud": false, "shadow": true, "T1": 2.5, "t2": 0.5, "t3": 0.3333333333333333, "t4": 0.6666666666666666, "T7": 15, "T8": 15}]], "apply_mask": [["ndi", {"band_1": 850, "band_2": 660, "min": 0.1, "max": 1.0}], ["ancillary", {"name": "slope", "min": 0.08726646259971647, "max": "+inf"}], ["ancillary", {"name": "cosine_i", "min": 0.12, "max": "+inf"}]], "c_fit_type": "nnls", "coeffs": {"4": 127.13987819134655, "5": 40.13931490067289, "6": 32.37727628221814, "7": 19.480091878201474, "8": 15.392223825874613, "9": 12.951181999799607, "10": 12.044296025244138, "11": 10.620460432340419, "12": 9.84547322328203, "13": 9.225619043801954, "14": 8.531039624734486, "15": 8.25747418563074, "16": 7.916822366598823, "17": 7.523545176199707, "18": 7.332196001486692, "19": 7.160938154417035, "20": 7.097710265970444, "21": 6.974665706374846, "22": 6.806759966214173, "23": 6.743940436182121, "24": 6.806586609037462, "25": 6.9941189301696305, "26": 7.6384943953638444, "27": 8.679131301556374, "28": 9.711823351820508, "29": 11.119645829879058, "30": 12.503444514147997, "31": 13.821644394844482, "32": 14.57613170968062, "33": 15.011402288167645, "34": 15.404765935945312, "35": 15.044557129251206, "36": 13.574261594743147, "37": 11.302042498241482, "38": 9.784726529668216, "39": 8.72022854804117, "40": 8.331269688279999, "41": 7.70691747425781, "42": 7.131739412299851, "43": 7.086561298631232, "44": 7.1238683686868445, "45": 6.921779358586926, "46": 6.577138230738192, "47": 6.278496761698636, "48": 6.000698565648395, "49": 5.738622600034864, "50": 5.726864289903637, "51": 5.790524831534255, "52": 5.614972222588664, "53": 5.195328441239987, "54": 4.9457229202363955, "55": 4.749296190589494, "56": 4.489817309347653, "57": 4.199078480767248, "58": 3.990473542169869, "59": 3.666102239723354, "60": 4.056799524586781, "61": 3.8915301526995743, "62": 5.107392638937916, "63": 8.171963453067868, "64": 14.43208114537621, "65": 42.44016412488432, "66": 100000.0, "67": 100000.0, "68": 100000.0, "69": 100000.0, "70": 100000.0, "71": 100000.0, "72": 100000.0, "73": 100000.0, "74": 100000.0, "75": 100000.0, "76": 100000.0, "77": 100000.0, "78": 100000.0, "79": 100000.0, "80": 100000.0, "81": 100000.0, "82": 100000.0, "83": 100000.0, "84": 100000.0, "85": 100000.0, "86": 100000.0, "87": 100000.0, "88": 100000.0, "89": 100000.0, "90": 100000.0, "91": 100000.0, "92": 100000.0, "93": 100000.0, "94": 100000.0, "95": 100000.0, "96": 100000.0, "97": 100000.0, "98": 100000.0, "99": 100000.0, "100": 100000.0, "101": 100000.0, "102": 100000.0, "103": 100000.0, "104": 100000.0, "105": 100000.0, "106": 100000.0, "107": 100000.0, "108": 100000.0, "109": 100000.0, "110": 100000.0, "111": 100000.0, "112": 100000.0, "113": 100000.0, "114": 100000.0, "115": 100000.0, "116": 100000.0, "117": 100000.0, "118": 100000.0, "119": 100000.0, "120": 100000.0, "121": 100000.0, "122": 100000.0, "123": 100000.0, "124": 100000.0, "125": 100000.0, "126": 100000.0, "127": 100000.0, "128": 100000.0, "129": 100000.0, "130": 100000.0, "131": 100000.0, "132": 100000.0, "133": 100000.0, "134": 100000.0, "135": 100000.0, "136": 100000.0, "137": 100000.0, "138": 100000.0, "139": 100000.0, "140": 100000.0, "141": 100000.0, "142": 100000.0, "143": 100000.0, "144": 100000.0, "145": 100000.0, "146": 100000.0, "147": 58.79234979587158, "148": 19.634745517127428, "149": 18.415566822030826, "150": 24.312042441500967, "151": 34.93188209097158, "152": 22.935644520005553, "153": 14.081899499528568, "154": 16.643010443185617, "155": 28.567090327217528, "156": 64.80854063476372, "157": 117.8300169668463, "158": 153.7614179873156, "159": 115.82401897174796, "160": 62.90350643074857, "161": 54.81202292066339, "162": 66.84772066350425, "163": 52.099765615294096, "164": 47.055386170309404, "165": 57.885789940000386, "166": 66.00534931682428, "167": 156.0274214221193, "168": 1105.3584999434831, "169": 100000.0, "170": 100000.0, "171": 100000.0, "172": 100000.0, "173": 100000.0, "174": 100000.0, "175": 100000.0, "176": 100000.0, "177": 100000.0, "178": 100000.0, "179": 100000.0, "180": 100000.0, "181": 100000.0, "182": 100000.0, "183": 100000.0, "184": 104.55180968489589, "185": 44.98253683919747, "186": 29.268188716054347, "187": 22.109992428736813, "188": 16.205201305487538, "189": 11.234669467625455, "190": 8.188663250736026, "210": 1.55099945369029, "211": 1.5444513782524563, "212": 1.5252359862078, "213": 1.6413657826976826, "214": 1.7167511822601296, "215": 1.797698315554023, "216": 1.769490261569433, "217": 1.624646824780199, "218": 1.7164552727419176, "219": 1.7451525336845408, "220": 1.8343107207476512, "221": 1.9745189785411272, "222": 2.147250405903785, "223": 2.307668654883533, "224": 2.379509362006435, "225": 2.498445101384083, "226": 2.5817913695397, "227": 2.6582757740425853, "228": 2.765324016948694, "229": 2.819580454398596, "230": 2.8951426236045052, "231": 2.957990010806771, "232": 3.0056673331707273, "233": 3.0701108280817855, "234": 3.1193899339248223, "235": 3.168570023093349, "236": 3.207693449305993, "237": 3.202872963336887, "238": 3.2028100766759944, "239": 3.2620686036094377, "240": 3.344718087060764, "241": 3.4156730003818447, "242": 3.463973134066912, "243": 3.467470472961211, "244": 3.467242890943033, "245": 3.525396745965555, "246": 3.617996230989333, "247": 3.725682608365546, "248": 3.7736601504581677, "249": 3.8054081323366837, "250": 3.8350029779619756, "251": 3.8683209669978886, "252": 3.888776646766605, "253": 3.919173643769545, "254": 3.938245361675121, "255": 3.945412667586272, "256": 3.899268657889418, "257": 3.884481690545705, "258": 3.890236010478141, "259": 3.864909861343307, "260": 3.830943640569285, "261": 3.7472531967013425, "262": 3.666208197616095, "263": 3.5818883373441484, "264": 3.501257657703302, "265": 3.3900615714734377, "266": 3.3426133756351293, "267": 3.306953311951901, "268": 3.1794689026096856, "269": 3.168766384877015, "270": 3.1075866382890296, "271": 3.0981579985797967, "272": 3.0574508558579985, "273": 3.012436463620353, "274": 2.967576388107845, "275": 2.9097268574582666, "276": 2.7939016063588413, "277": 2.7377877850989614, "278": 2.6328681827138576, "279": 2.5251857919008844, "280": 2.4326166483839238, "281": 2.422375125530005, "282": 2.143870650253688, "283": 2.1568136861030616, "316": 0.9589339167970827, "317": 1.037061575614877, "318": 1.0980341503197522, "319": 1.1609470850222705, "320": 1.2136994175506564, "321": 1.2360708407037229, "322": 1.244039139528388, "323": 1.1413770498066533, "324": 1.0711627672274457, "325": 1.1731065035175328, "326": 1.1776283543586656, "327": 1.281333858695545, "328": 1.410003845365436, "329": 1.4939014978001102, "330": 1.564030721075896, "331": 1.573223320276986, "332": 1.5804568093402407, "333": 1.5412740653096637, "334": 1.486888380044602, "335": 1.5330059231798931, "336": 1.5321217261606848, "337": 1.5447257866522508, "338": 1.5910595462001083, "339": 1.6398226358502603, "340": 1.6529490192721887, "341": 1.6735043399161122, "342": 1.6889685857202197, "343": 1.6916011463894096, "344": 1.7165721623470787, "345": 1.725786550494272, "346": 1.7330462312100974, "347": 1.7377812228028917, "348": 1.753959713378235, "349": 1.7731268010274852, "350": 1.7896905837273258, "351": 1.804720932749918, "352": 1.8201985420179176, "353": 1.8157754084672555, "354": 1.83596594229663, "355": 1.8584118180134088, "356": 1.8777980699327645, "357": 1.9101731253317378, "358": 1.9262630295623842, "359": 1.9484973343799683, "360": 1.9489781190058963, "361": 1.9957142987948489, "362": 2.0055476748059933, "363": 2.001103668911371,