{"type": "scs+c", "calc_mask": [["ndi", {"band_1": 850, "band_2": 660, "min": 0.1, "max": 1.0}], ["ancillary", {"name": "slope", "min": 0.08726646259971647, "max": "+inf"}], ["ancillary", {"name": "cosine_i", "min": 0.12, "max": "+inf"}], ["cloud", {"method": "zhai_2018", "cloud": true, "shadow": false, "T1": 2.5, "t2": 0.5, "t3": 0.3333333333333333, "t4": 0.6666666666666666, "T7": 15, "T8": 15}], ["cloud", {"method": "zhai_2018", "cloud": false, "shadow": true, "T1": 2.5, "t2": 0.5, "t3": 0.3333333333333333, "t4": 0.6666666666666666, "T7": 15, "T8": 15}]], "apply_mask": [["ndi", {"band_1": 850, "band_2": 660, "min": 0.1, "max": 1.0}], ["ancillary", {"name": "slope", "min": 0.08726646259971647, "max": "+inf"}], ["ancillary", {"name": "cosine_i", "min": 0.12, "max": "+inf"}]], "c_fit_type": "nnls", "coeffs": {"4": 100000.0, "5": 100000.0, "6": 100000.0, "7": 100000.0, "8": 100000.0, "9": 100000.0, "10": 100000.0, "11": 77.93256050488819, "12": 44.30705616890977, "13": 30.5816845753282, "14": 22.998641506124624, "15": 19.975169952921924, "16": 17.48214222627893, "17": 15.285796418511628, "18": 14.164559328040612, "19": 13.229688616355403, "20": 12.832852743273584, "21": 12.214173969925849, "22": 11.623188601257269, "23": 11.268134439100017, "24": 11.23865309618506, "25": 11.579672830245727, "26": 13.316621417114668, "27": 16.5166307502623, "28": 20.731355410204063, "29": 27.321349345903847, "30": 35.89716629984674, "31": 45.228955578561035, "32": 49.55660834342424, "33": 51.0561542617149, "34": 51.174009257367096, "35": 44.148410342057566, "36": 32.20296317925533, "37": 22.923300340369494, "38": 16.95094966843758, "39": 13.80802875999833, "40": 12.758890423737586, "41": 11.26524640965415, "42": 10.033490657437591, "43": 9.862630842171988, "44": 9.85431606895378, "45": 9.409011121110314, "46": 8.723419351458071, "47": 8.157034935453677, "48": 7.658292285213402, "49": 7.189927288158527, "50": 7.157888825452572, "51": 7.218800129415672, "52": 6.864621865184081, "53": 6.17408039060544, "54": 5.788684872927464, "55": 5.509288234954046, "56": 5.144612409783359, "57": 4.753313928388972, "58": 4.486095132093477, "59": 4.271069035318494, "60": 4.576351070617814, "61": 4.341936436748959, "62": 6.125740614374999, "63": 12.237796238897353, "64": 39.80008032548765, "65": 100000.0, "66": 100000.0, "67": 100000.0, "68": 100000.0, "69": 100000.0, "70": 100000.0, "71": 100000.0, "72": 100000.0, "73": 100000.0, "74": 100000.0, "75": 100000.0, "76": 100000.0, "77": 100000.0, "78": 100000.0, "79": 100000.0, "80": 100000.0, "81": 100000.0, "82": 100000.0, "83": 100000.0, "84": 100000.0, "85": 100000.0, "86": 100000.0, "87": 100000.0, "88": 100000.0, "89": 100000.0, "90": 100000.0, "91": 100000.0, "92": 100000.0, "93": 100000.0, "94": 100000.0, "95": 100000.0, "96": 100000.0, "97": 100000.0, "98": 100000.0, "99": 100000.0, "100": 100000.0, "101": 100000.0, "102": 100000.0, "103": 100000.0, "104": 100000.0, "105": 100000.0, "106": 100000.0, "107": 100000.0, "108": 100000.0, "109": 100000.0, "110": 100000.0, "111": 100000.0, "112": 100000.0, "113": 100000.0, "114": 100000.0, "115": 100000.0, "116": 100000.0, "117": 100000.0, "118": 100000.0, "119": 100000.0, "120": 100000.0, "121": 100000.0, "122": 100000.0, "123": 100000.0, "124": 100000.0, "125": 100000.0, "126": 100000.0, "127": 100000.0, "128": 100000.0, "129": 100000.0, "130": 100000.0, "131": 100000.0, "132": 100000.0, "133": 100000.0, "134": 100000.0, "135": 100000.0, "136": 100000.0, "137": 100000.0, "138": 100000.0, "139": 100000.0, "140": 100000.0, "141": 100000.0, "142": 100000.0, "143": 100000.0, "144": 100000.0, "145": 100000.0, "146": 100000.0, "147": 232.38289859707476, "148": 33.19793513581404, "149": 38.33943257851249, "150": 51.80560711766892, "151": 206.7103214840612, "152": 41.94957072196633, "153": 24.564925664667513, "154": 31.489824094013173, "155": 113.34207888624502, "156": 100000.0, "157": 100000.0, "158": 100000.0, "159": 100000.0, "160": 100000.0, "161": 100000.0, "162": 100000.0, "163": 100000.0, "164": 100000.0, "165": 100000.0, "166": 100000.0, "167": 100000.0, "168": 100000.0, "169": 100000.0, "170": 100000.0, "171": 100000.0, "172": 100000.0, "173": 100000.0, "174": 100000.0, "175": 100000.0, "176": 100000.0, "177": 100000.0, "178": 100000.0, "179": 100000.0, "180": 100000.0, "181": 100000.0, "182": 100000.0, "183": 100000.0, "184": 100000.0, "185": 185.6123594991683, "186": 60.8283208227415, "187": 38.595719103920345, "188": 25.422536267550402, "189": 15.136839250513152, "190": 11.146703565607728, "210": 1.6328416776466659, "211": 1.6387775837170049, "212": 1.6268583428991779, "213": 1.7578357517130305, "214": 1.8801499956960173, "215": 1.9418837047748703, "216": 1.9005955422332357, "217": 1.73451965746076, "218": 1.8820434132399095, "219": 1.8931979040569462, "220": 2.004230348666531, "221": 2.1896553702582184, "222": 2.373888509510517, "223": 2.559360615440877, "224": 2.6480844650800295, "225": 2.8006003363428915, "226": 2.899729610981554, "227": 3.005143011123445, "228": 3.131200668675775, "229": 3.2090908019309508, "230": 3.3049387608831844, "231": 3.3863396355585333, "232": 3.459895469188903, "233": 3.549477945941949, "234": 3.621596787410325, "235": 3.6891633611571537, "236": 3.7469856858084647, "237": 3.7160914808907464, "238": 3.713282661990054, "239": 3.8131239331884172, "240": 3.941445173572087, "241": 4.041358906592891, "242": 4.106923064692188, "243": 4.074482590779975, "244": 4.066283521357264, "245": 4.139596052932256, "246": 4.276439700047594, "247": 4.420770051957068, "248": 4.488265030645787, "249": 4.511468877555648, "250": 4.545780274359734, "251": 4.573396216323159, "252": 4.602973258187957, "253": 4.640903465480113, "254": 4.678444380292634, "255": 4.69921393133292, "256": 4.618942121759573, "257": 4.620286776590346, "258": 4.633739027113708, "259": 4.599580752753943, "260": 4.563868906551922, "261": 4.452634955370961, "262": 4.360770166782887, "263": 4.259520676834661, "264": 4.156027367736804, "265": 4.023242304075283, "266": 3.964430521677939, "267": 3.900940296429059, "268": 3.7405824768947826, "269": 3.7161808308052877, "270": 3.6307311596346925, "271": 3.620385796754312, "272": 3.5583015399086197, "273": 3.5228865279741206, "274": 3.435407177220916, "275": 3.3713316549016827, "276": 3.2078838590465875, "277": 3.1471606841844286, "278": 2.9904987380149164, "279": 2.883829723250975, "280": 2.7493879233364367, "281": 2.7515883871595292, "282": 2.406626889151208, "283": 2.4021800812761356, "316": 0.9558210734698902, "317": 1.0328707813980171, "318": 1.1057881949142732, "319": 1.1714186374156679, "320": 1.2290117722739815, "321": 1.2495499136444062, "322": 1.24222427625137, "323": 1.083499075201329, "324": 1.0025660738711681, "325": 1.1218530767231982, "326": 1.1210072277438643, "327": 1.2660583692985066, "328": 1.422982984501802, "329": 1.5255672356500933, "330": 1.6086917758681325, "331": 1.617882863482455, "332": 1.6299790350193397, "333": 1.567734109148224, "334": 1.5090115256321208, "335": 1.5842511449503316, "336": 1.579054963264323, "337": 1.6040337617084583, "338": 1.6703146901364077, "339": 1.7396233518249573, "340": 1.7562544351519698, "341": 1.787951536343174, "342": 1.8140679740383403, "343": 1.8237264450110253, "344": 1.8571391211571346, "345": 1.8683331083384207, "346": 1.8789854155628578, "347": 1.8896010194309938, "348": 1.9084573247958754, "349": 1.9356693915762526, "350": 1.9513048038568626, "351": 1.9714878722916016, "352": 1.9877206594437415, "353": 1.9839719887838705, "354": 2.0146547558793837, "355": 2.037504829293066, "356": 2.060125423183643, "357": 2.1018623629623607, "358": 2.118330901869628, "359": 2.146788601925365, "360": 2.1485939425035454, "361": 2.2087895272506453, "362": 2.2122602281855355, "363": 2.2019626897930853, "364": 2.2403279825810247, "365": 2.2840317604542535, "366": 2.268980033068062, "367": 2.2692016992997255, "368": 2.2522489414319784, "369": 2.238503446794245, "370": 2.2098563363557466, "371": 2.1887522061379,