{"type": "scs+c", "calc_mask": [["ndi", {"band_1": 850, "band_2": 660, "min": 0.1, "max": 1.0}], ["ancillary", {"name": "slope", "min": 0.08726646259971647, "max": "+inf"}], ["ancillary", {"name": "cosine_i", "min": 0.12, "max": "+inf"}], ["cloud", {"method": "zhai_2018", "cloud": true, "shadow": false, "T1": 2.5, "t2": 0.5, "t3": 0.3333333333333333, "t4": 0.6666666666666666, "T7": 15, "T8": 15}], ["cloud", {"method": "zhai_2018", "cloud": false, "shadow": true, "T1": 2.5, "t2": 0.5, "t3": 0.3333333333333333, "t4": 0.6666666666666666, "T7": 15, "T8": 15}]], "apply_mask": [["ndi", {"band_1": 850, "band_2": 660, "min": 0.1, "max": 1.0}], ["ancillary", {"name": "slope", "min": 0.08726646259971647, "max": "+inf"}], ["ancillary", {"name": "cosine_i", "min": 0.12, "max": "+inf"}]], "c_fit_type": "nnls", "coeffs": {"4": 0.5365925682769441, "5": 0.5333903760837402, "6": 0.5529893110702652, "7": 0.5240440579022154, "8": 0.5077479890471197, "9": 0.4888213984811677, "10": 0.4954465214972774, "11": 0.49978834861990107, "12": 0.5064963702516069, "13": 0.506909762600819, "14": 0.5018672841936996, "15": 0.4936108626828262, "16": 0.48368993355783674, "17": 0.46723934885559176, "18": 0.4515423591324104, "19": 0.4382185738025877, "20": 0.4239094133650317, "21": 0.4050588715693353, "22": 0.39673080794527044, "23": 0.39802708064148984, "24": 0.4009446232548582, "25": 0.41597959578638677, "26": 0.4555647907538458, "27": 0.5059356637422667, "28": 0.5596440886792324, "29": 0.6225801633213867, "30": 0.6833416482918586, "31": 0.7288136497128301, "32": 0.7551038060970676, "33": 0.7757804275784751, "34": 0.7846329728418676, "35": 0.7630741831845853, "36": 0.7114995068281675, "37": 0.6201257942694133, "38": 0.5480745693356732, "39": 0.4896432037450439, "40": 0.44628249538912923, "41": 0.3975661337001437, "42": 0.34749393071893875, "43": 0.33834641421337736, "44": 0.33053202437669155, "45": 0.30542868756151825, "46": 0.2708513995936878, "47": 0.23636922857465195, "48": 0.21084447418610386, "49": 0.19023650866875624, "50": 0.17728351604864637, "51": 0.16418415014109297, "52": 0.14099020698095233, "53": 0.10315940077743542, "54": 0.07949315498742422, "55": 0.05710689837343833, "56": 0.031160023531833104, "57": 0.00305088702755669, "58": 0.0, "59": 0.0, "60": 0.0, "61": 0.0, "62": 0.04057034049518314, "63": 0.1559459002534847, "64": 0.3173106112724108, "65": 0.5319177398449951, "66": 0.7869509313704682, "67": 0.9104574142575157, "68": 1.2114211269354653, "69": 1.708223581303875, "70": 2.87708647094613, "71": 5.493240704510562, "72": 10.597936965995906, "73": 21.264972447686432, "74": 44.73994246241356, "75": 96.38019940315749, "76": 17.163057164703506, "77": 31.80478965839925, "78": 143.6317409074668, "79": 115.4546288779107, "80": 73.69415902635093, "81": 36.43831132808438, "82": 26.10515154474165, "83": 22.48739327342388, "84": 19.394437824617214, "85": 19.33461233203096, "86": 9.720062622345575, "87": 5.525609141026567, "88": 5.996389543566713, "89": 6.780659753097058, "90": 7.600671259315688, "91": 9.890597020858731, "92": 11.451653180898617, "93": 11.911884326673094, "94": 11.255693946015477, "95": 10.539461981232877, "96": 10.329455592667061, "97": 9.384900495971069, "98": 8.900129835050796, "99": 8.178964774105664, "100": 7.463063838676852, "101": 6.776129082523859, "102": 5.333732325498695, "103": 3.0535159706261172, "104": 2.8310382783164574, "105": 2.74375723628858, "106": 2.2663465004762937, "107": 2.312212327796235, "108": 2.7460858429428394, "109": 2.0118851766818473, "110": 0.7955594365496018, "111": 0.5731061837480294, "112": 0.7720752779936183, "113": 0.658211271782941, "114": 0.6828716727861539, "115": 0.7294449137913355, "116": 0.8241505464432062, "117": 1.0918749072321499, "118": 1.2409880813223202, "119": 1.1827482560377884, "120": 1.3554262524126508, "121": 1.5318789853446322, "122": 1.6043889539695295, "123": 1.6368699050358546, "124": 1.6431863750256521, "125": 1.6583969961742737, "126": 1.6985987638057705, "127": 1.740883354571366, "128": 1.775418842565319, "129": 1.828861583101618, "130": 1.8945006783069038, "131": 1.9444864351981572, "132": 1.9883212544266375, "133": 2.023185670413628, "134": 2.0552060087211013, "135": 2.0773254240648917, "136": 2.078433353919286, "137": 2.073782144448065, "138": 2.0395442075807537, "139": 1.985313930351747, "140": 1.9027596372147992, "141": 1.7935009938047621, "142": 1.6623354490786038, "143": 1.4250871133098526, "144": 1.1735956937542351, "145": 1.0023639313241561, "146": 0.741878431891262, "147": 0.31991036104420845, "148": 0.14160665232106492, "149": 0.0791488566047223, "150": 0.15409603428725702, "151": 0.20186760065528908, "152": 0.1730883204665042, "153": 0.044000851037573195, "154": 0.09181830756620259, "155": 0.1732583012556764, "156": 0.24968968584258466, "157": 0.2734700778129628, "158": 0.28089008825042727, "159": 0.2647748474784953, "160": 0.2313843231404628, "161": 0.21896702833180115, "162": 0.23504184100838926, "163": 0.21739099831213649, "164": 0.20904472637284918, "165": 0.22601026163863208, "166": 0.2270176579763454, "167": 0.2611761950104527, "168": 0.2805093311480449, "169": 0.30493129874312674, "170": 0.33047518585079216, "171": 0.34709605552463624, "172": 0.3554006249964466, "173": 0.3598766249898049, "174": 0.3617479084586431, "175": 0.36257637650761837, "176": 0.35746036222964434, "177": 0.347631135872729, "178": 0.3461168056007721, "179": 0.347554532202971, "180": 0.33784430557434203, "181": 0.31690269997262155, "182": 0.28963696775865155, "183": 0.24840232213946972, "184": 0.20129172310504484, "185": 0.1559193372112505, "186": 0.10310986862689053, "187": 0.06801757382836222, "188": 0.01936666446756729, "189": 0.0, "190": 0.0, "210": 0.0, "211": 0.0, "212": 0.0, "213": 0.0, "214": 0.0, "215": 0.0, "216": 0.0, "217": 0.0, "218": 0.0, "219": 0.0, "220": 0.0, "221": 0.0, "222": 0.0, "223": 0.0, "224": 0.0, "225": 0.0, "226": 0.0, "227": 0.0, "228": 0.0, "229": 0.0, "230": 0.0, "231": 0.0, "232": 0.0, "233": 0.0, "234": 0.0, "235": 0.0, "236": 0.0, "237": 0.0, "238": 0.0, "239": 0.0, "240": 0.0, "241": 0.0, "242": 0.0, "243": 0.0, "244": 0.0, "245": 0.0, "246": 0.0, "247": 0.0, "248": 0.0, "249": 0.0, "250": 0.0, "251": 0.0, "252": 0.0, "253": 0.0, "254": 0.0, "255": 0.0, "256": 0.0, "257": 0.0, "258": 0.0, "259": 0.0, "260": 0.0, "261": 0.0, "262": 0.0, "263": 0.0, "264": 0.0, "265": 0.0, "266": 0.0, "267": 0.0, "268": 0.0, "269": 0.0, "270": 0.0, "271": 0.0, "272": 0.0, "273": 0.0, "274": 0.0, "275": 0.0, "276": 0.0, "277": 0.0, "278": 0.0, "279": 0.0, "280": 0.0, "281": 0.0, "282": 0.0, "283": 0.0, "316": 0.0, "317": 0.0, "318": 0.0, "319": 0.0, "320": 0.0, "321": 0.0, "322": 0.0, "323": 0.0, "324": 0.0, "325": 0.0, "326": 0.0, "327": 0.0, "328": 0.0, "329": 0.0, "330": 0.0, "331": 0.0, "332": 0.0, "333": 0.0, "334": 0.0, "335": 0.0, "336": 0.0, "337": 0.0, "338": 0.0, "339": 0.0, "340": 0.0, "341": 0.0, "342": 0.0, "343": 0.0, "344": 0.0, "345": 0.0, "346": 0.0, "347": 0.0, "348": 0.0, "349": 0.0, "350": 0.0, "351": 0.0, "352": 0.0, "353": 0.0, "354": 0.0, "355": 0.0, "356": 0.0, "357": 0.0, "358": 0.0, "359": 0.0, "360": 0.0, "361": 0.0, "362": 0.0, "363": 0.0, "364": 0.0, "365": 0.0, "366": 0.0, "367": 0.0, "368": 0.0, "369": 0.0, "370": 0.0, "371": 0.0, "372": 0.0, "373": 0.0, "374": 0.0, "375": 0.0, "376": 0.0, "377": 0.0, "378": 0.0, "379": 0.0, "380": 0.0, "381": 0.0, "382": 0.0, "383": 0.0, "384": 0.0, "385": 0.0, "386": 0.0, "387": 0.0, "388": 0.0, "389": 0.0, "390": 0.0, "391": 0.0, "392": 0.0, "393": 0.0, "394": 0.0, "395": 0.0, "396": 0.0, "397": 0.0, "398": 0.0, "399": 0.0, "400": 0.0, "401": 0.0, "402": 0.0, "403": 0.0, "404": 0.0, "405": 0.0, "406": 0.0, "407": 0.0, "408": 0.0, "409": 0.0, "410": 0.0, "411": 0.0, "412": 0.0, "413": 0.0}}