{"type": "scs+c", "calc_mask": [["ndi", {"band_1": 850, "band_2": 660, "min": 0.1, "max": 1.0}], ["ancillary", {"name": "slope", "min": 0.08726646259971647, "max": "+inf"}], ["ancillary", {"name": "cosine_i", "min": 0.12, "max": "+inf"}], ["cloud", {"method": "zhai_2018", "cloud": true, "shadow": false, "T1": 2.5, "t2": 0.5, "t3": 0.3333333333333333, "t4": 0.6666666666666666, "T7": 15, "T8": 15}], ["cloud", {"method": "zhai_2018", "cloud": false, "shadow": true, "T1": 2.5, "t2": 0.5, "t3": 0.3333333333333333, "t4": 0.6666666666666666, "T7": 15, "T8": 15}]], "apply_mask": [["ndi", {"band_1": 850, "band_2": 660, "min": 0.1, "max": 1.0}], ["ancillary", {"name": "slope", "min": 0.08726646259971647, "max": "+inf"}], ["ancillary", {"name": "cosine_i", "min": 0.12, "max": "+inf"}]], "c_fit_type": "nnls", "coeffs": {"4": 100000.0, "5": 100000.0, "6": 100000.0, "7": 100000.0, "8": 100000.0, "9": 100000.0, "10": 100000.0, "11": 100000.0, "12": 100000.0, "13": 100000.0, "14": 100000.0, "15": 100000.0, "16": 191.49957906027575, "17": 86.36290106249801, "18": 56.818913983188445, "19": 43.449017851621726, "20": 38.96711099541079, "21": 33.84235852072083, "22": 28.80881987143516, "23": 27.452614872594264, "24": 27.85987798607225, "25": 30.179624956001646, "26": 42.2623970488763, "27": 81.5893217819919, "28": 324.80045376989426, "29": 100000.0, "30": 100000.0, "31": 100000.0, "32": 100000.0, "33": 405.95403078333356, "34": 154.73740367726666, "35": 79.52285808430202, "36": 45.510091531430554, "37": 25.097314120253515, "38": 19.259079487536063, "39": 16.12001579893259, "40": 14.918248484634908, "41": 13.440297898808076, "42": 11.629174524305705, "43": 11.995063399057788, "44": 12.386529983653961, "45": 12.253772705690558, "46": 11.873459045759404, "47": 11.428739068035911, "48": 11.167074742972584, "49": 10.745179228860474, "50": 10.950431968951237, "51": 11.441563145694209, "52": 11.179342012835198, "53": 10.388494843708807, "54": 10.228993011343906, "55": 10.321544554595738, "56": 10.301162495133905, "57": 9.875758438398213, "58": 9.72543627333766, "59": 10.388294346740068, "60": 10.895707854726426, "61": 10.118031280117474, "62": 13.032851211089564, "63": 21.1439748980523, "64": 37.742703206973886, "65": 267.73446405503097, "66": 100000.0, "67": 100000.0, "68": 100000.0, "69": 100000.0, "70": 100000.0, "71": 100000.0, "72": 100000.0, "73": 100000.0, "74": 100000.0, "75": 100000.0, "76": 100000.0, "77": 100000.0, "78": 100000.0, "79": 100000.0, "80": 100000.0, "81": 100000.0, "82": 100000.0, "83": 100000.0, "84": 100000.0, "85": 100000.0, "86": 100000.0, "87": 100000.0, "88": 100000.0, "89": 100000.0, "90": 100000.0, "91": 100000.0, "92": 100000.0, "93": 100000.0, "94": 100000.0, "95": 100000.0, "96": 100000.0, "97": 100000.0, "98": 100000.0, "99": 100000.0, "100": 100000.0, "101": 100000.0, "102": 100000.0, "103": 100000.0, "104": 100000.0, "105": 100000.0, "106": 100000.0, "107": 100000.0, "108": 100000.0, "109": 100000.0, "110": 100000.0, "111": 100000.0, "112": 100000.0, "113": 100000.0, "114": 100000.0, "115": 100000.0, "116": 100000.0, "117": 100000.0, "118": 100000.0, "119": 100000.0, "120": 100000.0, "121": 100000.0, "122": 100000.0, "123": 100000.0, "124": 100000.0, "125": 100000.0, "126": 100000.0, "127": 100000.0, "128": 100000.0, "129": 100000.0, "130": 100000.0, "131": 100000.0, "132": 100000.0, "133": 100000.0, "134": 100000.0, "135": 100000.0, "136": 100000.0, "137": 100000.0, "138": 100000.0, "139": 100000.0, "140": 100000.0, "141": 100000.0, "142": 100000.0, "143": 100000.0, "144": 100000.0, "145": 100000.0, "146": 100000.0, "147": 100000.0, "148": 100000.0, "149": 106.46797189593426, "150": 100000.0, "151": 100000.0, "152": 100000.0, "153": 40.61459439538763, "154": 100.98293782251329, "155": 100000.0, "156": 100000.0, "157": 100000.0, "158": 100000.0, "159": 100000.0, "160": 100000.0, "161": 100000.0, "162": 100000.0, "163": 100000.0, "164": 100000.0, "165": 100000.0, "166": 100000.0, "167": 100000.0, "168": 100000.0, "169": 100000.0, "170": 100000.0, "171": 100000.0, "172": 100000.0, "173": 100000.0, "174": 100000.0, "175": 100000.0, "176": 100000.0, "177": 100000.0, "178": 100000.0, "179": 100000.0, "180": 100000.0, "181": 100000.0, "182": 100000.0, "183": 100000.0, "184": 100000.0, "185": 100000.0, "186": 100000.0, "187": 100000.0, "188": 63.117601025058356, "189": 24.526851141708864, "190": 11.438559346900641, "210": 1.3761130980242176, "211": 1.3298912441769286, "212": 1.4232240065146162, "213": 1.7096589388174455, "214": 1.8024546650222233, "215": 2.082933245344953, "216": 2.063145965788332, "217": 1.744835354932063, "218": 1.898890502177547, "219": 2.031660913014908, "220": 2.23447007569116, "221": 2.496239134423771, "222": 2.969592207538873, "223": 3.3887981024809437, "224": 3.5687951526337773, "225": 3.8222778156332304, "226": 4.015367010316026, "227": 4.166889556066314, "228": 4.463172616107019, "229": 4.556123619182623, "230": 4.729283970691262, "231": 4.873423438951165, "232": 4.913036187374133, "233": 5.0761411755938735, "234": 5.14280385626771, "235": 5.217201597456306, "236": 5.278429365434953, "237": 5.19797068135388, "238": 5.18940863947263, "239": 5.251336802635593, "240": 5.433979514846008, "241": 5.601021209148119, "242": 5.659591831498799, "243": 5.638116153638234, "244": 5.576062108401744, "245": 5.663590146982478, "246": 5.868994432703424, "247": 6.157073101192646, "248": 6.218543194173208, "249": 6.2909618459672405, "250": 6.361007779936202, "251": 6.401658768705498, "252": 6.373397065346474, "253": 6.472872807702285, "254": 6.4739188682944935, "255": 6.469153100781, "256": 6.2942090032570714, "257": 6.133138741161717, "258": 6.086192764457489, "259": 5.951110505067054, "260": 5.828330521272944, "261": 5.668696903424665, "262": 5.500994201745768, "263": 5.357006213151203, "264": 5.249393909584108, "265": 5.019142257813061, "266": 4.908325902759091, "267": 4.890352650313597, "268": 4.550496569751828, "269": 4.590081818565718, "270": 4.425133956548457, "271": 4.354398550946662, "272": 4.353412151560325, "273": 4.2228448248658585, "274": 4.225582638669846, "275": 4.104081883103893, "276": 3.872181998832475, "277": 3.7058808658865674, "278": 3.500333474970222, "279": 3.2045590373747634, "280": 3.0204955466943044, "281": 2.931984741435499, "282": 2.299778955565215, "283": 2.3717994906369237, "316": 1.0241998756786326, "317": 1.2687836121791942, "318": 1.4035168720309765, "319": 1.5741654166210186, "320": 1.7060049208341148, "321": 1.73772832204651, "322": 1.7486791599140157, "323": 1.4060887620064004, "324": 1.123365665150111, "325": 1.3435585367639833, "326": 1.316993658147339, "327": 1.5036654348103207, "328": 1.8677078265326914, "329": 2.111473014173214, "330": 2.309152901447455, "331": 2.3123822901409126, "332": 2.2700513474208597, "333": 2.1293949505383303, "334": 1.9482028128618334, "335": 2.0460692781064838, "336": 2.025968406192965, "337": 2.02179303775197, "338": 2.130032738534339, "339": 2.2720716053116274, "340": 2.304726434691255, "341": 2.342178820947963, "342": 2.371423913901778, "343": 2.3637686094001644, "344": 2.421710437364845, "345": 2.43834453915348, "346": 2.4374205026543496, "347": 2.4205427485745434, "348": 2.446883102966811, "349": 2.475447859533592, "350": 2.521775405802948, "351": 2.5313359583883734, "352": 2.574551611465217, "353": 2.548240971012329, "354": 2.5747927155341648, "355": 2.6379521081801243, "356": 2.7041645864565744, "357": 2.774823334979597, "358": 2.845111094999155, "359": 2.933197091143212, "360": 2.9410216343793087, "361": 3.1096446196412697, "362": 3.183031069338614, "363": 3.1712926131825863, "364": 3.265211922701866, "365": 3.3311912089455786, "366": 3.25376562847995, "367": 3.1817039474445665, "368": 3.1096403729639697, "369": 3.0515815135881676, "370": 2.9563730252116223, "371": 2.863501984368458, "372": 2.7454516341186648, "373": 2.6560528625966273, "374": 2.532416413938057, "375": 2.412899758175191, "376": 2.3252411161027453, "377": 2.256311350286174,