{"type": "scs+c", "calc_mask": [["ndi", {"band_1": 850, "band_2": 660, "min": 0.1, "max": 1.0}], ["ancillary", {"name": "slope", "min": 0.08726646259971647, "max": "+inf"}], ["ancillary", {"name": "cosine_i", "min": 0.12, "max": "+inf"}], ["cloud", {"method": "zhai_2018", "cloud": true, "shadow": false, "T1": 2.5, "t2": 0.5, "t3": 0.3333333333333333, "t4": 0.6666666666666666, "T7": 15, "T8": 15}], ["cloud", {"method": "zhai_2018", "cloud": false, "shadow": true, "T1": 2.5, "t2": 0.5, "t3": 0.3333333333333333, "t4": 0.6666666666666666, "T7": 15, "T8": 15}]], "apply_mask": [["ndi", {"band_1": 850, "band_2": 660, "min": 0.1, "max": 1.0}], ["ancillary", {"name": "slope", "min": 0.08726646259971647, "max": "+inf"}], ["ancillary", {"name": "cosine_i", "min": 0.12, "max": "+inf"}]], "c_fit_type": "nnls", "coeffs": {"4": 7.472701030260525, "5": 5.835788326674908, "6": 5.193687480073348, "7": 4.333514813442206, "8": 3.893992574845384, "9": 3.585262829745215, "10": 3.5372158815933306, "11": 3.582563783516485, "12": 3.641179493707988, "13": 3.7400489062843265, "14": 3.7596852371476945, "15": 3.7638898888513705, "16": 3.68368298304281, "17": 3.553325274362207, "18": 3.419435848614281, "19": 3.273688060530124, "20": 3.094643589505195, "21": 2.893916878911307, "22": 2.801244236665664, "23": 2.831160475103924, "24": 2.9268321998218307, "25": 3.246341042482383, "26": 4.033079550399818, "27": 5.500643466165629, "28": 8.189819542327701, "29": 13.467301844522073, "30": 23.742372058513077, "31": 42.31669798668463, "32": 58.779102029895405, "33": 76.81291554544514, "34": 66.49229012361346, "35": 30.733412238651013, "36": 15.601389871939771, "37": 8.87777724101299, "38": 5.820100035285319, "39": 4.36258730360057, "40": 3.570898744894512, "41": 2.907991767382735, "42": 2.392528565574701, "43": 2.306231999541233, "44": 2.2405906226213794, "45": 2.030551044578733, "46": 1.774992691494741, "47": 1.5603818292180147, "48": 1.4171763897748904, "49": 1.3159104960169579, "50": 1.2596590727790922, "51": 1.1946638458246808, "52": 1.0823407506764393, "53": 0.9186718022839866, "54": 0.816986607492563, "55": 0.7344094175609017, "56": 0.6323243940499237, "57": 0.5309461262025398, "58": 0.4614398959998132, "59": 0.39531483889605246, "60": 0.4398768687268977, "61": 0.5104720870116594, "62": 0.7667136341766636, "63": 1.2967352654228155, "64": 2.3285958589960973, "65": 4.934404717495747, "66": 17.414644884397624, "67": 46.74936472903871, "68": 100000.0, "69": 100000.0, "70": 100000.0, "71": 100000.0, "72": 100000.0, "73": 100000.0, "74": 100000.0, "75": 100000.0, "76": 100000.0, "77": 100000.0, "78": 100000.0, "79": 100000.0, "80": 100000.0, "81": 100000.0, "82": 100000.0, "83": 100000.0, "84": 100000.0, "85": 100000.0, "86": 100000.0, "87": 100000.0, "88": 100000.0, "89": 100000.0, "90": 100000.0, "91": 100000.0, "92": 100000.0, "93": 100000.0, "94": 100000.0, "95": 100000.0, "96": 100000.0, "97": 100000.0, "98": 100000.0, "99": 100000.0, "100": 100000.0, "101": 100000.0, "102": 100000.0, "103": 100000.0, "104": 100000.0, "105": 100000.0, "106": 100000.0, "107": 100000.0, "108": 100000.0, "109": 100000.0, "110": 6.393473436151081, "111": 3.4161324689349857, "112": 7.043114842210671, "113": 4.571213118743193, "114": 5.169609586726377, "115": 6.493329991250195, "116": 11.467293636176164, "117": 100000.0, "118": 100000.0, "119": 100000.0, "120": 100000.0, "121": 100000.0, "122": 100000.0, "123": 100000.0, "124": 100000.0, "125": 100000.0, "126": 100000.0, "127": 100000.0, "128": 100000.0, "129": 100000.0, "130": 100000.0, "131": 100000.0, "132": 100000.0, "133": 100000.0, "134": 100000.0, "135": 100000.0, "136": 100000.0, "137": 100000.0, "138": 100000.0, "139": 100000.0, "140": 100000.0, "141": 100000.0, "142": 100000.0, "143": 100000.0, "144": 100000.0, "145": 150.51174801099287, "146": 6.294260712869696, "147": 1.343877814089126, "148": 0.6847944652427335, "149": 0.5420068489911909, "150": 0.7660100118588972, "151": 1.033255744297119, "152": 0.8488128921867639, "153": 0.48079177006314855, "154": 0.6351355764777747, "155": 0.9528728730565231, "156": 1.309579703255122, "157": 1.4452697199956552, "158": 1.483686408262451, "159": 1.4049468125930475, "160": 1.2396329098513956, "161": 1.185728317742909, "162": 1.2575535143469554, "163": 1.1594953126048573, "164": 1.1207390287515442, "165": 1.1968591775278694, "166": 1.2024366534429558, "167": 1.3661452776605063, "168": 1.4650357878340536, "169": 1.5989238102584358, "170": 1.7488730859886985, "171": 1.8484205439972718, "172": 1.9030856197643373, "173": 1.929198566445018, "174": 1.9378258021870856, "175": 1.9324309944755982, "176": 1.8916614069587236, "177": 1.834700460606271, "178": 1.8501925457579529, "179": 1.8508862826817765, "180": 1.8030512477372371, "181": 1.6737420405791852, "182": 1.5134876952141236, "183": 1.298389019814531, "184": 1.082821396557618, "185": 0.9092004549035242, "186": 0.6985346107287965, "187": 0.5887081527368454, "188": 0.4455048341648358, "189": 0.27463667122042396, "190": 0.10421094000215418, "210": 0.0, "211": 0.0, "212": 0.0, "213": 0.0, "214": 0.0, "215": 0.0, "216": 0.0, "217": 0.0, "218": 0.0, "219": 0.0, "220": 0.0, "221": 0.0, "222": 0.0, "223": 0.0, "224": 0.0, "225": 0.0, "226": 0.0, "227": 0.0, "228": 0.0, "229": 0.0, "230": 0.0, "231": 0.0, "232": 0.0, "233": 0.0, "234": 0.0, "235": 0.0, "236": 0.0, "237": 0.0, "238": 0.0, "239": 0.0, "240": 0.0, "241": 0.0, "242": 0.0, "243": 0.0, "244": 0.0, "245": 0.0, "246": 0.0, "247": 0.0, "248": 0.0, "249": 0.0, "250": 0.0, "251": 0.0, "252": 0.0, "253": 0.0, "254": 0.0, "255": 0.0, "256": 0.0, "257": 0.0, "258": 0.0, "259": 0.0, "260": 0.0, "261": 0.0, "262": 0.0, "263": 0.0, "264": 0.0, "265": 0.0, "266": 0.0, "267": 0.0, "268": 0.0, "269": 0.0, "270": 0.0, "271": 0.0, "272": 0.0, "273": 0.0, "274": 0.0, "275": 0.0, "276": 0.0, "277": 0.0, "278": 0.0, "279": 0.0, "280": 0.0, "281": 0.0, "282": 0.0, "283": 0.0, "316": 0.0, "317": 0.0, "318": 0.0, "319": 0.0, "320": 0.0, "321": 0.0, "322": 0.0, "323": 0.0, "324": 0.0, "325": 0.0, "326": 0.0, "327": 0.0, "328": 0.0, "329": 0.0, "330": 0.0, "331": 0.0, "332": 0.0, "333": 0.0, "334": 0.0, "335": 0.0, "336": 0.0, "337": 0.0, "338": 0.0, "339": 0.0, "340": 0.0, "341": 0.0, "342": 0.0, "343": 0.0, "344": 0.0, "345": 0.0, "346": 0.0, "347": 0.0, "348": 0.0, "349": 0.0, "350": 0.0, "351": 0.0, "352": 0.0, "353": 0.0, "354": 0.0, "355": 0.0, "356": 0.0, "357": 0.0, "358": 0.0, "359": 0.0, "360": 0.0, "361": 0.0, "362": 0.0, "363": 0.0, "364": 0.0, "365": 0.0, "366": 0.0, "367": 0.0, "368": 0.0, "369": 0.0, "370": 0.0, "371": 0.0, "372": 0.0, "373": 0.0, "374": 0.0, "375": 0.0, "376": 0.0, "377": 0.0, "378": 0.0, "379": 0.0, "380": 0.0, "381": 0.0, "382": 0.0, "383": 0.0, "384": 0.0, "385": 0.0, "386": 0.0, "387": 0.0, "388": 0.0, "389": 0.0, "390": 0.0, "391": 0.0, "392": 0.0, "393": 0.0, "394": 0.0, "395": 0.0, "396": 0.0, "397": 0.0, "398": 0.0, "399": 0.0, "400": 0.0, "401": 0.0, "402": 0.0, "403": 0.0, "404": 0.0, "405": 0.0, "406": 0.0, "407": 0.0, "408": 0.0, "409": 0.0, "410": 0.0, "411": 0.0, "412": 0.0, "413": 0.0}}